Year,Month,point_id,NDVI,NDMI,NDWI,EVI,LST,Rainfall,Rainfall_lag1,CHS_raw,CHS
2019,6,0,0.743909419,0.152572334,-0.671778679,0.480969301,32.13493759,62.19819191,73.93450904,1.059319504,0.722704662
2019,7,0,0.518622339,0.161243141,-0.404964805,0.481283422,24.08626907,394.8338165,62.19819191,0.127524154,0.629786806
2019,8,0,0.731208742,0.253154099,-0.62564522,0.599984328,24.79631068,253.6439495,394.8338165,1.850117559,0.801562386
2019,9,0,0.772564352,0.254706532,-0.652993023,0.471784464,23.36240638,205.8661423,253.6439495,1.648132003,0.781420554
2020,6,0,0.753093541,0.116773605,-0.654535592,0.470852825,28.93377947,78.84352794,205.8661423,1.02281466,0.71906443
2020,7,0,0.484937668,0.244113982,-0.375306308,0.519356393,26.26886269,228.0184461,78.84352794,0.293728281,0.646360543
2020,8,0,0.760815501,0.24630785,-0.638520539,0.538844872,24.38747573,520.5841732,228.0184461,1.741750289,0.790756092
2020,9,0,0.782712162,0.257622391,-0.697885215,0.404194795,26.74032594,83.81630287,520.5841732,1.737069961,0.790289374
2021,6,0,0.709613085,0.121341087,-0.648738086,0.443123001,28.62882802,74.23466873,83.81630287,0.795445993,0.696391416
2021,7,0,0.630720675,0.113505743,-0.599174619,0.442653277,25.59169209,516.4810629,74.23466873,0.59957214,0.676859038
2021,8,0,0.526595771,0.202933982,-0.422552675,0.460815553,23.64185853,186.1655922,516.4810629,0.527716446,0.669693648
2021,9,0,0.769450128,0.168370098,-0.636036038,0.416079295,23.4478294,447.6180191,186.1655922,1.195912287,0.736325581
2022,6,0,0.334896803,0.073117889,-0.472958654,0.215657847,32.0390846,91.77668595,447.6180191,-0.909614289,0.526364224
2022,8,0,0.445361197,0.191688746,-0.374597162,-0.710380757,24.33867545,233.4732475,91.77668595,-2.643048101,0.353507648
2022,9,0,0.550083816,0.170478776,-0.505915344,0.409344948,24.57382802,144.7479662,233.4732475,0.358118146,0.652781447
2023,6,0,0.427155614,0.110682607,-0.534363329,0.298197668,27.88492372,169.7137389,144.7479662,-0.377942673,0.579382075
2023,7,0,0.564668775,0.152869657,-0.577299416,0.456354471,25.24887656,548.7594948,169.7137389,0.635689226,0.680460604
2023,8,0,0.728314221,0.200066298,-0.64926374,0.504356511,23.09526352,249.1536341,548.7594948,1.62878364,0.779491152
2023,9,0,0.749097645,0.19293496,-0.698692262,0.428267484,24.59102635,263.0324593,249.1536341,1.396730827,0.756351038
2024,6,0,0.523809552,0.138095975,-0.582378089,0.401924365,31.7340846,44.09942606,263.0324593,0.26606612,0.643602096
2024,7,0,0.540625632,0.177959979,-0.46814549,0.512537753,25.76913084,350.6596432,44.09942606,0.408145765,0.657770159
2024,8,0,0.705857575,0.225367039,-0.623746514,0.624720275,24.23983819,394.3606567,350.6596432,1.759805259,0.792556518
2024,9,0,0.76549089,0.215895608,-0.684259057,0.513172303,24.31797503,218.1181574,394.3606567,1.746756116,0.791255269
2025,6,0,0.562588811,0.145299837,-0.570544779,0.4159809,27.31043689,77.91440899,218.1181574,0.411696632,0.658124249
2025,7,0,0.148268402,0.026732793,-0.142088264,0.262150785,23.37736939,512.2225146,77.91440899,-2.188661493,0.398818702
2025,8,0,0.74029088,0.199612603,-0.609338641,0.621203642,22.88570966,552.1624699,512.2225146,1.85627903,0.802176803
2025,9,0,0.672991097,0.148879096,-0.630677164,0.402510945,22.78432732,217.2377853,552.1624699,1.069364949,0.723706386
2019,7,1,0.317263275,0.071980841,-0.296646208,0.373348132,20.07596759,194.7893066,82.20323716,-1.078740705,0.509499079
2019,8,1,0.00489853,0.140920997,0.007601935,0.030224525,17.13771528,163.0332847,194.7893066,-2.90316676,0.327568832
2019,9,1,0.562018394,0.127511829,-0.450786829,0.369861482,17.32182639,154.9820423,163.0332847,0.072837502,0.624333499
2020,6,1,0.620688438,0.077311277,-0.625222027,0.355244622,21.75684028,79.30406846,154.9820423,0.33793448,0.650768749
2020,7,1,0.540340185,0.040200263,-0.506183386,0.432889517,20.72701389,110.8199299,79.30406846,-0.099137673,0.607184277
2020,8,1,0.299259841,0.068008482,-0.25074625,0.29087854,18.92665509,253.7707119,110.8199299,-1.377296022,0.479727391
2020,9,1,0.606856644,0.089410976,-0.601775825,0.49692909,20.14115278,56.84318066,253.7707119,0.682109556,0.6850896
2021,6,1,0.567567587,0.064916328,-0.536956072,0.437083289,21.94313194,76.60116005,56.84318066,0.088367238,0.625882111
2021,7,1,0.427705258,0.062474634,-0.398757041,0.299001164,18.81143056,277.2546973,76.60116005,-0.763456584,0.540938949
2021,8,1,0.321194679,0.180501774,-0.258653551,0.024370368,17.5716875,108.0224266,277.2546973,-1.431118481,0.474360261
2021,9,1,0.044271182,0.175042644,-0.038966615,0.396881769,15.91911806,255.6221275,108.0224266,-1.806714139,0.436906174
2022,6,1,0.477734536,0.01587791,-0.499780595,0.361786777,23.44509722,84.94037843,255.6221275,-0.417409246,0.575446501
2022,7,1,0.537934422,0.070892982,-0.409600705,0.283014009,17.57669444,238.2020054,84.94037843,-0.492189364,0.56798949
2022,8,1,0.306494266,0.086775847,-0.283857912,0.236550848,17.99679167,147.3429255,238.2020054,-1.270362513,0.490390712
2022,9,1,0.027663331,0.083068691,-0.024948636,0.202338129,17.84275,85.44978237,147.3429255,-2.644251047,0.353387691
2023,6,1,0.007111523,0.074360102,0.002953351,0.350105035,19.00821528,186.2899399,85.44978237,-2.491807701,0.368589215
2023,7,1,0.664309144,0.137437373,-0.571814537,0.553793396,19.90293519,259.7704048,186.2899399,1.022685365,0.719051536
2023,8,1,0.670282006,0.122375391,-0.574074864,0.519971698,16.58977778,152.9971607,259.7704048,0.98261444,0.715055697
2023,9,1,0.651701331,0.078537263,-0.586368978,0.50321121,16.70027778,168.1055298,152.9971607,0.723358517,0.689202913
2024,6,1,0.409351617,-0.05839527,-0.461689234,0.299374096,24.40371528,42.7046566,168.1055298,-1.116176324,0.50576603
2024,7,1,0.199332774,0.065990835,-0.212858588,0.27055798,18.9273125,139.5666428,42.7046566,-1.801012273,0.43747476
2024,8,1,0.617328525,0.087378643,-0.494044781,0.268831694,17.21589583,191.8759199,139.5666428,-0.066601244,0.610428783
2024,9,1,0.422495753,0.054402534,-0.316815078,0.424647221,17.97275,165.4944543,191.8759199,-0.658662692,0.551388909
2025,6,1,0.256410271,-0.010309278,-0.21577315,0.312154314,19.23900694,71.21929541,165.4944543,-1.773431845,0.440225057
2025,8,1,0.675053895,0.125060365,-0.573969841,0.511233712,15.2151875,344.8430262,71.21929541,0.920282139,0.708839972
2025,9,1,0.285909712,0.110134885,-0.217122272,0.346609894,16.47764583,142.8521838,344.8430262,-1.068162716,0.510553907
2019,6,2,0.233466476,-0.095573857,-0.29279092,0.154180363,42.03278704,42.72326078,70.62480545,-2.624317204,0.355375478
2019,7,2,0.185399771,-0.123389959,-0.228828833,0.127216347,33.93347222,611.9250278,42.72326078,-2.834638812,0.334402382
2019,8,2,0.305149585,-0.054765925,-0.306453288,0.202606308,30.24608333,295.7849331,611.9250278,-1.657381342,0.451797517
2019,9,2,0.291211933,-0.060200669,-0.292696953,0.210556917,27.96665278,210.6447105,295.7849331,-1.906320048,0.426973556
2020,6,2,0.198738173,-0.15132606,-0.26455906,0.131281909,38.20897222,71.69627942,210.6447105,-2.861647365,0.331709112
2020,7,2,0.238301262,-0.098276585,-0.238186404,0.206411826,31.3383125,318.3762045,71.69627942,-2.447071712,0.37305025
2020,8,2,0.375645846,-0.042771019,-0.365058213,0.240240315,29.84060417,638.7696037,318.3762045,-1.352313107,0.482218667
2020,9,2,0.341950655,-0.052066118,-0.354366183,0.225397974,31.32275,79.65356287,638.7696037,-1.444563512,0.473019533
2021,6,2,0.198210791,-0.138086945,-0.257118434,0.123887767,37.85545833,47.37614346,79.65356287,-2.934675383,0.324426818
2021,7,2,0.215915114,-0.1081696,-0.281961471,0.136052148,30.60993981,731.9379711,47.37614346,-2.503850232,0.367388344
2021,8,2,0.292535931,-0.01396388,-0.289546728,0.263597627,29.57381944,221.7720566,731.9379711,-1.386025869,0.478856858
2021,9,2,0.46771273,-0.039535403,-0.418899029,0.273629955,27.68225694,511.550209,221.7720566,-0.998767221,0.517473968
2022,6,2,0.249610797,-0.107652396,-0.324719101,0.16493502,38.55049306,87.48413575,511.550209,-2.202527597,0.397435986
2022,8,2,0.454786897,-0.047869794,-0.411793619,0.298409763,29.47633333,306.7257366,87.48413575,-1.163946701,0.501002408
2022,9,2,0.478562206,-0.007484699,-0.409690171,0.305251937,28.79792361,169.7894258,306.7257366,-0.849567729,0.532352017
2023,6,2,0.314374357,-0.083650187,-0.335180044,0.213133143,33.99727778,163.0019588,169.7894258,-1.991715514,0.418457991
2023,7,2,0.236706689,-0.06639839,-0.157303378,0.140286673,28.7910463,795.6691589,163.0019588,-2.497401672,0.368031389
2023,8,2,0.512499988,0.006040015,-0.467107087,0.333700524,28.63938889,258.7553539,795.6691589,-0.207546505,0.596373839
2023,9,2,0.523978055,0.000417569,-0.482067406,0.316990931,28.95172222,276.8797207,258.7553539,-0.537911891,0.563430078
2024,6,2,0.312435776,-0.104465865,-0.368263483,0.207515615,40.10659028,41.88662918,276.8797207,-2.033449208,0.414296342
2024,7,2,0.37779358,-0.053038429,-0.347512931,0.297269938,30.47341667,485.171216,41.88662918,-1.508735107,0.466620395
2024,8,2,0.407451928,-0.054119546,-0.399880469,0.246940559,28.61458333,487.7693083,485.171216,-1.134374904,0.503951283
2024,9,2,0.410691172,0.00415072,-0.386135459,0.305587271,29.20085417,234.0833251,487.7693083,-0.892813655,0.528039569
2025,6,2,0.272124052,-0.094052039,-0.323645234,0.193524439,35.74658102,85.08870525,234.0833251,-2.186133213,0.39907082
2025,7,2,0.220638156,0.089696966,-0.138695374,0.086500586,29.17078704,735.6662784,85.08870525,-2.24015041,0.39368427
2025,8,2,0.515261054,0.016785737,-0.469114989,0.354200109,27.90940278,630.2027054,735.6662784,-0.070223087,0.610067616
2025,9,2,0.445645988,-0.017826337,-0.438685924,0.298856961,27.57402083,238.3949165,630.2027054,-0.670326772,0.550225776
2019,6,3,0.52072686,0.053361587,-0.516483545,0.328038921,36.43218215,60.7160209,88.45563507,-0.506105503,0.566601784
2019,7,3,0.047619049,0.073383577,-0.02895323,0.307223027,29.79647712,477.8232212,60.7160209,-2.518889385,0.365888652
2019,8,3,0.634351492,0.250253975,-0.488709688,0.555059235,27.50776006,278.0705614,477.8232212,1.22939612,0.739664561
2019,9,3,0.366250008,0.251995444,-0.282111436,0.486860947,25.37012483,157.9682827,278.0705614,-0.108646354,0.60623608
2020,6,3,0.501986742,0.047283284,-0.529201448,0.14160284,32.47644938,77.12387535,157.9682827,-0.851218641,0.53218739
2020,7,3,0.408388525,0.043310877,-0.361066669,0.36785453,27.57058946,248.9941745,77.12387535,-0.92225348,0.525103855
2020,8,3,0.774195731,0.225457937,-0.651630878,0.524946739,27.68678687,539.6709747,248.9941745,1.67723694,0.784322875
2020,9,3,0.763702214,0.224241003,-0.660127103,0.497925897,27.83377947,61.61270319,539.6709747,1.69532128,0.78612623
2021,6,3,0.54285717,0.070222966,-0.536873162,0.345124283,31.19830097,62.06810951,61.61270319,-0.266629757,0.590482106
2021,7,3,0.568804741,0.102681234,-0.532725751,0.317127733,27.97789644,547.2051926,62.06810951,-0.03625756,0.61345463
2021,8,3,0.027392628,0.191708952,0.026879271,0.117177761,25.65563107,198.7303848,547.2051926,-2.419326677,0.375816962
2021,9,3,0.573662579,0.201905161,-0.448484838,0.476956929,25.5260749,297.6549454,198.7303848,0.523888413,0.66931192
2022,6,3,0.520037711,0.058335543,-0.55556047,0.316119821,33.32690014,93.34440267,297.6549454,-0.248835287,0.592256556
2022,7,3,0.775555551,0.213594079,-0.636456728,0.555732484,27.60374018,533.3995523,93.34440267,1.575278034,0.774155617
2022,8,3,0.837765217,0.271274626,-0.690635026,0.600593083,25.71643551,253.2313232,533.3995523,2.372182565,0.853622273
2022,9,3,0.690967739,0.220727995,-0.604530156,0.464010865,26.1290846,138.0996037,253.2313232,1.177143622,0.734453985
2023,6,3,0.609222591,0.084246166,-0.568037033,0.379334462,29.94927184,182.9829044,138.0996037,0.160981297,0.633123124
2023,7,3,0.28761062,0.133052632,-0.150197625,0.408532866,25.35514101,592.471077,182.9829044,-1.133191072,0.504069334
2023,8,3,0.665969014,0.246696904,-0.534901679,0.547304092,25.7947018,273.1806335,592.471077,1.470604561,0.763717666
2023,9,3,0.824685812,0.252495855,-0.70086956,0.501960341,26.11757975,210.4558449,273.1806335,1.912348499,0.807768003
2024,6,3,0.536193013,0.075836428,-0.535014033,0.359817814,33.80325243,46.63808922,210.4558449,-0.177443584,0.599375677
2024,7,3,0.407564759,0.1070081,-0.357370675,0.347702504,25.95947295,316.8014984,46.63808922,-0.750260205,0.542254881
2024,8,3,0.82056284,0.282357395,-0.685329676,0.598139737,26.80623671,387.0215569,316.8014984,2.231538075,0.839597322
2024,9,3,0.662947476,0.229430258,-0.562282264,0.508270928,26.63622746,187.4122017,387.0215569,1.229561311,0.739681034
2025,6,3,0.582618654,0.076774321,-0.555493116,0.37360245,30.81175451,81.51503057,187.4122017,0.035648731,0.620625065
2025,7,3,0.098338574,0.038641188,-0.075637646,0.367573011,26.94784558,535.4038007,81.51503057,-2.220715276,0.395622326
2025,8,3,0.830499172,0.261891335,-0.696492136,0.583609591,26.20747573,600.1806297,535.4038007,2.365667863,0.852972633
2025,9,3,0.245879114,0.173852578,-0.148828372,0.448271747,24.6382871,210.1080418,600.1806297,-0.810642696,0.536233589
2019,7,4,0.304031044,-0.061908871,-0.415003955,0.194158991,32.89178057,554.6087914,71.02749932,-1.764545726,0.441111173
2019,8,4,0.65968585,0.234270409,-0.54033041,0.508950771,29.84288703,309.8598027,554.6087914,1.276737324,0.744385386
2019,9,4,0.582651019,0.197861597,-0.470884949,0.528918754,28.58063459,264.3024006,309.8598027,0.721675179,0.689035051
2020,6,4,0.453996003,0.007040181,-0.521569431,0.211692571,34.41391911,85.00080836,264.3024006,-0.909867753,0.526338949
2020,7,4,0.426050603,0.064655922,-0.405813694,0.37305847,30.83892608,292.4765586,85.00080836,-0.722918062,0.544981417
2020,8,4,0.681578636,0.191834539,-0.59135294,0.51270323,29.55087169,727.0373001,292.4765586,1.235130822,0.740236421
2020,9,4,0.685899258,0.197692916,-0.608053684,0.482364119,31.16501395,82.92681321,727.0373001,1.359394518,0.752627893
2021,6,4,0.245585874,-0.08191403,-0.347619057,0.165421009,37.13562064,78.88274384,82.92681321,-2.321575575,0.385564621
2021,7,4,0.281949699,-0.037394993,-0.342607945,0.18988778,30.91838215,653.9250069,78.88274384,-1.862149909,0.431378165
2021,8,4,0.332711399,0.09713681,-0.280953348,0.426504684,28.55058577,239.2831364,653.9250069,-0.622469193,0.554998094
2021,9,4,0.633818209,0.15739277,-0.5845716,0.436821803,28.31035565,438.0605698,239.2831364,0.758295866,0.692686836
2022,6,4,0.233942807,-0.040466644,-0.376953632,0.162954738,37.57702232,107.3617508,438.0605698,-1.92324962,0.425285353
2022,7,4,0.65277046,0.155932829,-0.609455287,0.454278369,30.34739656,583.925528,107.3617508,0.813103056,0.698152163
2022,8,4,0.726950347,0.209508598,-0.638154745,0.52648958,29.59988145,415.2786331,583.925528,1.652954058,0.781901406
2022,9,4,0.631232858,0.186600909,-0.525102437,0.477838768,28.56396095,172.8642597,415.2786331,0.853428887,0.702173422
2023,6,4,0.348552853,-0.029558314,-0.360344678,0.260616935,34.80831939,195.5832901,172.8642597,-1.574874831,0.460024997
2023,7,4,0.517329395,0.15057829,-0.417034984,0.395590236,28.87686192,676.9693527,195.5832901,0.008161113,0.617884023
2023,8,4,0.713292181,0.209502578,-0.619263589,0.516765425,28.59412134,400.650239,676.9693527,1.624879095,0.779101794
2023,9,4,0.690865099,0.185072929,-0.646539032,0.476429474,29.25269177,373.5117683,400.650239,1.284395642,0.745149067
2024,6,4,0.232015058,-0.104424097,-0.368721753,0.149793513,40.05297768,54.26678583,373.5117683,-2.270885489,0.390619394
2024,7,4,0.547562003,0.1306822,-0.466865867,0.529994717,29.65553928,421.4052448,54.26678583,0.272732341,0.644266846
2024,8,4,0.713749409,0.236917868,-0.624555171,0.590129588,29.00122269,458.9717783,421.4052448,1.738338608,0.790415882
2024,9,4,0.6019243,0.192969963,-0.521563292,0.494903135,28.80764993,228.6978304,458.9717783,0.875376301,0.704361999
2025,6,4,0.283817023,-0.061488673,-0.389776349,0.186900751,35.95049279,101.4777764,228.6978304,-1.91301812,0.42630563
2025,8,4,-0.018591166,0.041636497,0.008102051,-0.03612621,27.86357508,772.6318588,101.4777764,-3.50402506,0.267651743
2025,9,4,0.686073363,0.18417348,-0.616354644,0.479800816,27.74317294,234.5199471,772.6318588,1.430328513,0.759701372
2018,6,5,0.283470452,-0.174999997,-0.343774468,0.146343347,39.96606695,50.82592225,97.49663925,-2.632397338,0.354569733
2019,6,5,0.429584891,0.041620772,-0.391562223,0.333646724,39.45768945,25.45575286,50.82592225,-1.095202831,0.507857489
2019,7,5,0.516835093,0.17880784,-0.473515779,0.378598024,29.94624128,428.1165581,25.45575286,0.028273568,0.61988962
2019,8,5,0.567124426,0.138949379,-0.459413618,0.322725089,29.92804045,215.7194386,428.1165581,0.057656817,0.622819693
2019,9,5,0.616979241,0.307189554,-0.514563084,0.618713077,28.14647838,207.962018,215.7194386,1.397126761,0.756390521
2020,6,5,0.49949038,0.046482239,-0.469876379,0.331494434,35.82101813,48.61800757,207.962018,-0.598063251,0.557431834
2020,7,5,0.45688802,0.138679251,-0.374954104,0.317663442,30.85127615,198.0673119,48.61800757,-0.645854703,0.55266611
2020,8,5,0.385940522,0.157427475,-0.380755872,0.260887889,28.93842399,534.3631878,198.0673119,-0.66490235,0.550766695
2020,9,5,0.763348162,0.277900666,-0.660264611,0.547519139,30.94066248,84.57093681,534.3631878,1.945031869,0.811027162
2021,6,5,0.500136256,0.041091923,-0.48489967,0.314672077,34.91228033,27.51580524,84.57093681,-0.685852929,0.548677521
2021,7,5,0.484911561,0.078882419,-0.517806828,0.339091707,30.15932125,513.2099056,27.51580524,-0.340718082,0.58309408
2021,8,5,0.536336005,0.190466315,-0.438923389,0.418518672,28.55963738,192.0259933,513.2099056,0.390293058,0.655989902
2021,9,5,0.771336555,0.318272918,-0.646295846,0.60029946,28.12948396,526.938961,192.0259933,2.089862006,0.825469502
2022,6,5,0.593783498,0.110290237,-0.549337268,0.415467626,36.75541144,57.09849286,526.938961,0.381423238,0.655105411
2022,8,5,0.499556482,0.190811634,-0.384102792,0.285176365,29.47029986,236.6869993,57.09849286,-0.398927159,0.57728952
2022,9,5,0.796588838,0.289988518,-0.674750388,0.569840438,28.58840307,146.6011388,236.6869993,1.997269261,0.816236231
2023,6,5,0.514747858,0.079139128,-0.446615189,0.395961715,34.09382845,107.6246285,146.6011388,-0.373992737,0.579775959
2023,7,5,0.499650717,0.210339725,-0.461031377,0.365742284,29.82390981,415.5880661,107.6246285,0.088376115,0.625882996
2023,8,5,0.580229223,0.206791997,-0.460927159,0.355273362,27.80065551,199.8419247,415.5880661,0.40317159,0.657274139
2023,9,5,0.790773749,0.315333575,-0.703216672,0.565230254,28.76652022,263.9884644,199.8419247,2.124366948,0.828910306
2024,6,5,0.487716258,-4.18E-05,-0.463068426,0.324594902,37.38241283,28.60663157,263.9884644,-0.798612353,0.537433245
2024,7,5,0.562534511,0.235614553,-0.522723019,0.380034112,31.09179451,352.3748646,28.60663157,0.409006446,0.657855986
2024,8,5,0.646973848,0.206250653,-0.508434117,0.381640428,27.85495583,402.7738381,352.3748646,0.717284955,0.688597262
2024,9,5,0.858697772,0.372882634,-0.737976074,0.69491453,29.12880753,207.773257,402.7738381,2.942473706,0.910491231
2025,6,5,0.461221546,0.009805528,-0.436264575,0.311796684,33.3572013,56.72085603,207.773257,-0.893929203,0.527928328
2025,7,5,0.416416466,0.133111671,-0.346231967,0.282174349,27.34310321,506.9086976,56.72085603,-0.787972573,0.538494235
2025,8,5,0.840415776,0.27976191,-0.678750694,0.543023072,27.43301255,537.4444809,506.9086976,2.269778226,0.843410598
2025,9,5,0.70685792,0.321075469,-0.618883371,0.610934769,27.07136681,247.650322,537.4444809,2.090672254,0.8255503
2019,7,6,0.099968389,-0.043360017,-0.148456156,0.061407268,30.64326816,166.7429028,51.36295921,-3.13078109,0.304871321
2019,8,6,0.152647972,-0.013793103,-0.187616095,0.0997151,28.95462989,167.3239903,166.7429028,-2.647380835,0.353075591
2019,9,6,0.202462718,0.011736418,-0.233703822,0.126752465,28.56535615,162.8409252,167.3239903,-2.281030003,0.389607791
2020,6,6,0.150595665,-0.040102128,-0.263544887,0.062119243,31.24668994,55.19898564,162.8409252,-2.696179993,0.34820938
2020,7,6,0.1426799,-0.042897508,-0.205497384,0.090220845,32.30358939,108.212074,55.19898564,-2.868039749,0.331071668
2020,8,6,0.089203246,-0.029554503,-0.133714423,0.031684977,28.15005587,235.9288797,108.212074,-3.127982368,0.305150407
2020,9,6,0.22711435,0.024665982,-0.274761438,0.144271399,29.13500698,58.24339878,235.9288797,-2.033792921,0.414262067
2021,6,6,0.094872579,-0.065953657,-0.156665578,0.059016769,32.5511662,49.09220314,58.24339878,-3.24605962,0.293375842
2021,7,6,0.125920579,-0.084501341,-0.185487181,0.075120085,28.39711592,242.120203,49.09220314,-3.051757433,0.312751494
2021,8,6,0.105624788,-0.050009094,-0.142365947,0.073113993,28.82811453,97.07608604,242.120203,-3.001318794,0.317781193
2021,9,6,0.102072693,-0.024436215,-0.130243793,0.067544135,27.85465782,212.6507835,97.07608604,-3.020048791,0.315913453
2022,6,6,0.063204005,-0.079382278,-0.1257485,0.03866677,31.8789595,60.40560597,212.6507835,-3.370636578,0.280953131
2022,7,6,0.085849613,-0.053175014,-0.124463521,0.058406509,28.43241853,211.299176,60.40560597,-3.215273921,0.296445766
2022,8,6,0.108564533,-0.029567054,-0.146600127,0.072868594,27.87059358,157.2656159,211.299176,-2.91256974,0.326631175
2022,9,6,0.156489819,-0.014447072,-0.197468355,0.095116411,27.64697626,96.54137135,157.2656159,-2.631575085,0.354651728
2023,6,6,0.112263121,-0.055426113,-0.160429955,0.071375037,29.07803073,125.8778248,96.54137135,-3.054228181,0.312505113
2023,7,6,0.108443707,-0.054417212,-0.155700162,0.067525283,27.19932263,240.9946175,125.8778248,-3.014037088,0.316512935
2023,8,6,0.18138434,0.018868443,-0.214974925,0.120860815,27.02275838,157.5888069,240.9946175,-2.296120537,0.388102976
2023,9,6,0.173315898,0.02723505,-0.226792008,0.103209223,28.32070531,174.4177437,157.5888069,-2.361702876,0.38156316
2024,6,6,0.131545365,-0.043558482,-0.2176065,0.08153098,32.66916201,29.3216449,174.4177437,-2.830880025,0.334777205
2024,7,6,0.169885248,-0.047804728,-0.238150597,0.105989215,31.21719274,136.0558681,29.3216449,-2.710175073,0.346813802
2024,8,6,0.243750006,0.005050505,-0.281390846,0.152612013,27.85986034,187.6356092,136.0558681,-2.04942239,0.41270351
2024,9,6,0.279385597,0.028016847,-0.295392245,0.166649323,28.4413338,167.0735994,187.6356092,-1.810581039,0.43652057
2025,6,6,0.17840375,-0.02464455,-0.215496361,0.115172213,28.48589385,49.74151832,167.0735994,-2.54479006,0.363305858
2025,8,6,0.231224135,0.013138686,-0.260290563,0.152979381,25.07792598,318.6049776,49.74151832,-2.091664792,0.408491133
2025,9,6,0.216802776,-0.015443886,-0.230808601,0.128123331,24.57810754,156.03685,318.6049776,-2.201087145,0.397579627
2019,7,7,0.287281692,0.131851554,-0.264056325,-0.137951449,21.15614253,174.4663029,81.84949044,-2.165308292,0.401147464
2019,8,7,-0.014947138,0.15760605,0.030498745,0.563103704,17.79552414,149.7290733,174.4663029,-1.795171052,0.438057241
2019,9,7,0.330496013,0.120233417,-0.29442367,0.353591333,19.75709655,143.9490337,149.7290733,-0.901964455,0.527127059
2020,6,7,0.627390981,0.074254565,-0.62348932,0.3535403,23.06630345,76.7441313,143.9490337,0.310635355,0.648046503
2020,7,7,0.084741034,0.000110632,-0.041973986,0.04622352,22.09224828,98.65455425,76.7441313,-3.194696327,0.298497746
2020,8,7,0.332042634,0.194405109,-0.246061534,0.17009875,16.22842759,226.2555108,98.65455425,-1.141111293,0.503279536
2020,9,7,0.620659471,0.127922446,-0.578611314,0.410941098,23.45486207,54.83626556,226.2555108,0.537079975,0.670627371
2021,6,7,0.54928273,0.017938582,-0.544280469,0.384341407,23.04351034,75.15410423,54.83626556,-0.222075988,0.594924971
2021,7,7,0.577706635,0.073987827,-0.530671656,0.500040312,20.0823931,254.9317036,75.15410423,0.334680277,0.650444242
2021,8,7,0.281145453,0.151743993,-0.216770604,0.383512817,18.87365517,92.40863037,254.9317036,-0.955725,0.521766103
2021,9,7,0.594688892,0.190325558,-0.434444457,0.360508608,18.32869655,250.9908657,92.40863037,0.25629301,0.642627529
2022,6,7,0.491146326,0.030927835,-0.469237834,0.382904462,24.57492414,79.43498981,250.9908657,-0.382036995,0.578973793
2022,7,7,-0.004178615,0.198028579,0.050246153,0.049132948,17.39752184,213.8394456,79.43498981,-2.857044627,0.332168093
2022,8,7,0.779661,0.209265798,-0.61200279,0.744281827,19.06258621,128.0780687,213.8394456,2.0289843,0.819398828
2022,9,7,0.014344262,0.112957835,-0.000505306,0.04763525,20.6518069,84.06523609,128.0780687,-3.01972811,0.315945431
2023,6,7,0.177882269,-0.015417991,-0.170377299,0.182684427,21.41676552,179.0101852,84.06523609,-2.410495136,0.376697636
2023,7,7,0.692878246,0.179166421,-0.572387099,0.624945476,21.21982989,239.7861862,179.0101852,1.3568052,0.752369688
2023,8,7,0.763481915,0.215597212,-0.615641892,0.691343904,17.52202759,145.7791402,239.7861862,1.945984862,0.811122193
2023,9,7,0.713524699,0.171338677,-0.619978309,0.583845478,20.35413793,160.9590511,145.7791402,1.372213732,0.753906214
2024,6,7,0.469421923,0.002566114,-0.475947797,0.353602645,26.08615172,41.74223089,160.9590511,-0.655068965,0.551747272
2024,7,7,0.299978673,0.134733036,-0.254970908,0.882724607,20.77564138,126.4383364,41.74223089,0.068069214,0.623858009
2024,8,7,0.733128846,0.174330994,-0.620652556,0.674855287,16.7202,174.8057329,126.4383364,1.663184574,0.782921584
2024,9,7,0.578355491,0.140470013,-0.483168602,0.507673317,20.7477931,164.5294896,174.8057329,0.497788867,0.666709295
2025,6,7,0.426928788,0.056191467,-0.395104259,0.414306625,19.55262069,68.10229719,164.5294896,-0.536899057,0.563531077
2025,8,7,0.171772316,0.023761151,-0.15449746,0.445651033,17.18497011,308.5227537,68.10229719,-1.682830065,0.449259791
2025,9,7,0.597088397,0.110018358,-0.495938063,0.511841429,18.85705517,134.5949969,308.5227537,0.577705961,0.674678561
2019,7,8,0.58143419,0.176903605,-0.569351912,0.436124364,23.69645833,295.0472813,72.97602779,0.597584628,0.676660845
2019,8,8,0.699457407,0.305692434,-0.604454339,0.594059406,24.56614583,264.5876269,295.0472813,1.835698753,0.800124555
2019,9,8,0.695673823,0.283431947,-0.619328022,0.51306521,23.97003472,163.6801901,264.5876269,1.578582352,0.774485121
2020,6,8,0.631209373,0.175998792,-0.654525697,0.355693338,26.89545139,89.36053276,163.6801901,0.702721665,0.687145023
2020,7,8,0.61742425,0.221526906,-0.560529947,0.500503199,25.51820139,201.4464359,89.36053276,0.914124277,0.708225915
2020,8,8,0.536543071,0.169379666,-0.474367797,0.604423148,23.93211806,424.6922073,201.4464359,0.723679469,0.689234918
2020,9,8,0.650956869,0.22431688,-0.615259767,0.449629519,25.733625,52.71564484,424.6922073,1.190696477,0.735805465
2021,6,8,0.585818291,0.171959043,-0.54553777,0.432889166,27.39519444,80.43351555,52.71564484,0.425380664,0.659488809
2021,7,8,0.604519784,0.203070939,-0.541943252,0.472071532,23.62940972,392.2770977,80.43351555,0.774121596,0.694264964
2021,8,8,0.690249681,0.278873712,-0.588801146,0.582215753,24.06090278,148.3699322,392.2770977,1.707097622,0.787300557
2021,9,8,0.742163062,0.264114231,-0.64321357,0.494103389,23.68939583,255.9305658,148.3699322,1.579521651,0.774578787
2022,6,8,0.522568643,0.118145652,-0.564053535,0.356793106,28.80168056,100.4355636,255.9305658,0.097812762,0.626824011
2022,7,8,0.663474202,0.26941818,-0.537046671,0.761422414,24.37005556,333.674171,100.4355636,1.740447707,0.7906262
2022,8,8,0.845070422,0.304641664,-0.698934674,0.637522769,24.22843056,243.1046772,333.674171,2.492287933,0.865599081
2022,9,8,0.691745341,0.290454477,-0.628738999,0.516252022,23.41652083,105.2727227,243.1046772,1.604648153,0.777084381
2023,6,8,0.376283586,0.180283889,-0.316044688,0.3278236,26.05524306,190.0437145,105.2727227,-0.705612088,0.546707154
2023,7,8,0.73977536,0.261050403,-0.634466112,0.555578332,24.74032639,451.2050209,190.0437145,1.730416045,0.789625851
2023,8,8,0.799486041,0.328478873,-0.663339436,0.628883501,23.29380556,242.4740028,451.2050209,2.454210794,0.86180206
2023,9,8,0.729879737,0.307692319,-0.667355955,0.555455947,24.61376389,198.6947079,242.4740028,1.925861341,0.809115493
2024,6,8,0.539642394,0.146124244,-0.566573858,0.420650725,28.134375,50.30567616,198.6947079,0.337445781,0.650720016
2024,7,8,0.288355798,0.154985696,-0.243562937,0.458314356,25.73306481,235.6503849,50.30567616,-0.886493992,0.528669761
2024,8,8,0.691150665,0.243502304,-0.618910491,0.51662107,24.93141667,292.3070999,235.6503849,1.43802752,0.76046911
2024,9,8,0.697699487,0.238728538,-0.608042598,0.525333747,23.97826389,186.7084606,292.3070999,1.456160204,0.762277287
2025,6,8,0.496924132,0.119960427,-0.517635822,0.38629174,25.92003472,89.9230306,186.7084606,-0.005847136,0.616487132
2025,8,8,0.772117257,0.248311788,-0.642965972,0.543327423,22.85433333,518.0775995,89.9230306,1.726036773,0.789189153
2025,9,8,0.718369007,0.257060796,-0.652001977,0.465189528,22.9060625,206.2173615,518.0775995,1.691936596,0.785788712
2019,7,9,0.259401649,0.085466877,-0.261707962,0.257768586,16.33496317,193.3903217,79.77665475,-1.451632695,0.4723146
2019,8,9,0.36608246,0.098621421,-0.28250289,0.261977008,16.43305249,170.1688228,193.3903217,-1.052236522,0.512142054
2019,9,9,0.447191358,0.041503467,-0.339812428,0.174444802,17.29725138,154.9293232,170.1688228,-1.151569578,0.502236644
2020,6,9,0.476420313,0.093698956,-0.51316303,0.190011008,21.83711326,76.73239121,154.9293232,-0.55184307,0.562040872
2020,7,9,0.440502346,0.078514338,-0.410644263,0.292474463,19.77862569,111.3947815,76.73239121,-0.713497833,0.545920794
2020,8,9,0.153983936,-0.008644648,-0.191704839,0.074647162,18.61659991,245.7527499,111.3947815,-2.561846861,0.361604968
2020,9,9,0.625,-0.040983606,-0.62724936,0.116727898,20.31549033,56.48070145,245.7527499,-0.496942291,0.567515532
2021,6,9,0.414285719,0.065989845,-0.399594307,0.254022742,21.73941298,72.98953056,56.48070145,-0.967978585,0.520544185
2021,7,9,0.41437912,0.082591571,-0.382859856,0.280264784,17.60760359,270.6323218,72.98953056,-0.792743719,0.53801846
2021,8,9,0.130757719,0.054632034,-0.109294772,0.269110271,16.21727901,101.7621002,270.6323218,-2.067536698,0.410897166
2021,9,9,0.132780403,0.049911205,-0.074038461,0.036719428,15.43877762,242.2008438,101.7621002,-2.741583409,0.343681789
2022,6,9,0.428047657,0.025,-0.425515652,0.241511548,22.72650092,82.69815528,242.2008438,-0.935438738,0.523789032
2022,7,9,0.183421522,-0.011053795,-0.108175062,0.371362257,15.53119245,235.0055065,82.69815528,-2.031357092,0.414504966
2022,8,9,0.685110211,0.204889029,-0.589983046,0.326880151,17.77381906,149.3495927,235.0055065,0.871149195,0.703940476
2022,9,9,0.5,0.12039312,-0.40476191,0.20574015,17.49825276,89.94478607,149.3495927,-0.579759705,0.559257049
2023,6,9,0.328970402,-0.007155879,-0.337714165,0.217034519,18.28126381,182.5892563,89.94478607,-1.538956976,0.463606696
2023,7,9,0.653193891,0.196704984,-0.537856936,0.398947683,18.97256676,260.7506809,182.5892563,0.784216409,0.695271611
2023,8,9,0.695505142,0.082707576,-0.595223308,0.23495746,15.5905732,157.4907446,260.7506809,0.341873652,0.651161559
2023,9,9,0.619403005,0.001923817,-0.535377383,0.222121281,16.22291436,172.0342445,157.4907446,-0.332103441,0.583953125
2024,6,9,0.437450588,0.045987193,-0.431245357,0.255039196,24.27836326,41.7633996,172.0342445,-0.873139151,0.530001495
2024,7,9,0.418367922,0.047557592,-0.367817342,0.280788675,18.73038674,139.1110325,41.7633996,-0.994948338,0.517854784
2024,8,9,0.344440132,0.089824118,-0.276204497,0.243002405,16.41676796,190.2528821,139.1110325,-1.214964584,0.495914947
2024,9,9,0.599675953,-0.111029811,-0.52284503,0.145346734,18.36439917,173.8250278,190.2528821,-0.956104245,0.521728285
2025,6,9,0.349467576,0.040832251,-0.310150385,0.229649841,18.84884669,69.55727458,173.8250278,-1.349237519,0.482525362
2025,8,9,0.642677426,0.043144774,-0.549121976,0.28024052,15.56598066,341.1437998,69.55727458,0.00338161,0.617407415
2025,9,9,0.429730952,-0.006088561,-0.377205223,0.189159998,16.51719613,145.600656,341.1437998,-1.112638246,0.506118844
2019,7,10,0.668258071,0.180036604,-0.619697452,0.45193624,21.2143232,75.17706966,43.51201521,0.919925395,0.708804398
2019,8,10,0.682563365,0.223899916,-0.599792361,0.508139203,19.72258287,86.53849506,75.17706966,1.214583223,0.738187431
2019,9,10,0.717621684,0.206308186,-0.654566646,0.463491467,20.49273481,119.3253975,86.53849506,1.267460041,0.743460263
2020,6,10,0.737798452,0.116179511,-0.727622151,0.333217704,25.06522099,39.08055272,119.3253975,0.844134402,0.701246583
2020,7,10,0.62511003,0.123504363,-0.630584717,0.384615385,26.19819061,41.60621396,39.08055272,0.443180416,0.661263786
2020,8,10,0.706860721,0.277821004,-0.617734015,0.170093551,24.93719613,131.5117431,41.60621396,0.667634243,0.683646134
2020,9,10,0.706617892,0.230667844,-0.666270077,0.424193917,21.18665055,46.73625468,131.5117431,1.270713285,0.743784674
2021,6,10,0.688031375,0.128059447,-0.601869166,0.418190491,23.27071133,36.45313168,46.73625468,0.64178693,0.681068662
2021,7,10,0.689644098,0.149585694,-0.62203753,0.421109381,22.15694061,110.3211346,36.45313168,0.793418716,0.696189257
2021,8,10,0.707073808,0.183684468,-0.614258111,0.424411426,21.46618785,51.83367634,110.3211346,0.976914084,0.714487263
2021,9,10,0.735671759,0.140093535,-0.650576651,0.44335069,20.02156768,207.686636,51.83367634,1.034226835,0.720202442
2022,6,10,0.671273112,0.119215123,-0.622416794,0.399142766,23.14775552,38.97836632,207.686636,0.684971132,0.685374954
2022,8,10,0.802371562,0.197898418,-0.679558039,0.502433793,20.42100138,74.2532897,38.97836632,1.530976838,0.769737939
2022,9,10,0.755783081,0.140326336,-0.676490724,0.414208456,19.77833564,74.14383078,74.2532897,1.066373437,0.723408075
2023,6,10,0.667248428,0.149085253,-0.585177004,0.440459276,21.63747238,90.2125268,74.14383078,0.724467331,0.689313483
2023,7,10,0.715863645,0.183908701,-0.633114159,0.466912673,20.26383978,106.5052137,90.2125268,1.148420335,0.731589723
2023,8,10,0.79657793,0.232999802,-0.693548381,0.507343894,20.1090884,83.23736572,106.5052137,1.727032666,0.789288463
2023,9,10,0.679822266,0.159128934,-0.566454768,0.440450995,18.89461326,122.677927,83.23736572,0.787570575,0.695606085
2024,6,10,0.733345091,0.122646816,-0.682145298,0.418137122,23.33572514,21.5440855,122.677927,0.955724921,0.712374297
2024,7,10,0.73644352,0.162612036,-0.63677901,0.465467855,22.79299033,53.81479311,21.5440855,1.042646613,0.721042056
2024,8,10,0.712543488,0.205256656,-0.624143898,0.481128836,19.71120856,102.3755848,53.81479311,1.20581174,0.737312746
2024,9,10,0.759939969,0.191467747,-0.702467322,0.406703496,20.57194061,140.7113343,102.3755848,1.311511407,0.747853029
2025,6,10,0.679799795,0.126247764,-0.632788181,0.460017162,21.5267058,32.80452979,140.7113343,0.862895043,0.703117379
2025,7,10,0.536044359,0.144573644,-0.494604319,0.498367417,20.44022099,93.98729491,32.80452979,0.327230448,0.649701351
2025,8,10,0.743186235,0.184281707,-0.649239063,0.445431535,17.41277624,187.5426512,93.98729491,1.254260239,0.74214399
2025,9,10,0.745762706,0.139990211,-0.643033504,0.391216131,19.01690608,104.2669902,187.5426512,0.999897063,0.716779106
2019,7,11,0.660363317,0.296788216,-0.496574938,0.099966835,24.65076283,194.7893066,82.20323716,0.230115648,0.640017144
2019,8,11,0.783793151,0.308720559,-0.631228209,0.826808261,22.96067268,163.0332847,194.7893066,2.542547919,0.870610965
2019,9,11,0.73503238,0.327538431,-0.633957684,0.711974809,23.78373093,154.9820423,163.0332847,2.220996708,0.838546146
2020,6,11,0.787530005,0.211968049,-0.743434846,0.550504613,28.48210818,79.30406846,154.9820423,1.774569033,0.79402875
2020,7,11,0.722026348,0.216590986,-0.629785717,0.748006675,26.52830097,110.8199299,79.30406846,1.797090811,0.796274603
2020,8,11,0.80104816,0.328485191,-0.661890388,0.79840288,25.40128294,253.7707119,110.8199299,2.590922085,0.875434796
2020,9,11,0.807482123,0.349003732,-0.706913531,0.678295258,25.49474341,56.84318066,253.7707119,2.564134376,0.872763548
2021,6,11,0.700256526,0.151980266,-0.593953967,0.606864705,27.67589459,76.60116005,56.84318066,1.10371293,0.727131538
2021,7,11,0.615830362,0.115958862,-0.551218629,0.557284904,23.72654646,277.2546973,76.60116005,0.691635887,0.686039558
2021,8,11,0.599984467,0.229802713,-0.492837936,0.856844311,22.94097781,108.0224266,277.2546973,1.659238134,0.782528049
2021,9,11,0.746735394,0.247630864,-0.634181023,0.596624106,22.11337032,255.6221275,108.0224266,1.733513869,0.789934763
2022,6,11,0.57886529,0.070173122,-0.581910908,0.488434837,29.06114424,84.94037843,255.6221275,0.3860684,0.655568623
2022,7,11,0.827417016,0.32593447,-0.676906765,1.008619173,23.06057097,238.2020054,84.94037843,3.148375964,0.931023633
2022,8,11,0.894229233,0.391920626,-0.728366077,0.964726693,23.06343967,147.3429255,238.2020054,3.616121551,0.977666833
2022,9,11,0.800411522,0.275277823,-0.701093554,0.614024703,22.77891817,85.44978237,147.3429255,2.121315526,0.828606021
2023,6,11,0.688239157,0.177376702,-0.579981506,0.69411428,24.3470111,186.2899399,85.44978237,1.402722081,0.756948481
2023,7,11,0.831858099,0.312878758,-0.681100249,0.853803872,23.70931577,259.7704048,186.2899399,2.84293156,0.900564971
2023,8,11,0.761634171,0.260088265,-0.657373905,0.627115474,21.89089459,152.9971607,259.7704048,2.006465833,0.817153306
2023,9,11,0.72382468,0.190511495,-0.647020698,0.490935997,23.04555479,168.1055298,152.9971607,1.289986118,0.745706545
2024,6,11,0.664140165,0.130565837,-0.62036103,0.579703107,28.52544383,42.7046566,168.1055298,1.008445491,0.717631548
2024,7,11,0.678421617,0.178935334,-0.581768572,0.666097496,23.92873093,139.5666428,42.7046566,1.298393388,0.746544911
2024,8,11,0.787828922,0.270601988,-0.665262341,0.695765851,22.18655109,191.8759199,139.5666428,2.197346445,0.836187761
2024,9,11,0.75083679,0.250839323,-0.652768075,0.563867442,23.18935506,165.4944543,191.8759199,1.745822124,0.791162132
2025,6,11,0.717267156,0.19682005,-0.63578397,0.63471322,23.08967406,71.21929541,165.4944543,1.574703484,0.774098324
2025,8,11,0.783691704,0.254567236,-0.681316495,0.655005516,19.50348128,344.8430262,71.21929541,2.104677376,0.826946879
2025,9,11,0.726607978,0.199768394,-0.640567243,0.490432861,21.39688627,142.8521838,344.8430262,1.445858458,0.761250005
2019,7,12,0.24680987,-0.039380427,-0.277177006,0.206549706,34.50869081,564.3902855,68.4917623,-2.132733402,0.404395805
2019,8,12,0.501783609,0.160835758,-0.416713417,0.373236634,30.24647632,321.0324392,564.3902855,0.100549509,0.627096917
2019,9,12,0.423624545,0.154238909,-0.35607335,0.321404481,28.26477716,216.9191475,321.0324392,-0.496655838,0.567544097
2020,6,12,0.424216181,-0.011152416,-0.499540776,0.174805822,36.50904596,92.87896347,216.9191475,-1.222913682,0.49512227
2020,7,12,0.359537572,0.049297344,-0.3103064,0.287696577,31.03289694,292.0585886,92.87896347,-1.330302269,0.484413569
2020,8,12,0.559994161,0.113435768,-0.487778187,0.331199293,29.52697075,673.257514,292.0585886,0.054103806,0.62246539
2020,9,12,0.463969648,0.084269665,-0.44209215,0.24006803,31.47993036,75.48792694,673.257514,-0.466394872,0.570561695
2021,6,12,0.330650568,-0.02108768,-0.383746475,0.172504286,37.46124652,71.82372093,75.48792694,-1.842955001,0.433292266
2021,7,12,0.288544595,-0.029740429,-0.321330845,0.174457031,31.33556639,633.0607748,71.82372093,-1.920412844,0.425568234
2021,8,12,0.426383853,0.235022217,-0.316054493,0.658307117,28.52400418,236.7785473,633.0607748,0.620912215,0.678987053
2021,9,12,0.626786232,0.136272162,-0.52897799,0.37657676,28.09133705,405.8155003,236.7785473,0.403243509,0.657281311
2022,6,12,0.353669584,-0.005586592,-0.449420601,0.213991904,38.03561281,108.7969334,405.8155003,-1.288346404,0.488597373
2022,7,12,0.555680215,0.085535333,-0.520701945,0.383765982,31.3548468,621.8602638,108.7969334,-0.002085317,0.616862258
2022,8,12,0.694796085,0.137597352,-0.602393627,0.401413887,29.93206825,293.451582,621.8602638,0.978699884,0.714665341
2022,9,12,0.555863023,0.127053663,-0.480575532,0.342032086,28.35833565,178.6453229,293.451582,0.014464589,0.6185126
2023,6,12,0.456900358,0.028299844,-0.437891215,0.31529235,33.46534123,208.5655994,178.6453229,-0.819502636,0.535350083
2023,7,12,0.625323176,0.121220477,-0.563736856,0.417321002,28.11332869,695.969368,208.5655994,0.561708164,0.673083274
2023,8,12,0.671931922,0.167653665,-0.572282791,0.422311685,27.43087047,303.0714207,695.969368,1.083427161,0.725108658
2023,9,12,0.708620667,0.146327361,-0.661397934,0.396024044,28.13406685,298.3608761,303.0714207,0.990315188,0.715823609
2024,6,12,0.363834023,-0.083481461,-0.423267066,0.209575285,39.23332173,52.41666033,298.3608761,-1.690594525,0.448485526
2024,7,12,0.544361532,0.11515221,-0.477783084,0.409198042,29.90667827,403.7194729,52.41666033,-0.033946668,0.61368507
2024,8,12,0.679125905,0.197211966,-0.58998096,0.466964533,28.71064067,443.3357558,403.7194729,1.167263302,0.733468728
2024,9,12,0.569433987,0.118359454,-0.472061872,0.360278109,28.51334958,238.7353169,443.3357558,0.138555403,0.630886833
2025,6,12,0.418661743,-0.043659911,-0.449357152,0.250772172,34.32584262,93.60894806,238.7353169,-1.253544962,0.492067744
2025,8,12,0.680608392,0.147510037,-0.586296916,0.384931185,27.97671309,693.3455219,93.60894806,0.68110927,0.684989853
2025,9,12,0.569069266,0.113381609,-0.499786258,0.339541809,27.14944986,258.0883179,693.3455219,0.318038202,0.648784708
2019,6,13,0.310981542,0.019365896,-0.390005141,0.221476278,45.67746479,48.0531722,104.116519,-1.718484594,0.445704351
2019,7,13,0.255832344,0.016319999,-0.304473311,0.204191125,34.01208451,392.5063343,48.0531722,-1.908873062,0.426718972
2019,8,13,0.617795885,0.245607093,-0.535083771,0.513275373,31.56869718,184.5409422,392.5063343,1.072748169,0.724043758
2019,9,13,0.413798541,0.163375497,-0.380731404,0.406031471,28.6441338,196.0487614,184.5409422,-0.336975845,0.583467253
2020,6,13,0.373345941,0.0762963,-0.48439306,0.306629405,39.14867606,73.60898,196.0487614,-0.83788656,0.533516854
2020,7,13,0.238231003,0.059598304,-0.218931839,0.286312869,34.83707746,190.1677549,73.60898,-1.859223854,0.431669949
2020,8,13,0.514381886,0.148141205,-0.421655416,0.348054305,30.44911972,544.7617207,190.1677549,-0.149543362,0.602157864
2020,9,13,0.493926197,0.076010816,-0.448884159,0.347467125,30.99319014,67.29775019,544.7617207,-0.251837452,0.591957183
2021,6,13,0.35607478,0.068337955,-0.400000006,0.251104741,38.62498592,47.90350342,67.29775019,-1.302723366,0.487163714
2021,7,13,0.316801131,0.06219133,-0.395196497,0.275428156,33.81644601,510.8466892,47.90350342,-1.226032731,0.494811241
2021,8,13,0.423698694,0.11421591,-0.387064308,0.351296539,31.14124648,196.1003685,510.8466892,-0.412577398,0.575928329
2021,9,13,0.509624183,0.154734418,-0.482722521,0.377659989,27.95684507,373.1959114,196.1003685,0.072622871,0.624312096
2022,6,13,0.415730327,0.031095088,-0.45300594,0.32755786,40.45302817,80.53973567,373.1959114,-0.828935614,0.534409435
2022,8,13,0.557368696,0.116024122,-0.553803086,0.408231867,30.95835915,256.6018705,80.53973567,0.150035201,0.632031589
2022,9,13,0.55469507,0.151873767,-0.519230783,0.428587734,29.0676338,109.2067139,256.6018705,0.33092783,0.650070051
2023,6,13,0.518488109,0.106013641,-0.546597302,0.419213974,34.81139437,180.1840172,109.2067139,-0.006510638,0.616420968
2023,7,13,0.57486701,0.156465113,-0.5,0.443614609,31.88075117,408.2262001,180.1840172,0.354161784,0.652386922
2023,8,13,0.46906966,0.057042252,-0.484251976,0.343867418,29.50355634,170.1864357,408.2262001,-0.339332645,0.583232235
2023,9,13,0.530123293,0.062442053,-0.504652739,0.361178711,29.18373239,221.5808334,170.1864357,-0.236361491,0.593500433
2024,6,13,0.438687384,-0.009489381,-0.502055705,0.292475627,40.50838732,48.49357872,221.5808334,-0.977024403,0.519642144
2024,7,13,0.172750637,0.088656619,-0.141393974,0.354407029,32.40329577,339.0823879,48.49357872,-1.893847811,0.428217277
2024,8,13,0.590857148,0.130909085,-0.546666682,0.385676986,29.53647887,356.7949472,339.0823879,0.404990803,0.657455549
2024,9,13,0.410411626,-0.005251313,-0.462740391,0.273078782,29.56540845,164.2417934,356.7949472,-0.915259514,0.525801287
2025,6,13,0.404699743,0.025264643,-0.475994527,0.281801103,35.56514085,89.22350597,164.2417934,-0.985897778,0.518757298
2025,7,13,0.447467178,0.095102906,-0.453603387,0.353883819,27.92704225,489.4588263,89.22350597,-0.425652416,0.574624499
2025,8,13,0.681906402,0.201647744,-0.606592417,0.477561383,28.40571831,499.2631588,489.4588263,1.319155254,0.748615267
2025,9,13,0.554049671,0.083316602,-0.512166142,0.397196262,27.56589437,203.5337219,499.2631588,0.204308812,0.637443708
2019,6,14,0.35430634,0.000947149,-0.382833064,0.246112142,41.54500931,56.92535005,90.99032831,-1.602787698,0.457241549
2019,7,14,0.334183037,0.003323558,-0.320486814,0.236031208,32.72822626,569.8055401,56.92535005,-1.616771979,0.455847048
2019,8,14,0.360181868,0.124157846,-0.342528731,0.221866603,29.63176676,331.0539989,569.8055401,-0.825416463,0.534760361
2019,9,14,0.354935944,0.142254114,-0.300699294,0.318434683,27.15037011,204.0772419,331.0539989,-0.805861057,0.53671041
2020,6,14,0.429088712,0.021900743,-0.485813558,0.287187307,36.82713687,81.79674383,204.0772419,-0.901442492,0.527179109
2020,7,14,0.355974853,0.068031706,-0.332509279,0.303565125,29.6575838,304.3207916,81.79674383,-1.175368876,0.499863398
2020,8,14,0.343742818,0.108223662,-0.347723454,0.224726985,28.8009986,671.2538948,304.3207916,-0.983153958,0.51903091
2020,9,14,0.280904859,0.086730294,-0.310816914,0.184199771,30.19592877,70.60059876,671.2538948,-1.27615382,0.489813207
2021,6,14,0.412988484,0.017410446,-0.424199492,0.265526703,37.53675978,59.60765457,70.60059876,-1.24147212,0.493271638
2021,7,14,0.39573583,0.045914397,-0.392116189,0.264428604,30.06659916,668.3539104,59.60765457,-1.054267844,0.511939492
2021,8,14,0.208077267,0.107644908,-0.182469204,0.339019009,27.87611034,240.1655483,668.3539104,-1.266601491,0.490765758
2021,9,14,0.470569521,0.098880149,-0.434067637,0.290273198,27.22938547,394.314621,240.1655483,-0.465098792,0.570690939
2022,6,14,0.485428184,0.019359786,-0.468971848,0.321622339,37.22312151,97.46819544,394.314621,-0.634553884,0.553793019
2022,7,14,0.542625844,0.107519068,-0.471170098,0.415440037,30.01459032,663.253521,97.46819544,0.013317193,0.618398183
2022,8,14,0.448233098,0.073776141,-0.446439624,0.277521879,29.17982542,313.6077604,663.253521,-0.372801431,0.579894755
2022,9,14,0.492221534,0.131860301,-0.438512295,0.329564021,27.71954609,174.2527462,313.6077604,-0.215225501,0.595608096
2023,6,14,0.472058415,0.077643387,-0.447666377,0.313415674,32.73831006,181.5941648,174.2527462,-0.602129663,0.557026335
2023,7,14,0.507367253,0.09579628,-0.474571675,0.334690434,28.83461359,703.723629,181.5941648,-0.196848732,0.597440612
2023,8,14,0.031324949,0.125018239,-0.010467849,0.294375457,27.55514665,299.3709793,703.723629,-2.060626564,0.411586239
2023,9,14,0.543708622,0.142716542,-0.509433985,0.3121673,28.22694134,264.5925293,299.3709793,0.065146635,0.623566572
2024,6,14,0.400685847,-0.010115607,-0.441688657,0.278911787,38.78483939,47.75992679,264.5925293,-1.186126645,0.498790642
2024,7,14,0.398913383,0.090592861,-0.364132524,0.332269947,29.02537011,406.598999,47.75992679,-0.8617174,0.531140462
2024,8,14,0.485926241,0.120916635,-0.45033735,0.304624713,28.03814711,482.4688429,406.598999,-0.177011337,0.59941878
2024,9,14,0.487737238,0.120693132,-0.447927117,0.320762487,27.90222067,221.1016727,482.4688429,-0.146941594,0.60241731
2025,6,14,0.418429375,0.019513866,-0.418768913,0.306434956,33.07428771,86.26652308,221.1016727,-0.990142215,0.518334047
2025,7,14,0.4269557,0.088034496,-0.391544104,0.356580605,29.28734404,644.9449568,86.26652308,-0.622715487,0.554973534
2025,8,14,0.408244669,0.099481866,-0.395134777,0.232849654,27.77784916,706.9556961,644.9449568,-0.509473336,0.566265947
2025,9,14,0.408195198,0.100464433,-0.392438084,0.244051018,26.63481145,251.869606,706.9556961,-0.525500806,0.564667701
2019,7,15,0.584688842,0.018511483,-0.568775773,0.329592572,32.74205594,530.5358162,90.22798151,-0.214970411,0.595633533
2019,8,15,0.680812299,0.275133312,-0.541179299,0.615809539,29.21466434,289.0949745,530.5358162,1.684871444,0.785084181
2019,9,15,0.48923558,0.285256922,-0.401168078,0.490584153,27.14312587,328.8305931,289.0949745,0.57816384,0.67472422
2020,6,15,0.638979971,0.087802768,-0.634595096,0.284595662,33.11329371,98.11184418,328.8305931,0.248743307,0.641874679
2020,7,15,0.333065808,0.094383135,-0.259287328,0.493225576,29.27328671,284.267488,98.11184418,-0.882025027,0.529115403
2020,8,15,0.772834182,0.276985794,-0.664837539,0.642828293,28.72057343,704.1413555,284.267488,2.178450595,0.834303483
2020,9,15,0.75632453,0.259645462,-0.660971701,0.549267369,30.15118182,98.94172745,704.1413555,1.993138783,0.815824343
2021,6,15,0.432308227,-0.075169735,-0.471482903,0.22738259,35.53606993,95.50416565,98.94172745,-1.430000565,0.474471738
2021,7,15,0.499105185,0.025758112,-0.474309862,0.308701278,30.81811189,603.3219299,95.50416565,-0.604568816,0.556783105
2021,8,15,0.578150094,0.273607731,-0.477331102,0.696290604,28.40648252,231.1285629,603.3219299,1.526618802,0.769303359
2021,9,15,0.807671964,0.273321807,-0.682726324,0.499963065,27.94454545,623.9423256,231.1285629,1.930441568,0.809572229
2022,6,15,0.502256632,-0.014346935,-0.534080565,0.296383407,37.16648252,119.8964715,623.9423256,-0.463365735,0.570863758
2022,7,15,0.824175835,0.237229601,-0.695143223,0.58488987,30.34327739,546.2501793,119.8964715,1.947519805,0.811275257
2022,8,15,0.885578692,0.284021556,-0.764183521,0.646931936,30.05154545,431.2524834,546.2501793,2.783645251,0.89465299
2022,9,15,0.623650849,0.268282115,-0.519543231,0.606236765,28.07053147,169.4045589,431.2524834,1.39406656,0.75608536
2023,6,15,0.590344429,0.086638629,-0.561807871,0.412496434,32.3488042,232.7456894,169.4045589,0.185428901,0.635561019
2023,7,15,-0.035814893,0.123413742,0.071605131,1.402672318,27.88829371,574.9056797,232.7456894,-0.208984024,0.596230491
2023,8,15,0.76920408,0.260556579,-0.666817904,0.577354268,27.91304429,373.8112812,574.9056797,2.102064871,0.826686362
2023,9,15,0.856573701,0.27082023,-0.779302478,0.538100189,28.62065734,414.6608887,373.8112812,2.379822612,0.854384133
2024,6,15,0.484463334,-0.067230232,-0.517859519,0.282049041,38.80355245,68.32169473,414.6608887,-0.909542949,0.526371338
2024,7,15,0.679674327,0.223374128,-0.557686687,0.601696715,29.6603683,422.0873051,68.32169473,1.250513793,0.741770398
2024,8,15,0.184141889,0.158311009,-0.143576831,0.549159925,28.9275711,431.5441689,422.0873051,-0.90795253,0.526529933
2024,9,15,0.696143568,0.271654844,-0.582306623,0.47477708,28.59551049,234.0632116,431.5441689,1.428487634,0.759517801
2025,6,15,0.600994408,0.036411185,-0.58718425,0.364547991,34.72811655,122.748531,234.0632116,-0.015708885,0.615503727
2025,8,15,0.866242051,0.259722501,-0.764094114,0.587749971,27.72189744,773.5613537,122.748531,2.363323966,0.852738901
2025,9,15,0.666326106,0.195178986,-0.589289069,0.459876574,27.20000699,257.2334595,773.5613537,1.328047537,0.749501998
2019,6,16,0.556123912,0.187425867,-0.548288107,0.394644276,30.74831247,81.27049321,81.4493382,0.310539815,0.648036975
2019,7,16,0.587666571,0.207712188,-0.529548109,0.412635174,25.82682893,295.4120026,81.27049321,0.546356282,0.671552397
2019,8,16,0.433514446,0.166978836,-0.360259742,0.612974741,25.7406815,216.2402911,295.4120026,0.234820891,0.640486347
2019,9,16,0.637935281,0.164939404,-0.5858441,0.471298763,25.38892907,350.0979214,216.2402911,0.876163573,0.704440505
2020,6,16,0.616674662,0.196838543,-0.600569248,0.441539728,28.95849096,88.59399302,350.0979214,0.892090719,0.706028747
2020,7,16,0.537271976,0.179232627,-0.507551253,0.398804713,27.58640473,161.1069877,88.59399302,0.215093238,0.638519122
2020,8,16,0.60817802,0.155400157,-0.54943192,0.417201129,25.648637,411.6101484,161.1069877,0.548968343,0.67181287
2020,9,16,0.625031769,0.160207182,-0.602564096,0.441591034,26.90337969,147.2233315,411.6101484,0.868939099,0.703720087
2021,6,16,0.572782815,0.187601343,-0.545366585,0.389966962,28.06041029,92.98756218,147.2233315,0.40729411,0.657685233
2021,7,16,0.532627404,0.185953707,-0.527361989,0.349198312,26.77055633,369.5552249,92.98756218,0.219471023,0.638955671
2021,8,16,0.668016195,0.252739727,-0.565878391,0.577888469,25.07429764,166.4744034,369.5552249,1.484605066,0.765113784
2021,9,16,0.553005457,0.124365002,-0.540796936,0.379238492,24.2127886,736.3869286,166.4744034,0.307525007,0.647736341
2022,6,16,0.464387476,0.117647059,-0.510613203,0.289818182,31.19514604,93.49662304,736.3869286,-0.036116603,0.613468686
2022,8,16,0.513375163,0.131395772,-0.53353405,0.439491309,25.31045202,196.7099109,93.49662304,0.193552016,0.636371049
2022,9,16,0.731094122,0.238571897,-0.659597814,0.584053523,24.79388734,234.5178554,196.7099109,1.71918929,0.788506328
2023,6,16,0.580026746,0.171570241,-0.538701296,0.435044675,27.77888734,178.564075,234.5178554,0.528149931,0.669736875
2023,7,16,0.680737495,0.221008107,-0.616802812,0.536037604,25.8691516,420.847847,178.564075,1.35638514,0.7523278
2023,8,16,0.747217417,0.22299169,-0.648156762,0.528590426,24.07569541,226.2511387,420.847847,1.700360416,0.786628728
2023,9,16,0.627369881,0.142389014,-0.595292926,0.408143294,24.77232962,414.4645882,226.2511387,0.688146376,0.685691587
2024,6,16,0.544066966,0.120217517,-0.574160218,0.373891859,31.69842142,47.00681162,414.4645882,0.264897198,0.643485532
2024,7,16,0.632273316,0.190711066,-0.577173352,0.482914278,25.86812239,256.7934837,47.00681162,0.824619446,0.699300568
2024,8,16,0.792741597,0.271712154,-0.667344451,0.639100395,23.78292304,317.0443059,256.7934837,2.169838738,0.833444716
2024,9,16,0.766720116,0.236631319,-0.683140457,0.58710657,24.56053547,335.6822977,317.0443059,1.950765186,0.811598883
2025,6,16,0.502206683,0.138671562,-0.541729391,0.340118659,26.16312239,68.76584158,335.6822977,0.1089609,0.627935694
2025,7,16,0.685189486,0.216719821,-0.603185117,0.540297741,23.76034771,380.0838208,68.76584158,1.278860806,0.744597138
2025,8,16,0.739504695,0.227924109,-0.632223129,0.560080567,21.62052156,465.2807045,380.0838208,1.784628752,0.795031896
2025,9,16,0.679738581,0.156931743,-0.6506024,0.441412794,23.48566759,354.3684387,465.2807045,1.207937672,0.737524742
2019,7,17,0.203411371,0.111279972,-0.198210225,0.042290309,16.16993819,47.365592,23.86410288,-2.173992426,0.400281489
2019,8,17,0.396965861,0.113218069,-0.324940056,0.156304445,16.29987637,94.7716465,47.365592,-1.173110184,0.500088633
2019,9,17,0.218004227,0.044186231,-0.216975585,0.328669783,18.37253434,112.0139856,94.7716465,-1.661358558,0.451400912
2020,6,17,0.446215034,-0.011706471,-0.468324095,0.159757798,18.72184753,19.82396614,112.0139856,-1.140304314,0.503360007
2020,7,17,0.146699876,0.008431703,-0.056447912,-0.057549086,21.07844093,25.84682122,19.82396614,-3.263675651,0.291619186
2020,8,17,0.018079801,0.074544966,0.006993007,0.178482895,17.34403159,128.548903,25.84682122,-2.882528155,0.329626897
2020,9,17,0.410443574,0.005602241,-0.408978432,0.268973696,21.76178571,53.02674103,128.548903,-1.081674842,0.509206489
2021,6,17,0.329782069,0.025045816,-0.359405935,0.147798742,22.88507555,17.47891235,53.02674103,-1.64478485,0.453053628
2021,7,17,0.240396529,-0.048839852,-0.288288295,0.14042199,19.73035714,69.81546783,17.47891235,-2.241983592,0.393501467
2021,8,17,0.110444061,0.061383214,-0.09448833,0.260744383,18.40390797,48.46186352,69.81546783,-2.306030546,0.387114758
2021,9,17,0.043915607,0.101899758,-0.015538929,0.195372034,16.91997253,200.3036976,48.46186352,-2.610995369,0.35670392
2022,6,17,0.498899996,0.081952482,-0.474107265,0.383615254,21.52946429,20.37512404,200.3036976,-0.187202922,0.598402484
2022,8,17,0.065509759,0.143655419,-0.040677965,0.355294118,17.34214973,76.53248215,20.37512404,-2.060758105,0.411573122
2022,9,17,0.475390851,0.039427988,-0.446905166,0.319728951,18.43467033,86.97646523,76.53248215,-0.610087713,0.556232765
2023,6,17,0.058340181,0.059864227,-0.003506038,0.202415861,18.9651717,47.96898985,86.97646523,-2.764574945,0.341389092
2023,7,17,0.540967762,0.152367935,-0.455220342,0.492144195,18.18036401,68.19107533,47.96898985,0.289758344,0.645964664
2023,8,17,0.49957639,0.121951222,-0.421686739,0.414361389,16.16695055,80.12942147,68.19107533,-0.11192827,0.60590881
2023,9,17,0.071828738,0.059370428,-0.067185178,0.203208969,18.16914148,145.4364967,80.12942147,-2.559357212,0.361853234
2024,6,17,0.382079005,0.005624155,-0.380106568,0.294521367,21.16309753,10.91612223,145.4364967,-1.145682729,0.502823676
2024,7,17,0.377284139,0.082564466,-0.346881568,0.264328377,18.75975962,34.27370644,10.91612223,-1.093957222,0.5079817
2024,8,17,0.475690305,0.131033063,-0.425226063,0.447377587,17.58099588,105.1522837,34.27370644,-0.086521276,0.608442374
2024,9,17,0.400058359,-0.019615857,-0.414504707,0.253382125,18.64620879,157.6072437,105.1522837,-1.164167105,0.500980429
2025,6,17,0.186722681,0.079628639,-0.181290418,0.25190669,18.46133242,16.7846856,157.6072437,-1.845667893,0.433021738
2025,7,17,0.512788236,0.167067438,-0.460137606,0.446513326,15.90744505,65.5755747,16.7846856,0.197166696,0.636731502
2025,8,17,0.03701666,0.126375228,-0.009106256,0.013517839,15.38969093,190.2865753,65.5755747,-2.932205732,0.32467309
2025,9,17,0.375633001,0.027190333,-0.42399013,0.23062292,18.0593956,123.5651212,190.2865753,-1.03536195,0.513824772
2019,7,18,0.585048258,0.271616131,-0.511075556,0.447424619,23.52266017,417.6717205,90.36598152,0.845381239,0.701370917
2019,8,18,0.608296275,0.354291409,-0.471002698,0.425213765,22.06743733,321.7710609,417.6717205,1.231015159,0.73982601
2019,9,18,0.510783195,0.337936133,-0.422649115,0.445033583,21.30582869,225.4270105,321.7710609,0.824218373,0.699260573
2020,6,18,0.796027184,0.396417767,-0.735102534,0.357584496,25.62663649,113.2928747,225.4270105,2.049557392,0.82145036
2020,7,18,0.567049801,0.296648562,-0.503281713,0.45247454,23.31183148,283.337975,113.2928747,0.872518793,0.704077051
2020,8,18,0.712524593,0.4025307,-0.578238845,0.419785425,19.59516017,553.318346,283.337975,1.853552635,0.801904929
2020,9,18,0.796677232,0.428739011,-0.672566354,0.451776232,24.31844708,67.37487388,553.318346,2.429915832,0.859379387
2021,6,18,0.692128718,0.308710039,-0.616438329,0.412336499,23.9498468,101.0806313,67.37487388,1.291236485,0.745831231
2021,7,18,0.655758321,0.330605775,-0.551617026,0.397626519,19.81770891,558.2682419,101.0806313,1.263194839,0.743034941
2021,8,18,0.370323867,0.194125921,-0.287144184,0.436778687,21.8906337,189.1344109,558.2682419,-0.166227456,0.60049414
2021,9,18,0.706861675,0.355557531,-0.553837836,0.473290478,20.27263231,321.2019749,189.1344109,1.631404648,0.779752516
2022,6,18,0.732946277,0.335570484,-0.604838729,0.410398685,26.9438324,114.660203,321.2019749,1.561201434,0.77275191
2022,7,18,0.181004286,0.1542705,-0.104477614,0.684226015,22.69277623,480.789628,114.660203,-0.826933529,0.534609081
2022,8,18,0.761744976,0.345722526,-0.662707865,0.39498869,21.37379526,351.1251745,480.789628,1.977223969,0.814237331
2022,9,18,0.697032452,0.371302694,-0.584917843,0.417140359,21.29059889,142.0178223,351.1251745,1.664961864,0.783098814
2023,6,18,0.400337517,0.278766751,-0.322402656,0.73910021,23.43034819,225.3781204,142.0178223,0.65834841,0.682720159
2023,7,18,0.779926836,0.386631936,-0.661111236,0.44226874,23.58440111,646.4750957,225.3781204,2.125042667,0.828977689
2023,8,18,0.76478368,0.394655734,-0.626390815,0.460095428,19.79645543,356.7295208,646.4750957,2.328559338,0.849272202
2023,9,18,0.774285734,0.416741133,-0.667114079,0.44600939,23.11220752,260.5577393,356.7295208,2.246603592,0.841099643
2024,6,18,0.690987885,0.364665776,-0.585331619,0.466768597,27.52208914,62.8246178,260.5577393,1.589402141,0.775564062
2024,7,18,0.358071238,0.225740522,-0.290246695,0.29587693,22.84626509,361.9358616,62.8246178,-0.677147128,0.549545656
2024,8,18,0.757847548,0.371028841,-0.641311944,0.421411354,22.42110492,374.9981108,361.9358616,1.978059172,0.814320617
2024,9,18,0.75344038,0.372957081,-0.608016372,0.462092174,22.37693593,232.0583721,374.9981108,1.965970634,0.813115158
2025,6,18,0.752504051,0.378995448,-0.594356239,0.449131812,22.59166435,127.8181407,232.0583721,1.810605469,0.797622273
2025,8,18,0.660034597,0.457099468,-0.478428364,0.397520058,20.51469824,693.6289263,127.8181407,1.555323112,0.772165729
2025,9,18,0.745325804,0.344149321,-0.639098406,0.41566907,21.55237465,254.0215378,693.6289263,2.0371377,0.820211878
2019,6,19,0.62926501,0.107674204,-0.608976126,0.449214083,40.14979487,44.47644204,79.05183554,0.340772979,0.651051801
2019,7,19,0.544862151,0.121023513,-0.522727251,0.433126163,32.80968765,586.6453476,44.47644204,0.140663959,0.631097096
2019,8,19,0.673645556,0.286577135,-0.571940839,0.611166384,29.9817972,277.9417963,586.6453476,1.793087466,0.795875392
2019,9,19,0.833715379,0.342281878,-0.711729228,0.729497137,27.88535664,297.3525372,277.9417963,2.755824227,0.8918787
2020,6,19,0.539616346,0.225134194,-0.613636374,0.408085431,35.61617483,73.24758607,297.3525372,0.65632085,0.682517972
2020,7,19,0.592420936,0.235306993,-0.516911089,0.553724256,30.2512028,290.9910942,73.24758607,0.867903527,0.70361682
2020,8,19,0.545651913,0.227723867,-0.466786832,0.577768346,28.8396317,655.7854376,290.9910942,0.901364124,0.706953483
2020,9,19,0.819182694,0.34270981,-0.72184366,0.683519944,30.29044056,99.73230909,655.7854376,2.814459263,0.897725737
2021,6,19,0.510555208,0.002013094,-0.554837465,0.303296134,35.44670629,45.13999653,99.73230909,-0.646707813,0.552581039
2021,7,19,0.569494307,0.070046239,-0.595505595,0.33822371,30.33494172,668.7969971,45.13999653,0.035510008,0.620611232
2021,8,19,0.054631829,0.114302814,-0.006422365,0.409285278,28.660662,233.5553932,668.7969971,-1.85093186,0.43249682
2021,9,19,0.848932683,0.326015353,-0.699622631,0.727563867,27.42893706,610.3136253,233.5553932,2.7421503,0.890515148
2022,6,19,0.666034162,0.109718993,-0.644579709,0.449379987,36.63548951,87.85805833,610.3136253,0.896334605,0.706451944
2022,8,19,0.882062733,0.321525633,-0.765464306,0.768436415,29.64404196,295.3240204,87.85805833,2.86366927,0.902632918
2022,9,19,0.651330888,0.251743048,-0.537317276,0.735265997,28.20890909,204.5798283,295.3240204,1.645830758,0.781191076
2023,6,19,0.714435399,0.13532269,-0.6668365,0.48871409,32.90834266,166.6318474,204.5798283,1.035634837,0.720342847
2023,7,19,0.795386136,0.223174095,-0.682359397,0.596666079,28.47357343,645.0222263,166.6318474,1.906043705,0.807139295
2023,8,19,0.836704135,0.321623266,-0.715585113,0.700753611,27.83858042,250.0500755,645.0222263,2.859479659,0.902215134
2023,9,19,0.800939023,0.349839449,-0.70410651,0.71519276,28.52911888,393.5712681,250.0500755,2.653809609,0.881705888
2024,6,19,0.427988589,-0.02136161,-0.544131935,0.290046656,37.74498601,41.91237776,393.5712681,-0.804960171,0.536800246
2024,7,19,0.434044033,0.14778471,-0.355228513,0.442963742,30.23236364,459.5390444,41.91237776,-0.38038584,0.579138444
2024,8,19,0.891944349,0.377620727,-0.73737371,0.875543841,28.38379021,449.4922211,459.5390444,3.519743757,0.96805612
2024,9,19,0.800166965,0.350084633,-0.68239969,0.818918348,28.64141958,279.5942568,449.4922211,2.930303242,0.909277603
2025,6,19,0.618107617,0.140146658,-0.591653287,0.473421947,31.8802634,79.16927622,279.5942568,0.672901511,0.684171382
2025,7,19,0.796366155,0.298476011,-0.665077865,0.822359105,29.0981958,659.5720384,79.16927622,2.555577048,0.871910219
2025,8,19,0.68329072,0.257872969,-0.576291561,0.59228839,27.44559441,625.1620188,659.5720384,1.833606222,0.799915889
2025,9,19,0.823887765,0.344760865,-0.751773059,0.787860415,27.57551515,343.0458679,625.1620188,3.195498392,0.935722642
2019,6,20,0.206705913,-0.128947407,-0.361748487,0.129550533,47.35642559,40.24146966,83.72544956,-2.744033783,0.34343744
2019,7,20,0.171822935,-0.153370008,-0.281162143,0.108232896,36.05742003,419.4969635,40.24146966,-2.948552748,0.323042979
2019,8,20,0.19399783,0.113432221,-0.169191107,0.222743494,31.36926982,202.7052135,419.4969635,-1.771967069,0.440371123
2019,9,20,0.389384687,0.08094281,-0.360625565,0.342902052,29.72699583,259.9951439,202.7052135,-0.840814457,0.533224886
2020,6,20,0.621791542,0.170034945,-0.637202144,0.561826477,36.96140473,65.6115095,259.9951439,1.004114604,0.717199676
2020,7,20,0.457355171,0.092460737,-0.469618797,0.363213266,32.09675243,199.1871614,65.6115095,-0.479377697,0.569267059
2020,8,20,0.366888702,0.058503829,-0.317908078,0.438538436,30.22595271,576.6033802,199.1871614,-0.800470056,0.537247996
2020,9,20,0.525116682,0.013735732,-0.490373731,0.364885377,32.09194715,88.56581743,576.6033802,-0.24463205,0.592675699
2021,6,20,0.115235351,-0.121374473,-0.253183037,0.086447773,39.89318498,39.85451412,88.56581743,-3.172828032,0.300678435
2021,7,20,0.225257188,-0.051229227,-0.265228897,0.187061804,32.97281409,519.846653,39.85451412,-2.297691126,0.387946358
2021,8,20,0.387865156,0.068211071,-0.381655484,0.327887538,29.62930459,205.6916847,519.846653,-0.681603874,0.549101233
2021,9,20,0.57429719,0.079482444,-0.520060539,0.450779461,28.59424896,507.6836433,205.6916847,0.236715721,0.640675298
2022,6,20,0.09068168,-0.051085051,-0.229034528,0.079534858,40.6727121,67.41536438,507.6836433,-2.807357767,0.337122825
2022,8,20,0.662729442,0.192195728,-0.571938157,0.568290677,30.97505563,274.9273129,67.41536438,1.023588173,0.719141564
2022,9,20,0.509390235,0.121946402,-0.462110996,0.453181029,29.27154381,132.0776314,274.9273129,0.06510593,0.623562513
2023,6,20,0.200500205,-0.099155456,-0.325408608,0.14617395,35.49382476,150.5009737,132.0776314,-2.506489245,0.367125183
2023,7,20,0.577232063,0.160614759,-0.507165313,0.450168254,31.61072323,406.4418602,150.5009737,0.389036649,0.655864614
2023,8,20,0.469961226,0.09847936,-0.460760713,0.346725765,29.52211405,185.3011246,406.4418602,-0.246982114,0.592441353
2023,9,20,0.56741029,0.161397889,-0.529401183,0.453428433,29.4561057,316.1482506,185.3011246,0.460883436,0.663029116
2024,6,20,0.084433772,-0.142348185,-0.247109205,0.061024988,42.60735049,40.99154235,316.1482506,-3.271990267,0.290790059
2024,7,20,0.164579809,-0.024752654,-0.268700123,0.113174008,33.07521094,354.5004005,40.99154235,-2.529457755,0.364834783
2024,8,20,0.6230492,0.221318886,-0.591337085,0.433366733,28.63269819,389.6796209,354.5004005,1.014397821,0.71822511
2024,9,20,0.57540834,0.19988884,-0.539563596,0.411117269,29.13984701,215.9510276,389.6796209,0.648899308,0.681777902
2025,6,20,0.088730976,-0.098903008,-0.22470285,0.066067449,36.45022717,74.96306023,215.9510276,-3.138184164,0.304133092
2025,7,20,0.50772202,0.150644571,-0.455731601,0.405895517,30.54641168,471.2395637,74.96306023,-0.03542056,0.613538095
2025,8,20,0.548005998,0.185271576,-0.48152256,0.41313493,27.89614743,531.0783539,471.2395637,0.536904294,0.670609853
2025,9,20,0.062711231,-0.083103836,-0.131095126,0.054059303,28.17267038,253.7985229,531.0783539,-3.05390513,0.312537327
2019,7,21,0.481557697,-0.035682689,-0.484220117,0.35365058,22.31136681,352.6652241,121.5792335,-0.651677512,0.552085465
2019,8,21,-0.02634779,0.099816851,0.040351577,0.440408913,20.00321246,311.7389202,352.6652241,-2.19032126,0.398653192
2019,9,21,0.07073807,0.118891507,-0.032717127,0.28134888,20.03175965,226.9860153,311.7389202,-2.135671644,0.404102806
2020,6,21,0.496054083,-0.012802579,-0.5116207,0.241266111,20.61147141,130.0408547,226.9860153,-0.683732794,0.548888939
2020,7,21,0.000465333,0.125238642,0.012855831,0.282907197,22.80503952,286.2788264,130.0408547,-2.508191855,0.366955401
2020,8,21,0.127366439,0.084299587,-0.097443573,0.360082139,15.02685728,471.4875956,286.2788264,-1.705553203,0.446993859
2020,9,21,0.581233263,0.023958333,-0.565588176,0.396126439,23.80776848,64.69858207,471.4875956,0.192041182,0.63622039
2021,6,21,0.40726006,-0.064163819,-0.425692707,0.30825398,21.87525802,123.1674118,64.69858207,-1.222265167,0.495186939
2021,7,21,0.190057978,0.093233101,-0.136669114,0.192519204,18.64223617,506.388258,123.1674118,-1.955790489,0.422040405
2021,9,21,0.468413174,0.001532479,-0.443373084,0.370120601,20.54242678,245.4308586,161.6242027,-0.590798101,0.558156309
2022,6,21,0.329962075,0.014954173,-0.341836721,0.298141683,24.31730823,113.9626596,245.4308586,-1.267332794,0.490692833
2022,7,21,-0.029896036,0.205389708,0.068449967,0.132064692,20.60754533,428.8493633,113.9626596,-2.724973141,0.345338151
2022,8,21,0.636707127,0.032697547,-0.561277032,0.449847445,18.5167643,342.7645178,428.8493633,0.545145051,0.671431614
2022,9,21,0.54191035,0.01405366,-0.50666666,0.397735906,21.14347978,125.2244792,342.7645178,-0.097121302,0.607385348
2023,6,21,-0.055802755,0.165176228,0.049247194,0.68098899,23.38936541,229.3051872,125.2244792,-1.72881002,0.444674708
2023,7,21,0.557985365,0.01045567,-0.502374411,0.430042966,23.04757322,580.1165199,229.3051872,-0.017365374,0.615338543
2023,8,21,0.615745068,0.042563092,-0.556456625,0.461627508,17.73227336,367.7644229,580.1165199,0.65611772,0.682497716
2023,9,21,0.574531853,-0.003435184,-0.547404408,0.380824373,21.92854254,219.959136,367.7644229,-0.000696582,0.617000741
2024,6,21,0.395730019,-0.012262885,-0.393294454,0.300439346,25.08337517,69.75453728,219.959136,-1.122418964,0.505143519
2024,7,21,0.26568079,0.132611707,-0.223487958,0.405867646,16.44806137,378.2388363,69.75453728,-1.016150045,0.515740567
2024,8,21,0.610676706,0.030177617,-0.561830044,0.42009793,20.20617155,334.7068733,378.2388363,0.361518149,0.653120492
2024,9,21,0.521546245,0.015724333,-0.480983377,0.41871054,23.41890516,186.2114283,334.7068733,-0.171929251,0.599925562
2025,6,21,0.339352101,-0.089364715,-0.392692834,0.230170737,19.92920037,177.7172807,186.2114283,-1.59286047,0.458231484
2025,8,21,-0.030581197,0.189822137,0.046706222,0.509625301,19.50309159,674.3160229,177.7172807,-1.793055386,0.438268214
2025,9,21,0.498686463,-0.03905572,-0.532149136,0.361032667,21.13896792,191.88871,674.3160229,-0.168492242,0.600268298
2018,6,22,0.123399898,-0.195305333,-0.252283096,0.082926158,42.76469317,100.700119,84.17621183,-3.437942091,0.274241481
2019,6,22,0.099137165,-0.131098777,-0.217451066,0.075715287,45.2100186,48.52207763,100.700119,-3.405936975,0.277433005
2019,7,22,0.045904428,-0.099359877,-0.141346648,0.030348663,32.76168759,401.1090164,48.52207763,-3.501933109,0.26786035
2019,8,22,0.707094431,0.286824465,-0.57199204,0.46445807,30.20831241,175.6550436,401.1090164,1.404851284,0.757160804
2019,9,22,0.711015761,0.364289284,-0.592543304,0.621431251,27.34342399,211.4742756,175.6550436,1.968193122,0.813336783
2020,6,22,0.114607386,-0.075574674,-0.212551951,0.078475469,39.14251046,73.41816688,211.4742756,-3.042536185,0.313671029
2020,7,22,0.064077668,0.076268412,-0.104235731,0.049648947,32.81269874,195.0799665,73.41816688,-2.948750026,0.323023307
2020,8,22,0.561216056,0.305625409,-0.462337375,0.357700307,29.35503487,536.6155472,195.0799665,0.609624662,0.677861467
2020,9,22,0.78257966,0.364250124,-0.675582111,0.577708434,29.90372385,75.65025922,536.6155472,2.389885724,0.855387618
2021,6,22,0.082002349,-0.124690257,-0.186336994,0.062955914,36.24569735,47.48189545,75.65025922,-3.426744077,0.275358138
2021,7,22,0.032426387,-0.098982424,-0.125101537,0.04086861,30.34949093,532.0354633,47.48189545,-3.489558492,0.269094337
2021,8,22,0.615090489,0.207393587,-0.495567381,0.455338896,28.81291492,196.3146553,532.0354633,0.842515867,0.701085184
2021,9,22,0.782928944,0.349677026,-0.654225707,0.63307745,27.16700837,398.3278503,196.3146553,2.299816761,0.846406016
2022,6,22,0.103848182,-0.111900531,-0.23031728,0.073261206,39.78524407,72.16003168,398.3278503,-3.048184784,0.313107755
2022,8,22,0.513315141,0.30290249,-0.492757022,0.263943122,29.91975593,267.8866529,72.16003168,0.224639891,0.639471107
2022,9,22,0.802820623,0.368028253,-0.687406003,0.620559246,28.15822176,114.3985398,267.8866529,2.430865045,0.859474041
2023,6,22,0.11215581,-0.090012327,-0.218094885,0.080375084,33.34112273,179.4811134,114.3985398,-3.045210091,0.313404389
2023,7,22,0.136833474,0.393100321,-0.20512931,0.080350586,31.98436541,355.3341389,179.4811134,-1.320326523,0.485408342
2023,8,22,0.752416611,0.340860426,-0.624277472,0.596094346,28.15506974,174.5220413,355.3341389,2.094029921,0.825885123
2023,9,22,0.814491034,0.370431244,-0.708616018,0.645668865,27.66506276,224.1202087,174.5220413,2.539515619,0.870308586
2024,6,22,0.127019987,-0.115998819,-0.262024671,0.100934614,41.30290098,48.04444528,224.1202087,-3.008004425,0.317114507
2024,7,22,0.083040662,0.23768279,-0.1803229,0.047584922,31.97855416,334.8360615,48.04444528,-2.171891214,0.40049102
2024,8,22,0.675900042,0.366105884,-0.546904385,0.417884177,27.92194793,365.0159232,334.8360615,1.464237463,0.763082744
2024,9,22,0.754559934,0.278993368,-0.651321173,0.477160853,28.64769874,182.372541,365.0159232,1.696114867,0.786205366
2025,6,22,0.083101191,-0.121822715,-0.215042591,0.069719459,35.17003487,79.11717892,182.372541,-3.245621625,0.293419518
2025,7,22,-0.004660564,0.074755296,-0.026582137,-0.05438427,28.71093445,450.544138,79.11717892,-3.410205215,0.27700738
2025,8,22,0.810227633,0.312362373,-0.673681319,0.550484315,27.32592748,486.7874107,450.544138,2.273243715,0.843756174
2025,9,22,0.765672684,0.310850441,-0.655099332,0.589556987,26.75492329,210.0501404,486.7874107,2.188081059,0.835263825
2019,7,23,0.418023944,0.127399132,-0.446650833,0.366970957,26.2195636,417.6717205,90.36598152,-0.361868287,0.580984999
2019,8,23,0.777076364,0.397833049,-0.684368014,0.72903716,24.86650418,321.7710609,417.6717205,2.881850229,0.904445908
2019,9,23,0.661261439,0.315113157,-0.600539863,0.594987703,23.67947772,225.4270105,321.7710609,1.796783774,0.796243985
2020,6,23,0.612212121,0.189526379,-0.650024772,0.338906329,27.56601671,113.2928747,225.4270105,0.693686285,0.686244022
2020,7,23,0.508982062,0.180490494,-0.463614613,0.550560085,26.24449164,283.337975,113.2928747,0.444524797,0.661397846
2020,8,23,0.474870235,0.19865191,-0.411421984,0.511032254,22.57945915,553.318346,283.337975,0.426118475,0.659562383
2020,9,23,0.691321492,0.291658819,-0.674395919,0.4973042,26.35527159,67.37487388,553.318346,1.823047164,0.798862949
2021,6,23,0.501066089,0.15126738,-0.518544436,0.36755927,27.12601671,101.0806313,67.37487388,-0.019015232,0.61517402
2021,7,23,0.632732272,0.242409021,-0.584305644,0.5136044,24.62683844,558.2682419,101.0806313,1.191572327,0.735892804
2021,8,23,0.36751622,0.221322268,-0.301478237,0.393044724,24.5023468,189.1344109,558.2682419,-0.176952449,0.599424653
2021,9,23,0.720086455,0.26621896,-0.640712738,0.546979172,23.55906685,321.2019749,189.1344109,1.689059457,0.785501806
2022,6,23,0.413967192,0.123510495,-0.500564992,0.291160726,29.60876741,114.660203,321.2019749,-0.381914348,0.578986023
2022,7,23,0.731267869,0.312149048,-0.601807117,0.908653444,25.07704735,480.789628,114.660203,2.53693145,0.870050895
2022,8,23,0.887536228,0.410541505,-0.768924296,0.791078195,23.8518454,351.1251745,480.789628,3.559114696,0.971982157
2022,9,23,0.739317238,0.312556297,-0.663090646,0.587933784,23.1743454,142.0178223,351.1251745,2.098604453,0.826341292
2023,6,23,0.129588783,0.090061642,-0.098547168,0.251262004,25.92545961,225.3781204,142.0178223,-2.194426975,0.398243773
2023,7,23,0.793415189,0.315727204,-0.677177072,0.705526106,25.65086351,646.4750957,225.3781204,2.509904249,0.867355765
2023,8,23,0.822417855,0.355618536,-0.72187829,0.708662644,23.12269499,356.7295208,646.4750957,3.055334891,0.921745655
2023,9,23,0.734860182,0.282226563,-0.657479465,0.599739473,24.84792479,260.5577393,356.7295208,2.006637774,0.817170451
2024,6,23,0.486985385,0.134009629,-0.525268376,0.365635145,29.98145543,62.8246178,260.5577393,-0.018468865,0.615228504
2024,7,23,0.352410376,0.160859719,-0.311570853,0.407078538,25.73407614,361.9358616,62.8246178,-0.646577034,0.55259408
2024,8,23,0.785321116,0.290023208,-0.691438496,0.618385407,23.9266156,374.9981108,361.9358616,2.301380054,0.846561906
2024,9,23,0.732795537,0.285268903,-0.664180815,0.601750864,24.14299443,232.0583721,374.9981108,2.047147856,0.821210083
2025,6,23,0.476138592,0.136958718,-0.55046922,0.342659097,25.4241156,127.8181407,232.0583721,0.029210049,0.619983005
2025,8,23,0.036253534,0.097955346,-0.015267779,0.302153432,22.75233983,693.6289263,127.8181407,-2.331998513,0.384525254
2025,9,23,0.602555811,0.183050558,-0.600765824,0.442898984,23.4233844,254.0215378,693.6289263,1.135639184,0.730315197
2019,7,24,0.45243755,0.19166173,-0.398205519,0.341031863,17.80318308,94.87440014,63.84536026,-0.219631003,0.595168783
2019,8,24,0.374206096,0.221381053,-0.354665011,0.184627337,15.80202497,117.9787006,94.87440014,-0.68913454,0.548350281
2019,9,24,0.359672934,0.303299814,-0.3398664,0.302426886,16.10307906,161.8536186,117.9787006,-0.20414592,0.596712943
2020,6,24,0.833705306,0.20421353,-0.799400985,0.322255789,19.40006241,57.12006599,161.8536186,1.593031636,0.775925992
2020,7,24,0.845614016,0.278302342,-0.758556306,0.490369408,19.79148405,59.56497508,57.12006599,2.06952272,0.823441286
2020,8,24,0.768483341,0.370212764,-0.664413512,0.384826944,16.84375867,135.9829121,59.56497508,1.80653196,0.797216066
2020,9,24,0.774753809,0.390438348,-0.74189657,0.498789467,18.03030513,75.65131187,135.9829121,2.34254016,0.850666358
2021,6,24,0.042198163,0.033365782,-0.00878952,0.449078949,22.54309293,46.22943687,75.65131187,-2.384710178,0.379268891
2021,7,24,0.237136111,0.147191346,-0.249721825,0.293441433,18.43501387,136.8489237,46.22943687,-1.302836097,0.487152473
2021,8,24,0.690323472,0.320036948,-0.574909806,0.274000692,18.2315742,60.87014389,136.8489237,1.029390328,0.71972015
2021,9,24,0.495861471,0.142793,-0.372858822,0.325568092,15.16300971,162.2410583,60.87014389,-0.337230585,0.583441851
2022,6,24,0.777183592,0.095905468,-0.698239744,0.348479399,21.0598613,55.8284173,162.2410583,0.906818667,0.707497406
2022,7,24,-0.040280543,0.050632913,0.033686422,-0.128460887,17.4691632,106.6640878,55.8284173,-3.815392132,0.236602478
2022,8,24,0.813269317,0.254299015,-0.754470527,0.27667668,17.85074896,103.3918629,106.6640878,1.503005737,0.766948684
2022,9,24,0.597037911,0.186753064,-0.519731402,0.317553153,16.20656033,108.0500245,103.3918629,0.361775496,0.653146155
2023,6,24,0.52391386,0.200859293,-0.55456239,0.275664669,17.62590846,119.4043894,108.0500245,0.227163741,0.639722783
2023,7,24,0.86344099,0.290594757,-0.775952041,0.305128673,18.01439667,136.3208008,119.4043894,1.858975938,0.802445736
2023,8,24,0.852525234,0.309475809,-0.791724145,0.484293691,16.10142164,102.9030561,136.3208008,2.357884975,0.85219653
2023,9,24,0.717480898,0.302539289,-0.761281908,0.268652327,15.65260749,165.8608551,102.9030561,1.491444807,0.765795838
2024,6,24,0.531975031,0.211352453,-0.458217084,0.51649961,21.29454924,31.43305862,165.8608551,0.55447769,0.672362257
2024,7,24,0.880843759,0.310807794,-0.784690261,0.505035545,18.51588766,71.02060175,31.43305862,2.350858006,0.851495806
2024,8,24,0.828306258,0.316075146,-0.740329862,0.525850641,16.91807212,119.3051529,71.02060175,2.249363644,0.841374873
2024,9,24,0.782961905,0.30347386,-0.698942959,0.440103423,17.0926491,182.9950335,119.3051529,1.862605244,0.802807647
2025,6,24,0.738710582,0.268282562,-0.626893461,0.522457014,18.77481969,49.74940898,182.9950335,1.652067705,0.781813019
2025,7,24,0.164647192,0.148620963,-0.140265182,0.295509786,14.25401294,127.3739262,49.74940898,-1.657323143,0.45180332
2025,8,24,0.156335711,0.039901476,-0.167911485,0.141706444,16.99613037,223.096045,127.3739262,-2.277823531,0.389927538
2025,9,24,0.647218466,0.201923072,-0.697516918,0.37450467,16.0092233,171.2189631,223.096045,1.157190861,0.732464313
2019,7,25,0.3590253,0.120345645,-0.312314957,0.394082773,24.01857802,331.1720629,74.81812596,-0.771075582,0.540179189
2019,8,25,0.021435229,0.179614231,0.038174637,0.065412919,21.67753924,269.3810959,331.1720629,-2.683978253,0.349426127
2019,9,25,0.58458966,0.118305467,-0.502239227,0.376232295,23.94722992,171.9603281,269.3810959,0.213473545,0.638357608
2020,6,25,0.682381749,0.145903587,-0.658081234,0.378532642,27.2268144,88.5688957,171.9603281,0.773350124,0.694188034
2020,7,25,0.308282822,0.147209927,-0.241088539,0.498082583,22.32193213,187.0542248,88.5688957,-0.730259742,0.54424931
2020,8,25,0.405207753,0.12017718,-0.34760201,0.419847924,20.39541782,434.8659449,187.0542248,-0.394781285,0.577702943
2020,9,25,0.591920376,0.074889868,-0.587567806,0.365021482,26.38970222,59.51648406,434.8659449,0.312137658,0.648196311
2021,6,25,0.709819436,0.18348065,-0.63067925,0.546649856,27.74594183,74.67647552,59.51648406,1.18414916,0.735152572
2021,7,25,0.645164669,0.151646942,-0.583167315,0.483725702,21.22698753,416.8226891,74.67647552,0.845924436,0.701425084
2021,8,25,0.15723899,0.191125557,-0.097321905,-0.690015782,20.01132271,174.3029537,416.8226891,-3.637551222,0.254336625
2021,9,25,0.463792711,0.102507137,-0.405264288,0.48587036,20.58995152,290.9339933,174.3029537,-0.083417727,0.608751857
2022,6,25,0.486581087,0.025599742,-0.524347186,0.359173127,30.20206371,99.35852218,290.9339933,-0.373439847,0.579831093
2022,7,25,0.752270877,0.224289626,-0.62480855,0.675114866,20.84772853,373.3507595,99.35852218,1.852381164,0.801788111
2022,8,25,0.802085638,0.253588527,-0.681225419,0.64694513,22.01836103,233.2138491,373.3507595,2.258110664,0.842247118
2022,9,25,0.278857917,0.130630627,-0.268852025,0.484778293,22.99472299,112.8636266,233.2138491,-0.746112735,0.542668463
2023,6,25,0.335423529,0.065090641,-0.330726475,0.357433225,25.24885734,197.2547035,112.8636266,-1.061996043,0.511168843
2023,7,25,0.367484152,0.073176518,-0.322192699,0.461561236,21.30749769,438.9502983,197.2547035,-0.605970488,0.556643331
2023,8,25,0.338499159,0.115090922,-0.295149714,0.045254403,20.10261773,255.1501222,438.9502983,-1.380722664,0.479385689
2023,9,25,0.681841969,0.091341257,-0.64221555,0.465456884,24.05250693,192.7791233,255.1501222,0.856797532,0.70250934
2024,6,25,0.419599503,-0.03215212,-0.483741403,0.316022413,32.56163435,45.38053703,192.7791233,-1.00423688,0.516928538
2024,7,25,0.324787229,0.051178716,-0.287713677,0.348394934,22.39637119,243.0042171,45.38053703,-1.250280593,0.492393264
2024,8,25,0.762897909,0.188397214,-0.64785552,0.629300978,20.96958218,334.9360569,243.0042171,1.790009705,0.795568481
2024,9,25,0.551013291,0.130954623,-0.476647019,0.514096986,23.25855263,194.6122767,334.9360569,0.479627758,0.664898284
2025,6,25,0.581850529,0.052401062,-0.557599664,0.440076833,23.89583795,79.43190183,194.6122767,0.195134531,0.636528857
2025,8,25,0.710155964,0.157420516,-0.618430555,0.658414445,22.54474608,538.2801971,79.43190183,1.485193371,0.76517245
2025,9,25,0.651882946,0.125024095,-0.599513531,0.386212847,21.06322022,195.7000332,538.2801971,0.843052086,0.701138656
2019,7,26,0.233790383,0.055078868,-0.238344491,0.188235634,31.16847645,194.1296053,62.44739825,-2.014039931,0.416231819
2019,8,26,0.443086803,0.180476725,-0.382624775,0.28738269,28.76709141,158.1573029,194.1296053,-0.476164305,0.569587496
2019,9,26,0.496320367,0.116790742,-0.418418616,0.307668314,28.81169668,124.5760603,158.1573029,-0.472820578,0.569920929
2020,6,26,0.34053731,0.054894384,-0.400481164,0.148745062,32.64876731,61.41717924,124.5760603,-1.492037579,0.468285459
2020,7,26,0.357053697,0.052274927,-0.313781142,0.23432189,32.36545014,117.8963044,61.41717924,-1.50610647,0.466882521
2020,8,26,0.332871884,0.047244079,-0.317984968,0.201856927,30.39280471,268.5772252,117.8963044,-1.547025454,0.462802114
2020,9,26,0.439583331,0.101015501,-0.415706813,0.25757884,28.86496537,51.0640974,268.5772252,-0.711938246,0.546076315
2021,6,26,0.21486643,0.048727274,-0.226979479,0.139685895,32.41806787,61.13460064,51.0640974,-2.25941719,0.391763003
2021,7,26,0.220163211,0.037898246,-0.246147066,0.147689436,30.29480609,274.3393712,61.13460064,-2.145623168,0.403110448
2021,8,26,0.255274802,0.037338793,-0.266962528,0.170247462,30.10166205,103.7899675,274.3393712,-1.870695117,0.430526044
2021,9,26,0.26828441,0.03319937,-0.273667842,0.156786808,28.33981994,222.0117321,103.7899675,-1.9306744,0.42454496
2022,6,26,0.219094247,0.036345776,-0.234200746,0.145463411,33.11480609,67.98623979,222.0117321,-2.162426183,0.401434866
2022,7,26,0.311241865,0.07325729,-0.282641619,0.216800414,29.44009464,258.7876425,67.98623979,-1.579246367,0.459589071
2022,8,26,0.455145508,0.146030247,-0.414406538,0.304422861,28.35540859,151.0629377,258.7876425,-0.407872793,0.576397468
2022,9,26,0.429240555,0.130457789,-0.422680408,0.258169672,27.02557479,76.11342084,151.0629377,-0.663764581,0.550880152
2023,6,26,0.310011476,0.073216878,-0.308905244,0.212633992,28.35839335,142.1981878,76.11342084,-1.533625956,0.464138301
2023,7,26,0.395407468,0.112338386,-0.365555614,0.263411783,27.59810942,285.6018963,142.1981878,-0.892387729,0.528082042
2023,8,26,0.414203376,0.093305193,-0.386565894,0.251922537,27.33945291,164.2411838,285.6018963,-0.821932742,0.535107755
2023,9,26,0.429990083,0.117723159,-0.407504946,0.260039236,26.81259003,154.4605427,164.2411838,-0.709858675,0.546283688
2024,6,26,0.337590724,0.096374698,-0.34091416,0.23016768,32.12083795,33.71185303,154.4605427,-1.302145088,0.48722138
2024,7,26,0.397148937,0.08715874,-0.379362255,0.258822381,30.22882271,151.5187273,33.71185303,-1.077315052,0.509641244
2024,8,26,0.468215555,0.132968128,-0.439417899,0.282372631,26.22159972,204.3663381,151.5187273,-0.441817188,0.573012562
2024,9,26,0.449521095,0.097469673,-0.432622999,0.26001251,27.92173823,156.8392267,204.3663381,-0.663906716,0.550865979
2025,6,26,0.342278033,0.101107709,-0.340747088,0.222833669,27.22405817,55.4534474,156.8392267,-1.225376205,0.494876709
2025,8,26,0.480067015,0.127616137,-0.409700066,0.293286942,25.39606648,351.549727,55.4534474,-0.500400608,0.567170672
2025,9,26,0.396992296,0.079603963,-0.391328901,0.219964755,24.9224723,134.4737978,351.549727,-0.898530583,0.527469482
2019,7,27,0.235169679,0.03163093,-0.252000391,0.227370894,27.75153576,374.1152229,73.44107568,-1.885067394,0.429092853
2019,8,27,0.424892694,0.273097664,-0.255198479,0.755765989,26.06399018,279.4501224,374.1152229,0.693018931,0.686177474
2019,9,27,0.194407284,0.152537972,-0.133499235,0.448339301,24.04014025,146.5269766,279.4501224,-1.234924022,0.493924609
2020,6,27,0.578041494,0.099627227,-0.601139784,0.289290794,30.86261571,91.40173519,146.5269766,-1.62E-05,0.617068589
2020,7,27,0.309342325,0.162417382,-0.230384812,0.557112152,26.20336606,214.9842349,91.40173519,-0.614099357,0.555832727
2020,8,27,0.819368899,0.327101618,-0.68741858,0.739013624,25.47861851,482.9963923,214.9842349,2.665390078,0.882860682
2020,9,27,0.71378094,0.205468103,-0.638974965,0.482637783,26.78335905,49.03111548,482.9963923,1.41581987,0.758254582
2021,6,27,0.512735307,0.071162514,-0.503163695,0.34806796,31.44863254,79.02427292,49.03111548,-0.409922666,0.576193057
2021,7,27,0.54560703,0.11050158,-0.506735027,0.390984788,27.18118981,445.6539688,79.02427292,0.040850344,0.621143766
2021,8,27,-0.017168686,0.080902159,0.036557283,0.067062879,24.62744039,169.1398716,445.6539688,-3.074934544,0.310440292
2021,9,27,0.462438434,0.22377941,-0.383849949,0.351361532,24.77536466,235.7109442,169.1398716,-0.096036349,0.607493539
2022,6,27,0.522222221,0.079802953,-0.511724114,0.376063014,32.89866059,105.2352841,235.7109442,-0.175177962,0.599601603
2022,7,27,0.541231573,0.237173006,-0.442534536,0.720241518,25.66941094,382.9107203,105.2352841,1.049264634,0.721701999
2022,8,27,0.893929958,0.371848732,-0.747324169,0.771803677,24.38848294,247.484807,382.9107203,3.262185599,0.942372635
2022,9,27,0.719909489,0.288698018,-0.623905182,0.563385676,24.7515568,106.192338,247.484807,1.738558383,0.790437798
2023,6,27,0.216391951,0.096055217,-0.213038161,0.528550138,29.44041374,195.3237019,106.192338,-1.1766839,0.499732265
2023,7,27,0.673799098,0.212192208,-0.538843572,0.3446076,26.72802712,511.691906,195.3237019,0.7237084,0.689237803
2023,8,27,0.409704268,0.224965706,-0.33137244,1.359285745,23.59200327,262.4662037,511.691906,2.122244605,0.828698668
2023,9,27,0.749364972,0.294929296,-0.683781564,0.600845851,25.86043478,170.1621895,262.4662037,2.055669994,0.822059903
2024,6,27,0.377670377,0.012563429,-0.443385482,0.266809181,34.06076438,50.51271303,170.1621895,-1.182270454,0.499175179
2024,7,27,0.748342335,0.271719724,-0.620990038,0.680136025,25.24562412,269.323144,50.51271303,1.897421572,0.806279503
2024,8,27,0.797597945,0.336553931,-0.682329118,0.760665465,25.29492754,348.2805652,269.323144,2.694550286,0.885768514
2024,9,27,0.738546908,0.271320283,-0.650347412,0.520536014,25.26367461,164.3898925,348.2805652,1.757434093,0.792320068
2025,6,27,0.419230759,0.041269843,-0.452491015,0.289893617,28.18902525,91.28979053,164.3898925,-0.845549518,0.53275271
2025,8,27,0.81526494,0.351429611,-0.673688948,0.376110164,25.35360916,541.9291463,91.28979053,1.842080583,0.800760945
2025,9,27,0.448516518,0.156065375,-0.410688967,0.333401532,23.60920757,182.0084405,541.9291463,-0.09144701,0.607951184
2019,7,28,0.717250347,0.174111426,-0.664806545,0.47151719,23.73097067,354.2716618,73.57292795,1.199247628,0.736658178
2019,8,28,0.825575471,0.282198668,-0.708881974,0.619357703,24.4322486,281.7219901,354.2716618,2.376615499,0.854064322
2019,9,28,0.756856978,0.241143972,-0.665361106,0.524980332,23.70300978,148.2455492,281.7219901,1.716943181,0.788282348
2020,6,28,0.617920518,0.129550427,-0.672290623,0.274947839,26.86039106,90.82761788,148.2455492,0.374423891,0.654407442
2020,7,28,0.723199606,0.24616915,-0.625925004,0.553614458,25.43083799,221.86054,90.82761788,1.504070771,0.767054888
2020,8,28,0.550810933,0.210796118,-0.429360271,0.549779173,23.45816341,471.9315882,221.86054,0.693971986,0.686272512
2020,9,28,0.827745318,0.261953801,-0.733878016,0.509261119,25.71768156,49.18016672,471.9315882,2.141588944,0.83062767
2021,6,28,0.469411105,0.092102565,-0.513991177,0.301111908,27.35442737,79.66903877,49.18016672,-0.460531024,0.571146433
2021,7,28,0.558599114,0.129108965,-0.562769175,0.354019092,23.01493017,439.4546461,79.66903877,0.233796429,0.640384189
2021,8,28,0.743620157,0.304909766,-0.645734072,0.596865911,23.94222765,163.8335028,439.4546461,2.110883726,0.827565771
2021,9,28,0.834895015,0.270418942,-0.73838228,0.531565399,23.6196648,237.2327271,163.8335028,2.116713335,0.828147095
2022,6,28,0.68390131,0.138204917,-0.661456823,0.413675457,28.71389665,103.0117004,237.2327271,0.86127427,0.702955757
2022,7,28,0.552025437,0.245577693,-0.464767605,0.686013227,24.98305866,383.2132368,103.0117004,1.085274768,0.7252929
2022,8,28,0.893893898,0.353361934,-0.796344638,0.669114341,24.18264665,251.1718702,383.2132368,3.093892376,0.925590575
2022,9,28,0.722305179,0.331103683,-0.64424175,0.538321168,23.14321229,102.1763041,251.1718702,1.899663491,0.806503065
2023,6,28,0.40574947,0.140446603,-0.396695077,0.455424087,26.31223464,194.5860634,102.1763041,-0.306700138,0.586486321
2023,7,28,0.822166145,0.233398974,-0.712162614,0.497796165,24.63329376,512.2476006,194.5860634,1.890461515,0.805585451
2023,8,28,0.848563313,0.345032215,-0.75881958,0.608232833,23.16982542,254.573349,512.2476006,2.838577859,0.900130824
2023,9,28,0.749561131,0.279745698,-0.689742863,0.494628211,24.23559358,173.8392067,254.573349,1.801968747,0.796761026
2024,6,28,0.619846404,0.132150948,-0.625837922,0.404045788,29.01166899,50.4076544,173.8392067,0.542530272,0.671170871
2024,7,28,0.391182333,0.178967983,-0.333693177,0.152328782,25.1205121,266.5585051,50.4076544,-1.029506506,0.514408672
2024,8,28,0.818663538,0.28627941,-0.714682221,0.541598504,25.77419926,321.9316871,266.5585051,2.154097903,0.831875053
2024,9,28,0.826044619,0.295089185,-0.733255267,0.524898784,23.79648045,162.6500218,321.9316871,2.234381293,0.839880845
2025,6,28,0.689172745,0.159999996,-0.660388649,0.426404727,25.40666899,90.6729669,162.6500218,0.963436583,0.713143297
2025,8,28,0.862191856,0.292250603,-0.771686912,0.561313276,23.61223464,539.9906397,90.6729669,2.407800642,0.857174078
2025,9,28,0.755946517,0.209067017,-0.70172298,0.43812856,23.06618017,183.1698623,539.9906397,1.678933754,0.784492079
2019,7,29,0.384340882,0.065719903,-0.319399774,0.200119877,22.04269553,476.5597706,92.85089368,-1.243290253,0.493090335
2019,8,29,-0.020804439,0.163576439,0.056149732,0.318930041,20.08627095,338.9765396,476.5597706,-2.189080601,0.398776909
2019,9,29,0.073210187,0.08641962,-0.049625807,0.333453867,18.9884986,238.1028271,338.9765396,-2.05141675,0.412504634
2020,6,29,0.648116529,0.130508244,-0.64536202,0.236547425,22.6747905,119.4625591,238.1028271,0.409395522,0.657894784
2020,7,29,0.001069519,0.215058416,0.034055728,0.104785832,22.14695531,312.6834075,119.4625591,-2.643114725,0.353501004
2020,8,29,0.332865566,0.171133474,-0.25976184,0.218767955,18.51831704,613.3099155,312.6834075,-0.895558379,0.527765868
2020,9,29,0.659077287,0.202970296,-0.567506373,0.498278674,21.47110335,70.07146978,613.3099155,1.306072427,0.747310658
2021,6,29,0.5,0.122786306,-0.405245662,0.304047573,22.83468575,106.6168213,70.07146978,-0.467377012,0.570463757
2021,7,29,0.064994961,0.05229691,-0.067976475,0.165876474,21.70198324,614.9442902,106.6168213,-2.612607677,0.356543142
2021,8,29,0.104686663,0.145767987,-0.068609051,0.461791987,19.85340782,212.4565735,614.9442902,-1.301582633,0.487277467
2021,9,29,0.316787779,0.264746875,-0.2372787,0.075215917,19.25372207,344.8071613,212.4565735,-1.113144817,0.50606833
2022,6,29,0.625270426,0.082966685,-0.589093685,0.317431707,25.22873603,119.4789951,344.8071613,0.280768028,0.645068158
2022,7,29,-0.056498088,0.210559055,0.086033285,0.288408666,21.28744413,537.6821613,119.4789951,-2.446429659,0.373114275
2022,8,29,0.755826831,0.148040637,-0.713976145,0.293990675,19.23668994,392.9650669,537.6821613,1.275415361,0.744253561
2022,9,29,0.11139565,0.26703164,-0.019281123,0.073207674,19.40795391,158.0895443,392.9650669,-1.999039975,0.417727602
2023,6,29,0.014484006,0.144011006,0.023131723,-0.233600348,21.72675279,234.3998203,158.0895443,-3.556044899,0.262464368
2023,7,29,0.494461894,0.077041298,-0.427631289,0.266949301,21.49013035,701.9154415,234.3998203,-0.4227315,0.57491577
2023,8,29,0.048669126,0.255337894,-0.011337878,0.111685616,19.26458799,392.8437824,701.9154415,-1.86733482,0.430861131
2023,9,29,0.75569129,0.154513329,-0.637357652,0.296876363,20.7513338,268.3510437,392.8437824,0.987613465,0.715554196
2024,6,29,0.532651305,0.089073218,-0.455939919,0.317294452,25.26951816,64.60075748,268.3510437,-0.274826421,0.589664742
2024,7,29,-0.04483556,0.098687626,0.060154591,-0.186231254,22.10569832,403.5629463,64.60075748,-3.848792046,0.233271866
2024,8,29,0.679498672,0.11933174,-0.560732126,0.331832291,20.61249069,413.7662015,403.5629463,0.637697783,0.680660895
2024,9,29,0.221257478,0.133330509,-0.127925009,0.164942262,20.8984567,216.0639515,413.7662015,-1.740598957,0.443499125
2025,6,29,0.540597379,0.098398171,-0.530296683,0.261455197,20.19958799,141.2665636,216.0639515,-0.12716619,0.604389297
2025,8,29,0.007991751,0.026785715,0.009374208,0.029311649,19.0550838,764.2880001,141.2665636,-3.22072131,0.295902557
2025,9,29,0.283613294,0.070039824,-0.240887105,0.190634502,19.50937849,229.7104874,764.2880001,-1.253146541,0.492107474
2019,6,30,0.56980449,0.077840343,-0.556422412,0.351412653,39.7447023,40.3837774,81.53111362,-0.221828735,0.594949627
2019,7,30,0.522123873,0.057830829,-0.46632567,0.322954562,31.84767464,464.7920799,40.3837774,-0.510028418,0.566210595
2019,8,30,0.715984523,0.336473644,-0.593013406,0.587327637,30.40210267,237.6093349,464.7920799,1.959467202,0.812466641
2019,9,30,0.566666663,0.331068456,-0.440245152,0.625909753,28.04339662,299.2631493,237.6093349,1.240344168,0.740756291
2020,6,30,0.587064683,0.101424254,-0.629629612,0.344808683,36.24907173,69.09183472,299.2631493,0.238380217,0.64084128
2020,7,30,0.609728515,0.140009597,-0.519690216,0.447129445,32.18104079,217.971561,69.09183472,0.318607034,0.648841432
2020,8,30,0.795498073,0.285267562,-0.655902863,0.691330456,30.50896624,629.0817003,217.971561,2.262250965,0.842659986
2020,9,30,0.776536286,0.286798179,-0.662382901,0.617581939,31.62684951,103.2754956,629.0817003,2.216822063,0.838129854
2021,6,30,0.591912687,0.050308477,-0.56491065,0.340666666,35.29677918,45.28508186,103.2754956,-0.19858357,0.597267615
2021,7,30,0.609772623,0.090759076,-0.597583055,0.284074742,32.93170183,520.4579487,45.28508186,0.015772312,0.618643005
2021,8,30,0.526387036,0.198637143,-0.392592579,0.60606675,29.13885373,230.111805,520.4579487,0.704038878,0.687276374
2021,9,30,0.825503349,0.288113266,-0.666808665,0.67509515,28.68795827,631.0364914,230.111805,2.357910356,0.852199061
2022,6,30,0.411011517,-0.0655808,-0.483385593,0.214945761,37.44084388,79.13026476,631.0364914,-1.138932333,0.50349682
2022,8,30,0.824531317,0.314385474,-0.66898489,0.69683935,30.51913033,280.9259558,79.13026476,2.309513257,0.847372942
2022,9,30,0.676193655,0.277504414,-0.570067704,0.688273223,29.07436006,169.0819735,280.9259558,1.732825352,0.789866105
2023,6,30,0.673619628,0.078503907,-0.615156889,0.394958599,33.56127989,158.4451942,169.0819735,0.39688664,0.656647409
2023,7,30,0.102204412,0.05490778,-0.081081077,0.322580645,30.57303094,470.7797356,158.4451942,-2.254740596,0.392229349
2023,8,30,0.834044576,0.28079471,-0.68834573,0.625066629,28.687827,247.6009903,470.7797356,2.366751864,0.853080728
2023,9,30,0.751243651,0.328375608,-0.567766309,0.671736888,30.07528833,418.3134041,247.6009903,2.039919976,0.820489325
2024,6,30,0.619469047,0.034372501,-0.636015296,0.349053677,38.067827,39.10345677,418.3134041,0.155412162,0.632567775
2024,7,30,0.683942199,0.252534688,-0.571616709,0.717328543,30.48590483,373.5894213,39.10345677,1.606255885,0.777244703
2024,8,30,0.907016039,0.34026438,-0.744779587,0.72588283,29.4344632,405.2184867,373.5894213,3.040457651,0.920262109
2024,9,30,0.79888767,0.32115081,-0.687642694,0.647072323,29.60041491,269.0016019,405.2184867,2.423378854,0.858727525
2025,6,30,0.342463464,0.087595731,-0.276528984,0.392524301,32.97909283,71.43940373,269.0016019,-1.047451402,0.512619222
2025,7,30,0.727253079,0.230106205,-0.600320399,0.647264753,28.37287154,514.9379895,71.43940373,1.614246324,0.778041503
2025,8,30,0.54252851,0.18420288,-0.450760067,0.512214262,28.49597281,616.6394863,514.9379895,0.703550834,0.687227707
2025,9,30,0.754677773,0.263662845,-0.65247184,0.612411859,27.94921941,305.4827862,616.6394863,2.136046845,0.830075016
2019,7,31,0.474478662,0.114412092,-0.44267261,0.378831139,28.94393855,204.258831,55.95013857,-0.363753377,0.58079702
2019,8,31,0.648878574,0.239816561,-0.546608627,0.370468495,27.12367318,148.9080033,204.258831,0.765262432,0.693381536
2019,9,31,0.724023759,0.273573905,-0.631931245,0.372836088,25.82960894,131.8554401,148.9080033,1.22661563,0.739387293
2020,6,31,0.658722818,0.19874087,-0.651372194,0.274420565,30.06177374,56.69721842,131.8554401,0.585782509,0.675483948
2020,7,31,0.599455953,0.205251202,-0.549917638,0.356348789,30.46257682,122.2804261,56.69721842,0.380035677,0.654967045
2020,8,31,0.687976182,0.254893452,-0.61634928,0.389415948,28.26872905,261.3795214,122.2804261,1.064107046,0.723182072
2020,9,31,0.728180647,0.275462955,-0.6352157,0.374828615,26.15269553,51.16338301,261.3795214,1.304150722,0.747119027
2021,6,31,0.610803306,0.164164171,-0.560709417,0.331441885,29.69431564,53.5218277,51.16338301,0.231073588,0.640112669
2021,7,31,0.577685714,0.170715243,-0.544531822,0.321879777,28.52376397,280.3041315,53.5218277,0.182806722,0.635299538
2021,8,31,0.689882398,0.275373012,-0.586078703,0.416173654,27.93481145,100.7184219,280.3041315,1.194582651,0.736192991
2021,9,31,0.773795784,0.315008491,-0.656421959,0.42778741,25.8726676,242.3418312,100.7184219,1.643241139,0.780932842
2022,6,31,0.613830626,0.135593221,-0.559309304,0.304483476,31.07995112,64.34020054,242.3418312,0.183796251,0.635398213
2022,7,31,0.638645887,0.19933185,-0.583823502,0.354998309,28.32592179,272.5043969,64.34020054,0.584321912,0.675338298
2022,8,31,0.745161295,0.265867203,-0.6671803,0.374543981,26.33884777,147.4309435,272.5043969,1.407872066,0.757462034
2022,9,31,0.772623599,0.331999987,-0.673366845,0.413402234,24.29781425,79.28147793,147.4309435,1.722197601,0.788806314
2023,6,31,0.581063151,0.181092247,-0.527362406,0.32866574,26.6547905,134.1575937,79.28147793,0.209530895,0.63796445
2023,7,31,0.638227224,0.220620617,-0.620804489,0.336751495,26.87413408,294.0517006,134.1575937,0.767714473,0.693626051
2023,8,31,0.741240084,0.298772871,-0.655792773,0.425650966,26.19076816,157.3220408,294.0517006,1.611813821,0.777798936
2023,9,31,0.748515546,0.314600855,-0.668428004,0.432486497,24.53124302,174.527771,157.3220408,1.664306888,0.7830335
2024,6,31,0.641189635,0.217748106,-0.605167985,0.365469987,29.69168994,29.97964764,174.527771,0.728078527,0.689673588
2024,7,31,0.675609708,0.236410096,-0.620741308,0.391301455,28.45326117,160.9566345,29.97964764,0.910309212,0.70784548
2024,8,31,0.75300777,0.30334124,-0.636603892,0.413895048,25.52178073,191.6970032,160.9566345,1.51358246,0.768003386
2024,9,31,0.780350924,0.311907887,-0.675766349,0.426604815,25.71265363,159.1022705,191.6970032,1.732534406,0.789837092
2025,6,31,0.460980028,0.112522684,-0.599867523,0.25134413,27.32659916,52.11001057,159.1022705,-0.253845374,0.591756954
2025,8,31,0.685492814,0.178931057,-0.618574977,0.35461941,24.04222765,332.4749732,52.11001057,0.757803352,0.692637723
2025,9,31,0.679364741,0.200768739,-0.630808175,0.353042753,23.31646648,147.8777466,332.4749732,0.989957763,0.715787967
2019,6,32,0.511272967,0.062734336,-0.484566808,0.349653654,29.95504155,54.79325208,75.8327055,-0.451015479,0.572095316
2019,7,32,0.135656506,0.023752969,-0.125501081,0.219470452,25.18349261,595.4913273,54.79325208,-2.379803263,0.379758204
2019,8,32,0.361319512,0.24602741,-0.249242336,0.261300418,23.59443906,336.0579643,595.4913273,-0.457953615,0.57140345
2019,9,32,0.678796709,0.208627596,-0.515549719,0.49838572,22.04430748,184.586916,336.0579643,1.087784199,0.725543138
2020,6,32,0.586815774,0.043806329,-0.515458107,0.118351902,27.34475531,77.59940062,184.586916,-0.680760065,0.549185377
2020,7,32,0.097859763,-0.003215839,-0.071633182,0.213248216,23.70908818,331.4375397,77.59940062,-2.712779353,0.346554106
2020,8,32,0.140675798,0.127224416,-0.106597587,0.253588043,22.89327793,687.6690636,331.4375397,-1.774138163,0.440154623
2020,9,32,0.469298244,0.211162582,-0.469298244,0.441043873,24.09359418,76.17585757,687.6690636,0.576738632,0.6745821
2021,6,32,0.319932759,0.036412813,-0.300291479,0.266941135,26.99305402,60.68478394,76.17585757,-1.534452978,0.464055831
2021,7,32,0.595433474,0.0678128,-0.569122791,0.302837857,23.37899584,697.9834614,60.68478394,0.047094135,0.621766392
2021,8,32,0.351417989,0.187198594,-0.238418072,0.365917751,22.76413897,238.4219208,697.9834614,-0.415769064,0.575610059
2021,9,32,0.64660567,0.259794593,-0.482444733,0.325591544,21.93045014,404.0844498,238.4219208,0.71358678,0.688228483
2022,6,32,0.447397172,-0.03628847,-0.516580105,0.250306943,30.75405817,98.8077569,404.0844498,-0.859407119,0.531370841
2022,8,32,0.449215919,0.202826589,-0.318998873,0.251454125,22.06457756,324.6332436,98.8077569,-0.560121411,0.561215363
2022,9,32,0.34781149,0.177850381,-0.292149603,0.331995286,22.02842798,159.6810459,324.6332436,-0.64161936,0.553088455
2023,6,32,0.502976179,0.088856161,-0.510845184,0.256634144,25.36889197,180.9176321,159.6810459,-0.389682079,0.578211431
2023,7,32,0.64395231,0.079148933,-0.603655994,0.295936742,23.22297784,773.3949928,180.9176321,0.348871755,0.651859404
2023,8,32,0.389012963,0.02134647,-0.34225291,0.470412942,21.39268467,309.1897221,773.3949928,-0.332360054,0.583927536
2023,9,32,0.686532557,0.243316531,-0.627308607,0.411339335,22.70561634,243.6083412,309.1897221,1.279563071,0.744667167
2024,6,32,0.457484186,-0.008335317,-0.507209241,0.253907019,31.13915512,45.92871539,243.6083412,-0.874039686,0.529911694
2024,7,32,0.178687617,0.207548991,-0.115503259,-0.008634261,24.08902124,458.3084221,45.92871539,-2.218917896,0.395801559
2024,8,32,0.194209889,0.043478262,-0.151162788,0.195483244,22.65131579,494.762518,458.3084221,-1.915340605,0.426074034
2024,9,32,0.550565422,0.200273573,-0.435702533,0.464078182,22.36883657,217.7574791,494.762518,0.618033981,0.678700038
2025,6,32,0.53242439,0.079076074,-0.520598114,0.352192605,25.2548638,89.57759454,217.7574791,-0.105218203,0.606577932
2025,8,32,0.326938897,0.064046159,-0.272354215,0.291461916,22.40036011,676.1384201,694.7992949,-0.873269803,0.529988466
2025,9,32,0.28125,0.093374006,-0.201465204,0.178346952,21.74990997,239.1586523,676.1384201,-1.3821383,0.479244523
2019,7,33,0.354231566,0.126478165,-0.314119458,0.191833922,17.64111729,269.5386295,68.22471154,-1.138364524,0.503553441
2019,8,33,-0.036908381,0.155584499,0.061362676,0.386715196,17.44093185,244.8241253,269.5386295,-2.228422453,0.394853772
2019,9,33,0.497661442,0.22577323,-0.362957537,0.135141356,17.77867872,168.682641,244.8241253,-0.416479261,0.575539239
2020,6,33,0.747928917,0.087334536,-0.760617554,0.212445999,19.76541725,88.93756354,168.682641,0.689528144,0.685829376
2020,7,33,0.13611111,0.050625816,-0.105903558,0.312530882,19.42376217,192.8631992,88.93756354,-2.11715408,0.405949362
2020,8,33,0.04463321,0.195286274,-0.002178253,0.053315225,14.28057024,380.9647474,192.8631992,-2.483585394,0.369409136
2020,9,33,0.731499672,0.176689982,-0.641216636,0.202619279,20.18207928,53.96144613,380.9647474,0.767537861,0.69360844
2021,6,33,0.660847902,0.059449866,-0.583022058,0.30270974,20.57872045,78.56929016,53.96144613,0.101949096,0.627236483
2021,7,33,0.328232467,0.027085796,-0.298863798,0.173751113,17.65592721,366.8272743,78.56929016,-1.576306167,0.459882265
2021,8,33,0.276896834,0.073065378,-0.231776744,-0.058554089,17.92544506,134.5198631,366.8272743,-2.074859809,0.410166911
2021,9,33,-0.00164263,0.115724154,0.011056211,0.010615348,17.72666667,258.3312807,134.5198631,-3.078718793,0.31006293
2022,6,33,0.694656491,0.120703876,-0.61259079,0.303467637,22.04320584,96.55129802,258.3312807,0.563812833,0.67329315
2022,7,33,-0.081392303,0.219596937,0.102990031,0.640444811,17.99980065,306.1569681,96.55129802,-1.754484585,0.442114462
2022,8,33,0.777777791,0.087755807,-0.645330548,0.316449857,17.78530598,228.6402864,306.1569681,0.850559296,0.701887268
2022,9,33,0.017000377,0.136687547,-0.037379578,0.081551287,17.8177121,99.66963291,228.6402864,-2.671542901,0.35066617
2023,6,33,-0.052783798,0.183642894,0.073290057,1.183230788,19.72993741,184.6344852,99.66963291,-0.590550856,0.558180964
2023,7,33,0.783177376,0.145927757,-0.673399746,0.33062143,20.90472415,418.1946068,184.6344852,1.076396445,0.724407561
2023,8,33,0.277798116,0.201694772,-0.203717783,0.094901948,17.35054242,227.7191868,418.1946068,-1.31510331,0.485929197
2023,9,33,0.759301424,0.053556714,-0.666307092,0.358356434,18.9809388,187.1229286,227.7191868,0.766131718,0.69346822
2024,6,33,0.717372477,0.210275173,-0.595899045,0.449419264,22.47736439,50.2276355,187.1229286,1.13440489,0.730192115
2024,7,33,0.033641476,0.061598774,-0.017987696,-0.113390463,19.05223227,216.4988089,50.2276355,-3.464143394,0.271628709
2024,8,33,0.70328337,0.155030236,-0.611196339,0.387034889,20.5563491,274.4971254,216.4988089,0.905624217,0.707378296
2024,9,33,0.755507171,0.136545926,-0.635536492,0.35096536,19.18595967,183.7964846,274.4971254,0.971190443,0.713916506
2025,6,33,0.045525901,0.158484727,0.019466711,0.354042322,18.23093185,89.82650678,183.7964846,-2.106477239,0.407014048
2025,8,33,0.508684874,0.140712947,-0.375565618,0.107713325,17.00662494,484.1982512,89.82650678,-0.730621401,0.544213246
2025,9,33,0.447470903,0.037611801,-0.413582265,0.204731801,17.7547427,197.737937,484.1982512,-0.724080207,0.544865528
2019,7,34,0.289246053,0.02275968,-0.293806821,0.231892026,25.56283703,331.1720629,74.81812596,-1.668283468,0.450710366
2019,8,34,0.41812402,0.080121092,-0.363914371,0.355277378,25.41671745,269.3810959,331.1720629,-0.609829493,0.556258514
2019,9,34,0.471953988,0.058754131,-0.449968576,0.260024785,24.33317867,171.9603281,269.3810959,-0.614344431,0.555808289
2020,6,34,0.433804274,0.036063042,-0.48875463,0.216836008,28.43948753,88.5688957,171.9603281,-0.905229213,0.5268015
2020,7,34,0.101679929,0.10957215,-0.089160837,0.253220302,26.12200139,187.0542248,88.5688957,-2.251480384,0.392554455
2020,8,34,0.359621435,0.048604034,-0.353566259,0.367293905,23.80050554,434.8659449,187.0542248,-0.876782368,0.529638196
2020,9,34,0.497702897,0.029747149,-0.50180769,0.263960763,27.49162742,59.51648406,434.8659449,-0.482485768,0.568957125
2021,6,34,0.416156918,0.107737996,-0.411393732,0.341443998,29.31988227,74.67647552,59.51648406,-0.697470933,0.547518983
2021,7,34,0.406488448,0.077874415,-0.438147724,0.284371821,24.81540859,416.8226891,74.67647552,-0.746237632,0.542656008
2021,8,34,0.097887516,0.115221947,-0.054901458,-0.064136792,22.85493075,174.3029537,416.8226891,-2.777488104,0.340101403
2021,9,34,0.442675978,0.086237423,-0.368732125,0.307473104,22.95004848,290.9339933,174.3029537,-0.692458013,0.548018867
2022,6,34,0.437357634,0.042329136,-0.474729776,0.27640186,30.77506233,99.35852218,290.9339933,-0.731645103,0.544111163
2022,7,34,0.292916387,-0.032011468,-0.280657381,0.199495828,24.47815328,373.3507595,99.35852218,-1.907859923,0.426820001
2022,8,34,0.332398325,-0.015288935,-0.391941398,0.190101869,23.83029778,233.2138491,373.3507595,-1.372505907,0.480205058
2022,9,34,0.359821767,-0.009199134,-0.413612574,0.19536903,24.59132271,112.8636266,233.2138491,-1.350599551,0.482389541
2023,6,34,0.114951603,0.136339486,-0.167236999,-0.034100848,27.31787396,197.2547035,112.8636266,-2.579234003,0.359871137
2023,7,34,0.39958936,-0.008008001,-0.414142758,0.25196235,23.76264081,438.9502983,197.2547035,-1.081395644,0.509234331
2023,8,34,0.270536661,0.096578635,-0.25965187,-0.158857799,22.05460526,255.1501222,438.9502983,-2.148200332,0.402853456
2023,9,34,0.504176438,0.038755864,-0.518893361,0.277280859,26.39945983,192.7791233,255.1501222,-0.440503277,0.573143584
2024,6,34,0.408814937,0.027647994,-0.448364377,0.265030092,32.5925,45.38053703,192.7791233,-1.024861975,0.514871821
2024,7,34,0.213005528,0.038753632,-0.216773346,0.092714012,24.98842105,243.0042171,45.38053703,-2.298259173,0.387889713
2024,8,34,0.501232803,0.027235478,-0.442301184,0.297226168,23.90059557,334.9360569,243.0042171,-0.570458395,0.560184568
2024,9,34,0.402104765,0.068015069,-0.355625898,0.302547259,25.29914127,194.6122767,334.9360569,-0.831770719,0.53412672
2025,6,34,0.500710845,0.092783503,-0.506708562,0.326734439,25.95273777,79.43190183,194.6122767,-0.24269641,0.59286872
2025,8,34,0.651881695,0.078543223,-0.554712236,0.39807937,24.98861034,538.2801971,79.43190183,0.340970286,0.651071477
2025,9,34,0.542565882,0.023598973,-0.501757681,0.288382576,23.39565097,195.7000332,538.2801971,-0.208635632,0.596265232
2019,7,35,0.285210341,-0.038601886,-0.409122139,0.16962964,33.36679325,562.1739388,81.98327067,-1.793413376,0.438232515
2019,8,35,0.553704262,0.215145797,-0.544056773,0.690848214,30.13531646,330.1446285,562.1739388,1.396865576,0.756364476
2019,9,35,0.198278278,0.093684278,-0.177096158,0.32649184,29.19003516,252.813096,330.1446285,-1.599667835,0.457552659
2020,6,35,0.386953235,-0.014821436,-0.489525139,0.210664362,34.73481013,101.0187191,252.813096,-1.214639884,0.495947326
2020,7,35,0.29880479,0.084678091,-0.247130841,0.398089172,30.24507032,355.4435992,101.0187191,-1.223377475,0.495076021
2020,8,35,0.689022601,0.197674677,-0.605456412,0.570768754,28.88216128,655.0400677,355.4435992,1.465358317,0.763194515
2020,9,35,0.307564884,-0.008622503,-0.41078344,0.189600363,31.57116737,67.90235639,655.0400677,-1.315325624,0.485907028
2021,6,35,0.404081643,-0.015384615,-0.483957946,0.251109702,34.99324895,95.78641129,67.90235639,-1.222986425,0.495115016
2021,7,35,0.456957281,0.063030519,-0.448450834,0.347610704,29.65518987,671.0753212,95.78641129,-0.519343903,0.565281662
2021,8,35,0.527007878,0.125319511,-0.442807406,0.512688576,29.36498594,216.9960251,671.0753212,0.462840309,0.663224254
2021,9,35,0.455134422,0.02833667,-0.499453366,0.294822573,28.66796765,330.4501619,216.9960251,-0.614198384,0.555822852
2022,6,35,0.243027896,-0.065604337,-0.344522148,0.137495774,37.37248945,106.9270474,330.4501619,-2.184638365,0.399219885
2022,7,35,0.451095849,0.025901943,-0.474734038,0.253641848,31.05770745,607.6091051,106.9270474,-0.82380826,0.53492073
2022,8,35,0.444784433,0.084116049,-0.488252163,0.279643232,29.55715893,409.2657166,607.6091051,-0.262694186,0.590874558
2022,9,35,0.745285332,0.252372593,-0.663787067,0.603267119,28.95497187,169.1322799,409.2657166,1.915530157,0.808085276
2023,6,35,0.391152829,0.15090929,-0.329372585,0.492756268,33.91936006,194.9159822,169.1322799,-0.434446588,0.573747552
2023,7,35,0.280949384,0.106611118,-0.252204388,0.334831139,27.97971402,670.552063,194.9159822,-1.166735421,0.500724319
2023,8,35,0.546623051,0.089918986,-0.531836331,0.37267287,28.69559072,427.7334089,670.552063,0.339916053,0.650966349
2023,9,35,0.342887849,0.05553107,-0.484356433,0.234555985,29.7031083,287.1907787,427.7334089,-0.826411098,0.534661177
2024,6,35,0.385925591,0.030106002,-0.447596431,0.298453978,38.34305907,53.56745696,287.1907787,-1.006449051,0.516707942
2024,7,35,0.666016281,0.269299895,-0.518636346,0.622651913,30.62238631,482.8013515,53.56745696,1.31832344,0.748532319
2024,8,35,0.769551337,0.253995836,-0.66582042,0.586006049,29.38233005,422.6374102,482.8013515,2.031455094,0.819645214
2024,9,35,0.442146599,0.097068213,-0.481867731,0.300560866,29.32627989,205.4289862,422.6374102,-0.347348885,0.582432862
2025,6,35,0.466086954,0.067257479,-0.481546581,0.353737007,34.45215659,139.786929,205.4289862,-0.491191264,0.56808902
2025,8,35,0.515043199,0.048443619,-0.535628021,0.307279448,28.14995546,824.3314543,139.786929,-0.247279148,0.592411733
2025,9,35,0.236954167,0.007101188,-0.369055629,0.13851447,27.95705345,185.3899956,824.3314543,-1.453396705,0.472138695
2019,7,36,0.449284643,0.02445933,-0.487028629,0.276481558,31.29628134,540.4921913,74.05155063,-0.790031236,0.538288947
2019,8,36,0.830139577,0.291047633,-0.693520129,0.602056655,28.70667827,309.7183151,540.4921913,2.409585226,0.857352036
2019,9,36,0.0170864,0.181585461,-0.004514287,0.155475535,26.04251393,243.1814175,309.7183151,-2.46102217,0.371659122
2020,6,36,0.348021805,-0.056894328,-0.457387179,0.15244656,32.09594708,95.44095409,243.1814175,-1.617664639,0.455758033
2020,7,36,0.305882365,0.135262594,-0.248269901,0.39905549,28.39504875,317.5187715,95.44095409,-1.022426808,0.515114654
2020,8,36,0.509388804,0.164433971,-0.424328685,0.472029664,27.19481198,676.5705185,317.5187715,0.319721871,0.648952602
2020,9,36,0.590987861,0.090026692,-0.551640749,0.349242114,28.88839833,73.41378744,676.5705185,0.362911604,0.653259446
2021,6,36,0.310924381,-0.007630259,-0.405405402,0.193629193,32.77068942,83.89933014,73.41378744,-1.683232909,0.44921962
2021,7,36,0.379130095,0.050831206,-0.412776709,0.25847259,28.67170845,659.3041821,83.89933014,-1.007373372,0.51661577
2021,8,36,0.249356225,0.19152309,-0.170479536,0.896969433,27.12884401,220.4099731,659.3041821,0.302623217,0.647247539
2021,9,36,0.704070568,0.191743448,-0.627925158,0.399245321,26.9849234,360.7329979,220.4099731,1.034895909,0.720269162
2022,6,36,0.299631387,-0.026351746,-0.417953104,0.189818521,34.99803621,105.1794171,360.7329979,-1.593422388,0.45817545
2022,7,36,0.753541052,0.211350292,-0.645401359,0.509578544,28.828013,580.0190668,105.1794171,1.440710153,0.76073662
2022,8,36,0.903932214,0.346096218,-0.746059179,0.707936859,27.26417131,390.9218674,580.0190668,3.169873985,0.933167398
2022,9,36,0.528417826,0.132458523,-0.5064345,0.341169256,26.66332869,165.7198668,390.9218674,0.111559006,0.628194775
2023,6,36,0.338221133,0.020818772,-0.328523606,0.326388947,30.28539694,199.8714104,165.7198668,-1.306760075,0.486761177
2023,7,36,-0.000862277,0.092783444,0.011657713,0.19430839,26.46597957,689.8462067,199.8714104,-2.733624591,0.344475436
2023,8,36,0.788395226,0.308706403,-0.649823248,0.683207576,26.32135097,401.1088362,689.8462067,2.59420966,0.87576263
2023,9,36,0.743440211,0.243544728,-0.6750139,0.487958971,27.67986769,316.4722176,401.1088362,1.69501559,0.786095747
2024,6,36,0.332778603,-0.063813932,-0.421650916,0.216096554,36.55619081,55.73413363,316.4722176,-1.636509219,0.453878867
2024,7,36,0.31529355,0.121866226,-0.258193523,0.623725283,29.18659239,422.9130955,55.73413363,-0.542146752,0.563007781
2024,8,36,0.823676467,0.338559031,-0.702226937,0.683910648,27.53667595,435.1413956,422.9130955,2.720936435,0.888399719
2024,9,36,0.50726378,0.259616762,-0.437659085,0.382997155,27.04543175,212.9505129,435.1413956,0.450680715,0.662011709
2025,6,36,0.544515491,0.089332178,-0.522055268,0.389898563,32.32600279,117.5367568,212.9505129,-0.04457928,0.612624795
2025,8,36,0.818222702,0.252634853,-0.69968456,0.651325215,26.80687094,782.9206982,117.5367568,2.232960382,0.839739153
2025,9,36,0.719170988,0.203769952,-0.625380635,0.522757585,25.96387883,218.6025372,782.9206982,1.709168766,0.78750709
2018,6,37,-0.134674922,-0.060504202,0.11899133,-0.080600334,30.21805132,81.4493382,152.367218,-4.592421674,0.159117739
2019,6,37,-0.123608671,-0.027940221,0.150224209,-0.122119816,30.94774387,81.27049321,81.4493382,-4.678622068,0.150521907
2019,7,37,-0.084563762,-0.056055363,0.084563762,-0.124808507,28.79262829,295.4120026,81.27049321,-4.468343878,0.171490673
2019,8,37,0.03095071,0.121292226,-0.021962047,0.029317218,27.65640083,216.2402911,295.4120026,-2.902777503,0.327607648
2019,9,37,-0.043597791,-0.032561507,0.041706428,-0.0309607,27.00151872,350.0979214,216.2402911,-3.875349027,0.230623626
2020,6,37,-0.060815047,0.011847583,0.075308643,-0.049565662,32.029362,88.59399302,350.0979214,-3.917050234,0.226465216
2020,7,37,-0.004854369,0.078780912,0.042056076,0.036977813,29.80522885,161.1069877,88.59399302,-3.423840294,0.275647701
2020,8,37,-0.068517216,0.070165373,0.078454815,-0.049732092,28.56097087,411.6101484,161.1069877,-3.7573938,0.242386023
2020,9,37,-0.010316265,-0.021687586,0.010286281,-0.00680795,28.92435506,147.2233315,411.6101484,-3.581863985,0.25988971
2021,6,37,-0.230252102,-0.067130782,0.20305863,-0.165087568,30.97808599,92.98756218,147.2233315,-5.217820764,0.096753462
2021,7,37,-0.177381873,-0.177063152,0.242510706,-0.187336387,28.7634258,369.5552249,92.98756218,-5.562295662,0.062402712
2021,8,37,-0.02681694,0.014793018,0.014020759,-0.016472928,27.44728849,166.4744034,369.5552249,-3.530198275,0.265041772
2021,9,37,-0.050934881,0.001701259,0.035386633,-0.031995346,26.04495146,736.3869286,166.4744034,-3.706689003,0.247442263
2022,6,37,-0.050471436,-0.063422419,0.012287335,-0.028745645,32.45232316,93.49662304,736.3869286,-3.71374246,0.246738898
2022,8,37,-0.058230978,-0.072008386,0.03327572,-0.051944915,28.06081831,196.7099109,93.49662304,-4.185229606,0.199722593
2022,9,37,0.016260162,-0.060375445,-0.043380283,0.013240023,26.62509015,234.5178554,196.7099109,-3.569589508,0.261113711
2023,6,37,-0.032989692,-0.050366994,0.0234253,-0.032112393,29.23710125,178.564075,234.5178554,-3.921683592,0.226003182
2023,7,37,-0.033092037,-0.038299974,0.011105236,-0.028273547,28.62362922,420.847847,178.564075,-3.823108573,0.235833001
2023,8,37,-0.087196469,-0.092266351,0.052148998,-0.072750714,26.87,226.2511387,420.847847,-4.181172495,0.200127164
2023,9,37,0.016309481,-0.054559156,-0.046827614,0.013041752,26.31142164,414.4645882,226.2511387,-3.484227913,0.269625898
2024,6,37,-0.039857227,-0.105753422,-0.00498132,-0.031067251,32.54359223,47.00681162,414.4645882,-4.007103098,0.21748522
2024,7,37,0.037304454,-0.07595928,-0.062424969,0.027980865,28.66941054,256.7934837,47.00681162,-3.612837657,0.256801041
2024,8,37,-0.03080873,-0.114804558,0.007232084,-0.020977187,26.43734166,317.0443059,256.7934837,-3.992133725,0.218977953
2024,9,37,0.025427904,-0.100517534,-0.051404249,0.015451833,26.62624133,335.6822977,317.0443059,-3.564343961,0.261636792
2025,6,37,0.021705426,-0.081576988,-0.036373813,0.01242236,28.68651179,68.76584158,335.6822977,-3.618938401,0.25619268
2025,7,37,0.041255083,-0.061780106,-0.064133018,0.031134889,25.88262829,380.0838208,68.76584158,-3.472906178,0.270754892
2025,8,37,0.014336959,-0.074041076,-0.037280466,0.010932358,25.14840037,465.2807045,380.0838208,-3.459972722,0.272044605
2025,9,37,0.000694927,-0.088101722,-0.041493777,0.000442165,24.93769071,354.3684387,465.2807045,-3.51589517,0.266468065
2019,7,38,0.76554966,0.322608531,-0.648468614,0.370455553,17.78936508,323.0684471,113.9364273,1.631450578,0.779757097
2019,8,38,0.646953404,0.287272722,-0.514627099,0.352987191,16.22616246,303.8073435,323.0684471,1.046873268,0.721463534
2019,9,38,0.595732689,0.31889233,-0.52730757,0.291184759,16.78091737,210.8652821,303.8073435,0.897204768,0.706538716
2020,7,38,0.726478517,0.379328847,-0.609649122,0.449774498,20.73085901,260.5429444,130.6041143,1.779193306,0.794489878
2020,8,38,0.577806175,0.410978824,-0.451870471,0.242656093,16.1259197,413.8578682,260.5429444,0.901254266,0.706942528
2020,9,38,0.819292903,0.421661407,-0.712858915,0.379908638,19.89056723,60.66470399,413.8578682,2.35994769,0.852402222
2021,6,38,0.761551142,0.31396535,-0.61436671,0.385016477,19.88129552,118.7367783,60.66470399,1.445184176,0.761182766
2021,7,38,0.378945857,0.268496543,-0.282777905,0.154935589,18.52688842,488.9162369,118.7367783,-0.702900005,0.5469776
2021,8,38,0.410618931,0.163240805,-0.355920076,0.197076693,17.97595938,150.2370987,488.9162369,-0.548331213,0.562391072
2021,9,38,0.784366548,0.353257298,-0.637000918,0.329534475,17.12121148,198.8348045,150.2370987,1.663577552,0.782960772
2022,6,38,0.7566064,0.326467574,-0.617675304,0.362352941,19.08515406,112.0642107,198.8348045,1.528855348,0.769526386
2022,7,38,0.297336221,0.198669627,-0.225572437,0.45538077,18.44677871,413.4939518,112.0642107,-0.604994585,0.556740647
2022,8,38,0.787795484,0.278301895,-0.67715317,0.31833126,16.42069328,319.4522362,413.4939518,1.688671933,0.785463162
2022,9,38,0.733333349,0.303381205,-0.606591165,0.307835821,18.17989496,113.7881479,319.4522362,1.342006017,0.750893926
2023,6,38,0.318060964,0.472964972,-0.205957323,0.223820356,19.72583333,211.0811825,113.7881479,-0.25773938,0.591368647
2023,7,38,0.793285191,0.326992929,-0.662108779,0.394692418,21.24005602,559.6711426,211.0811825,1.856322998,0.802181187
2023,8,38,0.802096605,0.34658581,-0.67813772,0.38071419,16.29344538,350.4517975,559.6711426,2.185877874,0.835044125
2023,9,38,0.813953459,0.348956674,-0.704602957,0.324591295,17.41015406,199.4254122,350.4517975,1.984034047,0.814916426
2024,6,38,0.33006838,0.325394452,-0.273367256,0.461386071,20.13682773,69.75126834,199.4254122,-0.020476789,0.615028275
2024,7,38,0.745554209,0.317016542,-0.620038867,0.443277267,19.40684874,353.4382229,69.75126834,1.620562094,0.778671306
2024,8,38,0.760258198,0.298639446,-0.67603159,0.348581575,18.0267437,302.9520024,353.4382229,1.699536683,0.786546586
2024,9,38,0.762564898,0.355797738,-0.636423647,0.415379626,18.43231793,164.9692045,302.9520024,1.884303271,0.804971357
2025,6,38,0.669969022,0.307319432,-0.557609022,0.420520793,18.02401961,166.2547714,164.9692045,1.265546707,0.743269467
2025,8,38,0.38135004,-0.002261875,-0.377037793,0.239374481,17.21937442,620.7597871,166.2547714,-1.118375179,0.505546762
2025,9,38,0.785551548,0.342292994,-0.671702802,0.336309002,17.53095938,169.5214729,620.7597871,2.009143425,0.817420313
2019,7,39,0.68332845,0.213088199,-0.5536322,0.415910742,18.25534266,237.7280998,78.94988245,0.91881652,0.708693822
2019,8,39,0.373615295,0.174849272,-0.233273059,0.103480977,16.99613986,230.889143,237.7280998,-1.214728366,0.495938503
2019,9,39,0.201852098,0.156898171,-0.150796324,0.254672751,16.7991958,173.5589304,230.889143,-1.523628778,0.465135211
2020,6,39,0.693945169,0.147072658,-0.659234107,0.38113772,21.53648485,94.52322352,173.5589304,0.884561153,0.705277905
2020,7,39,0.065303802,0.041354425,-0.061185099,0.267761831,20.07440559,201.3695537,94.52322352,-2.509462743,0.366828669
2020,8,39,0.037241545,0.127701789,-0.023752499,0.200294623,15.74814918,313.2797976,201.3695537,-2.376724753,0.380065191
2020,9,39,0.703066885,0.199476361,-0.631426692,0.551385681,19.02194406,51.15785217,313.2797976,1.498177768,0.766467243
2021,6,39,0.701199591,0.16893144,-0.600761235,0.291702581,20.3492028,83.1956501,51.15785217,0.574221006,0.674331044
2021,7,39,0.629335403,0.209883288,-0.524065018,0.424561206,18.27065268,375.0016212,83.1956501,0.769529054,0.693807
2021,8,39,0.329717249,0.183779418,-0.267825603,0.693599267,17.75183217,107.6337967,375.0016212,0.152248018,0.632252249
2021,9,39,0.206039414,0.134042531,-0.124147579,0.099412654,16.94418182,189.3327866,107.6337967,-2.071128224,0.410539022
2022,6,39,0.412592322,0.16942431,-0.372991443,0.442608105,19.2126014,82.82521772,189.3327866,-0.158224468,0.601292191
2022,7,39,0.556398094,0.073728949,-0.485972852,0.478988168,17.36692308,284.35044,82.82521772,0.180119501,0.63503157
2022,8,39,0.726708055,0.155925155,-0.593825817,0.564336598,18.48727273,240.4775734,284.35044,1.370435001,0.753728841
2022,9,39,0.605289936,0.11210762,-0.552385628,0.470281378,17.40992308,94.57132769,240.4775734,0.612322984,0.678130542
2023,6,39,0.300380826,0.415636688,-0.236620277,0.360921648,18.58361538,160.2647438,94.57132769,-0.120485402,0.6050555
2023,7,39,0.763862252,0.242040619,-0.618779957,0.67244957,19.58769697,396.4736462,160.2647438,1.975023425,0.814017895
2023,8,39,0.630157709,0.252192229,-0.543005705,0.46448242,16.62607692,253.0681038,396.4736462,1.236780195,0.740400895
2023,9,39,0.70104897,0.164920688,-0.62947458,0.550502797,17.26323776,170.4320564,253.0681038,1.38038837,0.754721382
2024,6,39,0.568297505,0.181933179,-0.504773915,0.545825437,21.21040559,50.3222216,170.4320564,0.717885522,0.68865715
2024,7,39,0.524349928,0.028931422,-0.489150375,0.28972183,16.90138462,245.4777346,50.3222216,-0.470216335,0.570180622
2024,8,39,0.737414062,0.182669088,-0.614591897,0.586047659,17.77295571,230.0006694,245.4777346,1.562394919,0.772870924
2025,6,39,0.4490318,0.207367167,-0.334904075,0.686527569,17.5349021,110.3195532,163.6813568,0.504984475,0.667426835
2025,8,39,0.802239537,0.249473691,-0.660430133,0.731872013,16.32495571,460.201745,110.3195532,2.335185425,0.849932949
2025,9,39,0.526085913,0.042886745,-0.516790569,0.40132106,17.08900699,158.1700907,460.201745,0.127097475,0.629744258
2019,7,40,0.357791364,0.381098658,-0.279953003,1.430190016,15.79044693,268.6656189,68.34134489,2.386622164,0.855062178
2019,8,40,0.158764511,0.166845307,-0.08852338,0.340334008,16.73356844,253.6901503,268.6656189,-1.50261656,0.467230532
2019,9,40,0.484793723,0.104027264,-0.368173718,0.329323222,16.13321229,169.7058811,253.6901503,-0.383699283,0.578808031
2020,6,40,0.566666842,0.135896578,-0.502915263,-0.855270991,18.82770717,91.18524218,169.7058811,-2.490878709,0.368681853
2020,7,40,0.121805258,0.334885061,-0.094780385,0.574570689,18.4490433,201.4898188,91.18524218,-0.635342112,0.553714417
2020,8,40,0.059331205,0.060333949,-0.065132439,0.133163029,12.94737197,385.7649574,201.4898188,-2.553305071,0.362456748
2020,9,40,0.582151532,0.069164269,-0.590956509,0.400785401,18.27798883,55.84558057,385.7649574,0.429165543,0.659866234
2021,6,40,0.134999216,0.105803095,-0.081623487,0.458239118,17.96631983,80.46001816,55.84558057,-1.697058394,0.447840954
2021,7,40,0.41394037,0.137025446,-0.354881167,0.440985567,15.89580074,381.0042934,80.46001816,-0.276545046,0.589493362
2021,8,40,0.20212929,0.107919067,-0.169200748,-0.437773982,15.65368715,134.2111969,381.0042934,-3.067143611,0.311217197
2021,9,40,-0.010887886,0.110551551,0.02078498,-0.097884662,15.67509311,254.9021511,134.2111969,-3.353078232,0.282704035
2022,6,40,0.757270455,0.216357589,-0.628262281,0.583265724,19.4126094,96.87091076,254.9021511,1.702822051,0.7868742
2022,7,40,0.700787425,0.270289332,-0.55440414,0.967391304,15.68685289,322.5863791,96.87091076,2.423816887,0.858771205
2022,8,40,0.754934609,0.129516587,-0.62035501,0.569038142,16.10280028,236.5955467,322.5863791,1.470034637,0.763660833
2022,9,40,0.547448754,0.002936177,-0.478023231,0.471496632,16.22863128,101.5390234,236.5955467,-0.03661803,0.613418684
2023,6,40,0.405980915,0.238094002,-0.290174872,-1.773456459,18.08451816,182.6360874,101.5390234,-5.040087497,0.114476876
2023,7,40,0.526486635,0.188856617,-0.420021623,0.929133287,19.47706704,418.3242016,182.6360874,1.396082102,0.756286348
2023,8,40,0.331644416,0.045437213,-0.289170146,0.251099499,14.44515363,238.1703672,418.3242016,-1.133695902,0.504018992
2023,9,40,0.635919392,0.026086956,-0.566998243,0.4022722,16.4234567,181.0516844,238.1703672,0.305399099,0.647524347
2024,6,40,0.069482528,0.099323899,-0.02747586,0.287853251,20.33467179,49.69831836,181.0516844,-2.322246675,0.385497699
2024,7,40,0.260123938,0.19546406,-0.176708758,-0.079591439,16.7737919,229.311317,49.69831836,-2.044703257,0.413174098
2024,8,40,0.748519123,0.146134838,-0.66129446,0.527754575,18.70685289,276.0162567,229.311317,1.434319888,0.760099388
2024,9,40,0.641106188,0.022614146,-0.564304471,0.38852924,17.33106844,191.6804072,276.0162567,0.282795283,0.645270314
2025,6,40,0.003341616,0.196317196,0.022129437,0.606263751,17.17535615,89.55064757,191.6804072,-1.50503491,0.466989376
2025,8,40,0.683250844,0.08096353,-0.578022003,0.50349355,15.79198324,509.5620952,89.55064757,0.820717237,0.698911443
2025,9,40,0.28535071,0.020227848,-0.271025687,0.341342863,16.48196229,200.2038164,509.5620952,-1.138850345,0.503504996
2018,6,41,0.069529653,-0.136963695,-0.179921031,0.046205069,43.21969188,69.79394341,95.19668579,-3.617843355,0.256301877
2019,6,41,0.2183474,0.029914038,-0.278082728,0.182463226,45.12825397,38.05914911,69.79394341,-2.25206664,0.392495994
2019,7,41,0.11672195,-0.001364345,-0.133112192,0.061720331,32.88631186,424.9722385,38.05914911,-2.975173158,0.320388414
2019,8,41,0.707127392,0.300338835,-0.563601494,0.472100356,31.31434174,197.0499306,424.9722385,1.452158102,0.7618782
2019,9,41,0.743975878,0.324746996,-0.599568248,0.530630215,27.9592577,232.4610729,197.0499306,1.734647427,0.7900478
2020,6,41,0.115762502,-0.084367894,-0.187149182,0.063959094,38.08908964,62.74217544,232.4610729,-3.137169066,0.304234317
2020,7,41,0.217310384,0.16438356,-0.198090687,0.140174439,32.38182773,190.7958264,62.74217544,-1.902575084,0.427347001
2020,8,41,0.763172805,0.321733475,-0.606101036,0.542772183,30.02752801,561.4450006,190.7958264,1.844109578,0.800963275
2020,9,41,0.686664879,0.219174773,-0.605047584,0.415490358,30.90671569,84.04104519,561.4450006,1.17844012,0.734583271
2021,6,41,0.201420024,-0.054619491,-0.271883249,0.121750283,37.31408964,43.10349512,84.04104519,-2.610740943,0.356729291
2021,7,41,0.428703278,0.13380453,-0.323113203,0.207505436,32.30961485,500.1747475,43.10349512,-1.050289737,0.512336186
2021,8,41,0.590630829,0.268520474,-0.46327129,0.481573865,29.32658263,191.569912,500.1747475,0.947010198,0.711505272
2021,9,41,0.714792907,0.316601515,-0.575397909,0.502287854,27.90614146,435.8025265,191.569912,1.562128986,0.772844405
2022,6,41,0.347663552,0.024109239,-0.356839687,0.211228897,40.19885854,58.49136782,435.8025265,-1.446090229,0.47286729
2022,8,41,0.594717085,0.155060336,-0.487186521,0.31960585,29.47073529,237.9988136,58.49136782,0.009825301,0.618049975
2022,9,41,0.758705318,0.30610311,-0.644720793,0.541883736,28.88533613,117.9972034,237.9988136,1.827322703,0.799289302
2023,6,41,0.152017683,-0.070364431,-0.2441791,0.097445255,35.75570028,150.569726,117.9972034,-2.827590321,0.335105252
2023,7,41,0.123062596,0.217974171,-0.140654594,0.138100519,32.02964519,366.3677101,150.569726,-1.975428491,0.42008212
2023,8,41,0.729442954,0.296509057,-0.610318303,0.506839777,28.71140056,183.8255367,366.3677101,1.668494335,0.783451069
2023,9,41,0.761615515,0.324328929,-0.65220356,0.548423971,28.79815826,221.073204,183.8255367,1.914278664,0.807960478
2024,6,41,0.102180183,-0.066415653,-0.194938272,0.0708294,41.38144258,35.82684533,221.073204,-3.127197637,0.30522866
2024,7,41,0.472896874,0.170338348,-0.372650027,0.276386495,32.71168067,352.2992964,35.82684533,-0.602584851,0.556980944
2024,8,41,0.880004108,0.395222574,-0.753913701,0.611191108,27.84922969,402.1251549,352.2992964,2.939856071,0.910230203
2024,9,41,0.817213416,0.356162459,-0.690573454,0.592767418,29.3960084,190.6137556,402.1251549,2.45228347,0.861609869
2025,6,41,0.11855597,-0.053118534,-0.201868847,0.08571285,36.06938375,66.64317334,190.6137556,-2.94421644,0.323475392
2025,7,41,0.48198694,0.299441546,-0.35216397,0.370115196,30.75,458.9919429,66.64317334,0.07026162,0.624076634
2025,8,41,0.813700199,0.34563759,-0.680297375,0.56395618,28.61985994,538.5494595,458.9919429,2.43626122,0.860012144
2025,9,41,0.700472355,0.262924671,-0.629347324,0.528306059,27.43735994,230.7934036,538.5494595,1.71862402,0.78844996
2018,6,42,0.531428576,0.056397818,-0.540229857,0.40509298,23.72728412,86.1917932,140.4533463,-0.049694981,0.612114662
2019,6,42,0.625256479,0.132573396,-0.582467973,0.480472161,26.5944104,84.57850358,86.1917932,0.603897189,0.677290328
2019,7,42,0.137261853,0.125925645,-0.094344184,0.179351809,18.99722145,328.2583265,84.57850358,-2.154840968,0.402191257
2019,8,42,0.004062785,0.187432528,0.012937771,0.308842414,20.17156685,242.2003708,328.2583265,-2.08831527,0.408825144
2019,9,42,0.407382309,0.141667902,-0.308564246,0.373980054,20.20839833,328.8218727,242.2003708,-0.496159418,0.5675936
2020,6,42,0.669370532,0.17427142,-0.607248187,0.56022202,24.63375348,103.3582252,328.8218727,1.252712261,0.741989627
2020,7,42,0.060013488,0.157721192,-0.02077922,0.425414365,20.70423863,174.0317749,103.3582252,-1.889639663,0.42863691
2020,8,42,0.013974799,0.139684737,0.007032993,0.204993001,19.36169916,465.3558493,174.0317749,-2.482130161,0.369554251
2020,9,42,0.675271392,0.112642407,-0.625799656,0.489039542,22.68619777,136.8387756,465.3558493,1.063704659,0.723141946
2021,6,42,0.538347661,0.142852277,-0.481104672,0.492651446,23.93988858,103.0003338,136.8387756,0.304684381,0.647453076
2021,7,42,0.583262146,0.155496329,-0.54628855,0.446069947,18.76192433,379.6128168,103.0003338,0.595151794,0.676418245
2021,8,42,-0.034764826,0.169538632,0.055072464,0.465204236,18.95036212,189.2103596,379.6128168,-1.950944922,0.422523601
2021,9,42,0.18592298,0.171015486,-0.166176945,0.507246377,17.81503482,622.3285599,189.2103596,-0.868226993,0.530491331
2022,6,42,0.553500652,0.084578998,-0.554870009,0.381497032,26.17898329,100.4153674,622.3285599,0.347456226,0.651718249
2022,8,42,0.086410031,0.180673316,-0.050934903,0.286418769,20.26259749,223.6772838,100.4153674,-1.976878649,0.419937511
2022,9,42,0.56421715,0.203285068,-0.371546984,0.326892825,20.29534123,217.2705407,223.6772838,0.060800007,0.62313313
2023,6,42,0.597381353,0.157110691,-0.567871511,0.449694587,23.22519499,185.0723705,217.2705407,0.666774588,0.68356041
2023,7,42,0.549953341,0.138964951,-0.491727948,0.499474947,20.62836583,433.9072876,185.0723705,0.494664859,0.666397771
2023,8,42,0.27827093,0.182825491,-0.159257963,0.518736018,19.37412953,238.2189102,433.9072876,-0.562409595,0.560987187
2023,9,42,0.525703073,0.189072743,-0.4600766,0.547058655,20.78753482,325.6761494,238.2189102,0.64833457,0.681721587
2024,6,42,0.537875295,0.059203424,-0.558340967,0.401858716,26.65002089,51.82817316,325.6761494,0.08136334,0.625183688
2024,7,42,0.464581251,0.166552171,-0.401467621,0.383035545,20.51447075,283.5068784,51.82817316,-0.180696206,0.599051328
2024,8,42,0.104860418,0.027385572,-0.085860208,0.243966155,19.64637883,389.525866,283.5068784,-2.303273309,0.387389707
2024,9,42,0.492707103,0.080216326,-0.421513081,0.394977556,21.43658078,284.4733923,389.525866,-0.134144021,0.603693474
2025,6,42,0.619102061,0.135119662,-0.579234242,0.493490098,21.22930362,75.69287146,284.4733923,0.809335774,0.697776493
2025,7,42,-0.011721973,0.094158009,0.033192929,0.337891403,18.66974698,397.7494884,75.69287146,-2.525037844,0.365275533
2025,8,42,0.053817272,0.18060483,-0.013237064,0.56156406,19.88514392,513.5474396,397.7494884,-1.283499857,0.489080667
2025,9,42,0.656702042,0.160041481,-0.580125988,0.302414337,17.76704039,282.2583008,513.5474396,0.783016086,0.695151916
2019,7,43,0.272313356,0.029598212,-0.261634678,-0.046460579,34.28873418,517.5281601,82.38733872,-2.439236151,0.373831606
2019,8,43,0.806590259,0.296213806,-0.660667241,0.662289298,30.13884669,281.210422,517.5281601,2.392471057,0.855645425
2019,9,43,0.373057008,0.210647821,-0.291537464,0.638060161,27.75220816,283.4442482,281.210422,0.120636611,0.629099986
2020,6,43,0.678337395,0.127550155,-0.657578349,0.348646372,34.39043601,92.66482937,283.4442482,0.616738456,0.678570849
2020,7,43,0.371569037,0.195497364,-0.234968647,0.374737706,30.80067511,237.2869859,92.66482937,-0.8118022,0.536117964
2020,8,43,0.425021887,0.174946442,-0.349788636,0.449964968,28.67379044,688.0484257,237.2869859,-0.1200894,0.605094989
2020,9,43,0.776133657,0.300139755,-0.663760364,0.630284397,30.84007736,90.01008646,688.0484257,2.335644982,0.849978776
2021,6,43,0.54514426,0.028487641,-0.548026085,0.379480689,35.51379044,82.89875603,90.01008646,-0.331023127,0.584060853
2021,7,43,0.547615647,0.076192848,-0.481481493,0.371982798,31.05070323,577.3508587,82.89875603,-0.190667641,0.598056985
2021,8,43,0.141758665,0.076743744,-0.108792454,0.46547805,29.11679325,257.874033,577.3508587,-1.47850466,0.46963495
2021,9,43,0.863123417,0.293375403,-0.731871367,0.624652166,28.28296765,546.4178028,257.874033,2.505713762,0.866937893
2022,6,43,0.349948078,-0.092858322,-0.435670912,0.234076544,38.59133615,118.1030064,546.4178028,-1.492893287,0.468200128
2022,7,43,0.516320467,0.154584825,-0.422077924,0.461375287,28.85468354,527.1973448,118.1030064,0.098256363,0.626868246
2022,8,43,0.855526984,0.219668806,-0.718162358,0.631978731,29.58777075,377.2449646,527.1973448,2.345299046,0.850941471
2022,9,43,0.583333313,0.247873157,-0.482269496,0.568318111,28.60165963,165.0719438,377.2449646,1.025467927,0.719329011
2023,6,43,0.465663195,0.038425382,-0.469448864,0.364519054,33.26281997,248.569521,165.0719438,-0.581621903,0.559071352
2023,7,43,0.54186362,0.159574643,-0.450482398,0.491212025,28.48246132,553.9090881,248.569521,0.394713927,0.656430748
2023,8,43,0.780147076,0.259259015,-0.655669928,0.621781335,28.15703235,342.8911457,553.9090881,2.170689171,0.83352952
2023,9,43,0.785714269,0.229180112,-0.712082267,0.624033861,28.93151899,399.4518089,342.8911457,2.090922332,0.825575237
2024,6,43,0.447087944,-0.051804576,-0.503507853,0.290006925,39.65680731,64.74115705,399.4518089,-0.976826956,0.519661833
2024,7,43,0.655440688,0.182181388,-0.556724548,0.655807328,30.02770277,402.7788668,64.74115705,1.166752236,0.733417765
2024,8,43,0.203458801,0.084077895,-0.177114427,0.399840064,28.57830755,435.2957149,402.7788668,-1.369557919,0.480499029
2024,9,43,0.611403763,0.188561842,-0.520175874,0.603965358,28.90342475,221.4505897,435.2957149,1.100766784,0.726837751
2025,6,43,0.505505502,-0.031429537,-0.515365243,0.351279911,36.57962025,112.3428618,221.4505897,-0.681772248,0.549084443
2025,8,43,0.861465693,0.243721366,-0.692241549,0.68214152,28.17442569,711.3734169,112.3428618,2.312939887,0.847714643
2025,9,43,0.706189215,0.193059579,-0.620719135,0.570875641,27.71500703,250.2372284,711.3734169,1.679829945,0.784581447
2018,6,44,0.406183809,0.01188662,-0.465136796,0.18623529,35.12910167,74.37178278,145.1271515,-1.272742896,0.490153342
2019,6,44,0.428784549,0.119935669,-0.557689428,0.214899989,34.77032498,73.32558526,74.37178278,-0.621406575,0.555104057
2019,7,44,0.467648,0.125230953,-0.548798203,0.209777114,26.71502786,344.1348658,73.32558526,-0.397078705,0.577473846
2019,8,44,0.320293754,0.149041444,-0.249701321,0.206314169,26.09663649,225.2860851,344.1348658,-1.200529136,0.497354438
2019,9,44,0.236897275,0.241585642,-0.207161129,0.300505367,25.07167131,337.2923927,225.2860851,-1.005906667,0.516762028
2020,6,44,0.451055408,0.129085764,-0.535137594,0.210677368,32.23766017,92.63128694,337.2923927,-0.405462022,0.576637868
2020,7,44,0.530542195,0.203945622,-0.495640516,0.284365699,27.32042479,180.5509618,92.63128694,0.012339252,0.618300664
2020,8,44,0.378758132,0.24247174,-0.298368543,0.403012481,26.91259285,467.080512,180.5509618,-0.278049239,0.589343365
2020,9,44,0.70188117,0.256458431,-0.638681352,0.273126972,27.54914345,139.0401845,467.080512,1.096117818,0.72637416
2021,6,44,0.435557127,0.134329215,-0.573450506,0.230174178,31.09747911,87.64746475,139.0401845,-0.398463243,0.577335781
2021,7,44,0.363128483,0.139860138,-0.298447907,0.234178699,28.14422006,408.0029202,87.64746475,-1.110608709,0.506321228
2021,8,44,0.050558496,0.132865041,-0.046865847,0.154325121,25.52010446,179.8776855,408.0029202,-2.397553685,0.377988147
2021,9,44,0.420689642,0.166368514,-0.405172408,0.238254753,24.82428969,701.5477524,179.8776855,-0.477975116,0.569406923
2022,6,44,0.400809705,0.02736602,-0.471557677,0.181835419,33.05949861,96.96278477,701.5477524,-0.849811152,0.532327743
2022,8,44,0.284046263,0.118772723,-0.215660274,0.313692107,25.92970056,197.7778802,96.96278477,-1.381857987,0.479272476
2022,9,44,0.52617389,0.194446519,-0.470579058,0.295104571,25.19883008,247.9594054,197.7778802,0.041203876,0.62117902
2023,6,44,0.462385327,0.135588914,-0.542501748,0.223343474,30.11908078,170.6265965,247.9594054,-0.327418007,0.584420353
2023,7,44,0.264666885,0.114325695,-0.264082819,0.153631108,26.52002089,443.1624298,170.6265965,-1.589382288,0.458578326
2023,8,44,0.238532111,0.183777854,-0.181191221,0.320098825,24.94259749,212.1660519,443.1624298,-1.100579654,0.507321317
2023,9,44,0.749276459,0.253599197,-0.649659038,0.323461823,25.7931337,303.776762,212.1660519,1.222352269,0.738962154
2024,6,44,0.42323786,0.096481487,-0.54539758,0.219180658,33.21741643,49.30722779,303.776762,-0.573431288,0.559888113
2024,7,44,0.53919065,0.083058886,-0.531656682,0.242852722,26.89856546,327.383112,49.30722779,-0.370247387,0.580149443
2024,8,44,0.005544952,0.095682457,0.008799884,0.199834538,25.62475859,407.3197936,327.383112,-2.657190907,0.352097339
2024,9,44,0.684036434,0.236374557,-0.600448787,0.313634805,25.52973538,299.4903962,407.3197936,1.009157441,0.717702543
2025,6,44,0.457418859,0.116721794,-0.557000518,0.242662805,29.55112117,78.13247811,299.4903962,-0.303350496,0.586820345
2025,8,44,0.621946633,0.15713346,-0.59793812,0.323280072,24.39559192,477.1484165,447.8528867,0.700281435,0.686901685
2025,9,44,0.064615384,0.154212147,-0.026706232,0.29393012,24.08793872,352.6565933,477.1484165,-1.940662281,0.423548977
2019,6,45,0.281020105,-0.029030491,-0.386292845,0.184334035,40.3273986,56.92535005,90.99032831,-1.974635495,0.420161197
2019,7,45,0.311691254,-0.000691802,-0.41513592,0.210446401,32.98345455,569.8055401,56.92535005,-1.514709089,0.466024675
2019,8,45,0.824184895,0.349598616,-0.687344909,0.720776841,28.83004895,331.0539989,569.8055401,2.859447913,0.902211968
2019,9,45,0.739687085,0.234828502,-0.61310178,0.540498093,26.28151049,204.0772419,331.0539989,1.578555509,0.774482444
2020,6,45,0.420062691,0.008041892,-0.488499463,0.144385811,34.63006294,81.79674383,204.0772419,-1.247715237,0.492649079
2020,7,45,0.589995086,0.140545294,-0.544798315,0.432718248,29.53776224,304.3207916,81.79674383,0.363444929,0.653312629
2020,8,45,0.835755467,0.294449359,-0.708083928,0.659876215,28.39251748,671.2538948,304.3207916,2.523456847,0.868707219
2020,9,45,0.754705071,0.236937299,-0.657715321,0.541487784,29.42728671,70.60059876,671.2538948,1.872085944,0.803753055
2021,6,45,0.340879172,-0.00798442,-0.412253946,0.222332864,36.00206294,59.60765457,70.60059876,-1.587032949,0.4588126
2021,7,45,0.489051104,0.087613292,-0.50756532,0.355186429,30.34703963,668.3539104,59.60765457,-0.242901214,0.592848297
2021,8,45,0.608337879,0.303049982,-0.474849105,0.631736527,28.20133566,240.1655483,668.3539104,1.587296661,0.775354105
2021,9,45,0.82179445,0.226332292,-0.706851721,0.589591821,27.04740559,394.314621,240.1655483,2.030306255,0.819530653
2022,6,45,0.481200159,0.047312565,-0.530619025,0.314192829,36.4612028,97.46819544,394.314621,-0.41158095,0.576027694
2022,7,45,0.80331701,0.25773868,-0.690757751,0.638696976,28.82734266,663.253521,97.46819544,2.106894452,0.827167964
2022,8,45,0.905013204,0.325175881,-0.758830667,0.744974519,28.82456643,313.6077604,663.253521,3.231232709,0.939286038
2022,9,45,0.738422394,0.238977253,-0.630159855,0.546110852,27.18581119,174.2527462,313.6077604,1.614158901,0.778032785
2023,6,45,0.428008854,0.02650697,-0.486548811,0.3267773,32.17731469,181.5941648,174.2527462,-0.739850056,0.543292972
2023,7,45,0.041352995,0.127767846,-0.001289043,0.482876712,25.98001865,703.723629,181.5941648,-1.861743835,0.431418659
2023,8,45,0.850458264,0.316177726,-0.722080112,0.659270549,27.07227273,299.3709793,703.723629,2.851342814,0.901403734
2023,9,45,0.803194225,0.272516429,-0.716106892,0.620448293,27.37825874,264.5925293,299.3709793,2.240488033,0.840489804
2024,6,45,0.293375403,-0.04473111,-0.399317414,0.182946486,37.50055245,47.75992679,264.5925293,-1.830313106,0.434552905
2024,7,45,0.530145347,0.135869682,-0.515234351,0.44782193,28.433,406.598999,47.75992679,0.19397095,0.636412825
2024,8,45,0.847242653,0.329295248,-0.706099153,0.741465406,28.19650816,482.4688429,406.598999,2.868186989,0.903083421
2024,9,45,0.703677416,0.247077793,-0.61033541,0.55425684,27.29611189,221.1016727,482.4688429,1.649841757,0.78159105
2025,6,45,0.253263712,-0.051144667,-0.368821293,0.174220129,32.43246853,86.26652308,221.1016727,-1.986081871,0.419019773
2025,7,45,0.240236685,0.144104809,-0.157584682,0.412043302,26.89152914,644.9449568,86.26652308,-1.2434356,0.493075841
2025,8,45,0.818272352,0.250899136,-0.681399643,0.623506203,26.31444755,706.9556961,644.9449568,2.442811806,0.860665363
2025,9,45,0.671578944,0.19758673,-0.607560337,0.483628435,26.23934965,251.869606,706.9556961,1.412483513,0.757921883
2019,6,46,0.502800107,0.097244442,-0.483613104,0.387662386,30.7745463,85.02979356,86.95068169,-0.270407756,0.590105367
2019,7,46,0.581835866,0.15978393,-0.504520774,0.47166406,28.63893056,252.4374409,85.02979356,0.403240058,0.657280966
2019,8,46,0.675730109,0.240633741,-0.555503607,0.547586091,28.6005,209.4564114,252.4374409,1.260978657,0.742813945
2019,9,46,0.537812591,0.117827423,-0.496079087,0.334984799,27.28910417,182.9197178,209.4564114,-0.072483016,0.609842258
2020,6,46,0.373650104,-0.021235522,-0.412548572,0.231879607,33.34498611,84.56390122,182.9197178,-1.429743256,0.474497397
2020,7,46,0.323415965,-0.030865442,-0.36777091,0.213749387,32.59967361,150.3304502,84.56390122,-1.755867428,0.441976566
2020,8,46,0.584066033,0.133906707,-0.524472773,0.417514192,29.653,382.6661978,150.3304502,0.303750054,0.647359906
2020,9,46,0.65295732,0.200955212,-0.580638766,0.443025308,29.146625,74.88454914,382.6661978,0.956085945,0.712410298
2021,6,46,0.469621897,0.08803089,-0.44809866,0.315192167,31.54389583,86.71809769,74.88454914,-0.633734111,0.553874766
2021,7,46,0.47198385,0.105382867,-0.460999131,0.356407715,28.84259028,325.2457361,86.71809769,-0.360746991,0.581096814
2021,8,46,0.589673162,0.165761381,-0.531216919,0.475304904,28.33919444,142.664032,325.2457361,0.643137669,0.681203356
2021,9,46,0.571340322,0.120458052,-0.511137486,0.365307659,26.74314583,347.2188644,142.664032,0.109499448,0.627989397
2022,6,46,0.36476317,0.029306438,-0.41977942,0.246394928,31.65397222,97.08534241,347.2188644,-1.105429672,0.506837677
2022,7,46,0.755162239,0.274479806,-0.604700446,0.672117621,28.16565509,331.7937937,97.08534241,1.870037621,0.803548798
2022,8,46,0.810454726,0.324009329,-0.635630667,0.719839952,27.36902083,204.1388183,331.7937937,2.464591523,0.862837218
2022,9,46,0.651136339,0.164962918,-0.577120841,0.420242024,26.63104167,99.47954082,204.1388183,0.698895237,0.686763455
2023,6,46,0.472027123,0.085007727,-0.440625727,0.418455857,28.09084028,195.1115108,99.47954082,-0.34857603,0.582310492
2023,7,46,0.743722916,0.247831479,-0.600662112,0.604198669,27.754,356.5692215,195.1115108,1.668519324,0.783453561
2023,8,46,0.678733051,0.20498015,-0.567605615,0.503430788,27.05344444,223.1012006,356.5692215,1.167257451,0.733468145
2023,9,46,0.609926999,0.139962792,-0.551874459,0.390905689,26.45102778,195.330864,223.1012006,0.434792037,0.660427303
2024,6,46,0.438803047,0.031327873,-0.465456367,0.305514421,31.84715278,45.94579458,195.330864,-0.806710201,0.536625734
2024,7,46,0.532021761,0.089646824,-0.493871272,0.394356801,30.50434028,196.1282797,45.94579458,-0.193212278,0.597803236
2024,8,46,0.786916137,0.27404058,-0.658123374,0.582581163,26.44954167,274.2859743,196.1282797,1.93879924,0.810405649
2024,9,46,0.641106904,0.164181113,-0.600749195,0.412885642,27.13617361,188.7069166,274.2859743,0.769323494,0.693786502
2025,6,46,0.604807019,0.14833802,-0.530666649,0.444223177,27.42447917,75.64332658,188.7069166,0.461285741,0.663069234
2025,7,46,0.721932411,0.227089062,-0.583976626,0.585583928,25.08572917,319.5969591,75.64332658,1.423217445,0.758992262
2025,8,46,0.746967077,0.23854661,-0.618785799,0.564105444,25.07107639,465.9501858,319.5969591,1.732362899,0.789819989
2025,9,46,0.652816236,0.126494646,-0.598216951,0.423725428,25.10142361,181.9895635,465.9501858,0.830921356,0.699928989
2019,7,47,0.402901411,0.28634581,-0.36272043,0.401532898,18.89812586,101.0979595,51.17829862,0.016841965,0.61874967
2019,8,47,-0.006553588,0.170933202,0.027138541,0.121663256,17.37092208,111.3087924,101.0979595,-2.744645368,0.343376453
2019,9,47,0.422783524,0.247303918,-0.390035868,0.641922769,18.12240664,133.2386246,111.3087924,0.577631605,0.674671146
2020,6,47,0.865962446,0.288300961,-0.863441229,0.225857249,21.28374827,45.39305285,133.2386246,1.838704877,0.800424323
2020,7,47,-0.006272038,0.127889663,0.00675226,-0.030391499,21.27578838,55.89121225,45.39305285,-3.268839339,0.291104267
2020,8,47,0.166936785,0.138810202,-0.149110809,0.434182457,15.95766021,174.0961742,55.89121225,-1.367037636,0.480750349
2020,9,47,0.844548225,0.220314443,-0.791196585,0.590563269,21.27871369,52.84418488,174.0961742,2.224810543,0.838926458
2021,6,47,0.712079644,0.167324856,-0.660686493,0.494954974,21.37235823,42.6858778,52.84418488,1.161987742,0.732942654
2021,7,47,0.742833734,0.252979696,-0.679226696,0.653748455,18.78058783,147.5881033,42.6858778,1.954835858,0.812004807
2021,8,47,0.420375168,0.310861558,-0.328477651,0.471286696,15.98461272,68.50677395,147.5881033,0.299371722,0.646923302
2021,9,47,0.084453665,0.051635105,-0.053032469,0.1064149,15.24748271,241.3702097,68.50677395,-2.755719369,0.342272163
2022,6,47,0.628318608,0.084204525,-0.579617858,0.414875971,22.53896957,46.37037247,241.3702097,0.438414484,0.660788531
2022,7,47,-0.049543049,0.103910618,0.068803012,0.718270572,15.02909636,129.5384219,46.37037247,-1.847406283,0.432848388
2022,8,47,0.097490288,0.116726436,-0.050635569,0.483286847,16.36242047,95.70691729,129.5384219,-1.69128158,0.448417013
2022,9,47,0.489711344,0.100626409,-0.435172439,0.366719952,18.6045574,80.42710924,95.70691729,-0.290837896,0.588068091
2023,6,47,0.627883136,0.190017015,-0.562223315,0.438705332,18.4374758,107.0486794,80.42710924,0.764488422,0.693304352
2023,7,47,0.773828208,0.062887527,-0.679285109,0.216137866,18.83804057,137.1009579,107.0486794,0.462950065,0.663235199
2023,8,47,0.866077065,0.285362661,-0.762567699,0.7161014,15.4635408,108.8218162,137.1009579,2.758169049,0.892112524
2023,9,47,0.786407769,0.25305739,-0.70171988,0.613924279,17.40360996,136.731329,108.8218162,2.071818157,0.823670185
2024,6,47,0.638060689,0.165872037,-0.536699176,0.575201366,23.21093361,24.88466835,136.731329,0.905154881,0.707331495
2024,7,47,0.733135641,0.258093536,-0.617246926,0.639329426,18.25416321,71.49387693,24.88466835,1.752769549,0.791854923
2024,8,47,0.833147109,0.254971951,-0.741068244,0.769124979,16.22472337,129.9143159,71.49387693,2.604888761,0.876827542
2024,9,47,0.792095423,0.164618939,-0.72465229,0.555244702,18.51033195,152.8574673,129.9143159,1.717095409,0.788297528
2025,6,47,0.064642608,0.211935058,-0.011364722,0.496256434,18.91482019,40.67491534,152.8574673,-1.538424133,0.46365983
2025,7,47,0.607051075,0.177927315,-0.544652283,0.604564406,16.66443292,127.3263715,40.67491534,1.004052191,0.717193452
2025,8,47,0.777315319,0.242671013,-0.684418142,0.17476137,15.52019364,242.9795122,127.3263715,1.065855037,0.72335638
2025,9,47,0.062875196,0.119626172,-0.018776499,0.015256143,17.01421162,118.1504211,242.9795122,-2.795835766,0.338271789
2019,6,48,0.550819159,0.087251909,-0.53932333,0.323807337,39.22838469,41.29983091,78.28431034,-0.328374363,0.584324986
2019,7,48,0.525800109,0.074517019,-0.475067198,0.299880793,31.98150327,593.2294807,41.29983091,-0.452136034,0.571983575
2019,8,48,0.144603267,0.133866563,-0.089456469,0.272884967,30.89502101,276.0267181,593.2294807,-1.760683729,0.441496288
2019,9,48,0.696417451,0.331909597,-0.601877213,0.651331808,29.09388655,289.0277748,276.0267181,1.972523659,0.81376862
2020,6,48,0.621975124,0.199324951,-0.664429545,0.537974684,34.73798319,74.75743849,289.0277748,1.161846379,0.732928557
2020,7,48,0.662131846,0.250606924,-0.55023092,0.522310511,31.02822129,284.3593439,74.75743849,1.070050905,0.723774789
2020,8,48,0.829013705,0.3292602,-0.696114421,0.714481783,29.0179972,680.062006,284.3593439,2.698107732,0.88612326
2020,9,48,0.826855123,0.345478207,-0.728870273,0.690511961,31.29976891,97.47869471,680.062006,2.874401698,0.903703147
2021,6,48,0.612338662,0.069885425,-0.608947515,0.337317584,34.8092507,43.55668163,97.47869471,0.010042956,0.618071679
2021,7,48,0.712344289,0.098481037,-0.692105949,0.508389502,30.56282913,673.792469,43.55668163,1.041388061,0.720916554
2021,8,48,0.603911996,0.258134484,-0.518209755,0.6036414,29.40342437,252.9165382,673.792469,1.459588113,0.762619115
2021,9,48,0.869716585,0.326786309,-0.731521964,0.67711021,28.51938375,603.2898712,252.9165382,2.751283696,0.891425923
2022,6,48,0.617964447,0.102543719,-0.62174803,0.373681797,36.19514006,88.84981823,603.2898712,0.54850496,0.671766661
2022,8,48,0.854289412,0.263056248,-0.709643185,0.653657426,30.03787115,313.9292412,88.84981823,2.223054341,0.838751331
2022,9,48,0.654557824,0.254509926,-0.553825736,0.580247326,28.78438375,204.6799631,313.9292412,1.364178403,0.753104938
2023,6,48,0.767095864,0.16851218,-0.694840848,0.481909453,32.94207283,160.1356535,204.6799631,1.310378836,0.74774009
2023,7,48,0.636255205,0.271622807,-0.501094103,0.509843272,29.07978992,629.8503685,160.1356535,1.086521557,0.725417228
2023,8,48,0.806338012,0.3312051,-0.690976501,0.690799764,28.76580532,263.4036217,629.8503685,2.726735719,0.888978019
2023,9,48,0.855251253,0.336631745,-0.760453284,0.593879686,29.33581933,415.8709316,263.4036217,2.596787519,0.876019692
2024,6,48,0.736679256,0.073067121,-0.696193993,0.375605816,37.16209384,40.8177126,415.8709316,0.750352502,0.69189473
2024,7,48,0.749612212,0.26466015,-0.627243102,0.658094945,30.595845,476.0360279,40.8177126,1.810759773,0.79763766
2024,8,48,0.896070957,0.285886198,-0.746031761,0.647435897,29.10257703,455.9575463,476.0360279,2.743897153,0.890689343
2024,9,48,0.803153217,0.290096402,-0.667692661,0.565055559,29.49677871,289.3058197,455.9575463,2.138412211,0.830310888
2025,6,48,0.329028726,0.048363879,-0.309040338,0.305946189,32.44990663,79.46534088,289.3058197,-1.300178256,0.487417511
2025,7,48,0.792702019,0.273334384,-0.655229449,0.691628579,29.80163866,672.5001001,79.46534088,2.146615825,0.831128946
2025,8,48,0.818747401,0.299836695,-0.689781785,0.697302088,26.94748833,649.7290668,672.5001001,2.787031416,0.894990655
2025,9,48,0.728549123,0.249329761,-0.673716009,0.606216664,27.22756536,336.5702972,649.7290668,2.103963565,0.826875698
2019,7,49,0.778704643,0.23103708,-0.656946599,0.630321551,20.05732687,119.9028015,54.41351484,1.84125563,0.800678682
2019,8,49,0.762797415,0.227005363,-0.637958527,0.602214694,20.28823407,139.1994915,119.9028015,1.728190704,0.789403941
2019,9,49,0.686390102,0.094771676,-0.603900075,0.394199768,20.53549861,128.9827881,139.1994915,0.589762177,0.675880797
2020,6,49,0.789088488,0.201340631,-0.710152745,0.443003063,24.44087258,52.70684984,128.9827881,1.456394558,0.762300656
2020,7,49,0.694000661,0.166014686,-0.602759719,0.551451054,24.88657895,72.4159528,52.70684984,1.067311132,0.723501581
2020,8,49,0.712950587,0.112799086,-0.604251325,0.443319528,22.18348107,170.02952,72.4159528,0.762387103,0.693094811
2020,9,49,0.633422971,-0.048495844,-0.595365047,0.295027637,21.06551247,52.54042816,170.02952,-0.243911661,0.592747536
2021,6,49,0.725287139,0.172278553,-0.619979143,0.482777102,25.16080332,45.51298761,52.54042816,1.036867575,0.720465775
2021,7,49,0.530964494,0.318181813,-0.417293221,0.55628882,22.89552632,175.3631945,45.51298761,0.832379191,0.700074363
2021,8,49,0.689688325,0.102186501,-0.617159009,0.350965512,22.16020083,72.23954201,175.3631945,0.548658074,0.67178193
2021,9,49,0.64544642,-0.085130222,-0.580516934,0.241569514,20.97674515,175.7280731,72.23954201,-0.527997879,0.564418695
2022,6,49,0.669675112,0.098886415,-0.579396725,0.412874958,24.95671053,55.78037786,175.7280731,0.502914178,0.667220387
2022,7,49,0.709952593,0.175818801,-0.57348454,0.617222909,22.75617959,146.4741392,55.78037786,1.253663407,0.742084474
2022,8,49,0.812394381,0.187854946,-0.670411944,0.549638399,20.70245845,122.606442,146.4741392,1.67475902,0.784075778
2022,9,49,0.469602227,0.003364133,-0.421441436,0.240538482,19.99792936,85.22725058,122.606442,-0.968681871,0.520474054
2023,6,49,0.745107174,0.217021272,-0.617361248,0.549154396,22.73295706,125.7260132,85.22725058,1.435850259,0.760251996
2023,7,49,0.825978458,0.272259206,-0.678809285,0.635786033,20.47398199,171.0524597,125.7260132,2.194594369,0.835913326
2023,8,49,0.811904788,0.236393183,-0.676965415,0.476255194,19.89973684,121.140646,171.0524597,1.714427191,0.788031455
2023,9,49,0.745865285,0.131486535,-0.653170347,0.385240437,19.06817175,137.560524,121.140646,0.947178257,0.711522031
2024,6,49,0.248687923,0.123842634,-0.173394069,0.467991058,24.04997922,29.94879341,137.560524,-1.186574108,0.498746022
2024,7,49,0.713652074,0.192386836,-0.633161128,0.525753486,21.96346953,90.28774929,29.94879341,1.239349261,0.74065708
2024,8,49,0.724665403,0.135781735,-0.622302175,0.44956952,21.00322022,146.2357145,90.28774929,0.942145285,0.711020147
2024,9,49,0.456237853,0.077685572,-0.394210517,0.42061468,21.53853186,148.5675627,146.2357145,-0.410120848,0.576173294
2025,6,49,0.715695977,0.195402294,-0.605172038,0.573966264,22.41637119,45.20851731,148.5675627,1.353113177,0.752001523
2025,7,49,0.136319056,0.080105558,-0.122376494,0.22967614,21.75045706,167.1012185,45.20851731,-2.223609569,0.395333709
2025,8,49,0.770599842,0.136315897,-0.641809285,0.47326853,20.04728532,258.2765369,167.1012185,1.224405338,0.739166884
2025,9,49,0.728253961,-0.033781569,-0.676721692,0.27170326,19.66289474,127.7166781,258.2765369,0.24015852,0.641018611
2019,6,50,0.352588564,-0.021597393,-0.491174668,0.210161663,39.49574359,61.04341855,97.28006601,-1.473977097,0.470086435
2019,7,50,0.323205858,-0.023146331,-0.445080101,0.195280979,32.89836364,595.8558846,61.04341855,-1.518188184,0.465677742
2019,8,50,0.390284747,0.165491298,-0.329779118,0.432602715,29.55369231,346.1631098,595.8558846,-0.168142413,0.600303182
2019,9,50,0.365673482,0.178694859,-0.33993718,0.260953937,26.73104196,234.8790989,346.1631098,-0.674031535,0.54985634
2020,6,50,0.417582422,-0.013799805,-0.530249119,0.131698456,34.0919021,87.44921035,234.8790989,-1.227935807,0.494621468
2020,7,50,0.024492653,0.067138202,-0.022346368,0.360295627,29.40403263,314.4357471,87.44921035,-2.499670873,0.367805106
2020,8,50,0.625767529,0.122584403,-0.584024429,0.394588056,27.65806294,720.0620728,314.4357471,0.641705781,0.68106057
2020,9,50,0.643869698,0.197704226,-0.59929657,0.409246302,29.4800979,85.63078078,720.0620728,1.103636163,0.727123883
2021,6,50,0.356308401,-0.020289855,-0.518852174,0.202020202,35.83504196,63.03845215,85.63078078,-1.374840178,0.479972286
2021,7,50,0.41858381,0.004442564,-0.492143303,0.249830593,30.8735338,667.7436676,63.03845215,-0.946331867,0.522702778
2021,8,50,0.435338706,0.090270668,-0.431947082,0.423978402,27.72513287,257.6665993,667.7436676,-0.047756955,0.61230792
2021,9,50,0.656259835,0.142140463,-0.598595679,0.411873081,27.12392308,437.1389275,257.6665993,0.760750719,0.692931632
2022,6,50,0.341799855,-0.014409306,-0.489126623,0.219678415,35.59272727,99.15304375,437.1389275,-1.188784518,0.498525602
2022,7,50,0.639474511,0.071057886,-0.603226781,0.403960472,29.34709091,673.9817486,99.15304375,0.401282312,0.657085742
2022,8,50,0.681167901,0.105183505,-0.604793727,0.446421737,28.32753147,331.5003109,673.9817486,1.006099805,0.717397638
2022,9,50,0.627686501,0.151956707,-0.557773769,0.441992282,26.90001399,193.5486859,331.5003109,0.701442573,0.687017473
2023,6,50,0.450246811,0.010386048,-0.537317514,0.288442411,31.81315385,193.3539829,193.5486859,-0.690520598,0.548212065
2023,7,50,0.560722113,0.088246338,-0.563088536,0.29369108,26.86387413,734.8873672,193.3539829,0.051517437,0.62220748
2023,8,50,0.689587414,0.180026785,-0.583370984,0.471364686,26.39195105,315.9965439,734.8873672,1.337199813,0.750414655
2023,9,50,0.727710843,0.20924671,-0.651605904,0.459315589,27.35804196,328.7509422,315.9965439,1.381495871,0.754831821
2024,6,50,0.321830451,-0.203287199,-0.465445459,0.152495379,37.63204196,49.37414267,328.7509422,-2.16849254,0.400829933
2024,7,50,0.561621845,0.048610367,-0.498843253,0.38709852,28.16409091,424.9775715,49.37414267,-0.192658667,0.597858442
2024,8,50,0.778365195,0.261260957,-0.64709115,0.569077379,27.08077855,489.1642609,424.9775715,1.999339155,0.816442639
2024,9,50,0.732011318,0.245575801,-0.622825205,0.542396153,27.28952448,252.3639008,489.1642609,1.720392609,0.788626322
2025,6,50,0.394441724,0.01775148,-0.54240185,0.252701943,32.31925874,88.87474021,252.3639008,-0.844525831,0.532854791
2025,7,50,0.610675037,0.119069263,-0.549848914,0.466725324,27.0551049,664.1306939,88.87474021,0.530912841,0.67001239
2025,8,50,0.734538257,0.183266163,-0.642685235,0.496700046,26.87616317,749.5703049,664.1306939,1.677921042,0.784391093
2025,9,50,0.656962037,0.1493617,-0.586185992,0.430335631,25.76437762,275.3292236,749.5703049,1.089342702,0.725698551
2019,7,51,0.618819654,0.164103195,-0.52611953,0.457176905,26.03967497,274.3230066,65.31272479,0.542011894,0.671119178
2019,8,51,0.671753109,0.210564569,-0.611637771,0.427410533,26.28715768,193.9988017,274.3230066,1.059995452,0.722772067
2019,9,51,0.728076398,0.231012106,-0.648963869,0.452188289,25.11683264,152.6794586,193.9988017,1.349900808,0.751681188
2020,6,51,0.686032891,0.18719399,-0.682474136,0.329465372,30.16846473,74.3155057,152.6794586,0.816671688,0.698508024
2020,7,51,0.70145905,0.218248606,-0.642025471,0.485286125,27.95394882,165.4508452,74.3155057,1.198172471,0.736550965
2020,8,51,0.484045655,0.134912759,-0.446322292,0.407151175,26.03740664,358.0641117,165.4508452,-0.068236728,0.610265694
2020,9,51,0.756444454,0.163206458,-0.675945163,0.362843508,27.46155602,57.89478207,358.0641117,1.106866188,0.727445978
2021,6,51,0.60963589,0.184290037,-0.563557029,0.398518306,30.14086445,66.27619934,57.89478207,0.451131345,0.662056646
2021,7,51,0.654470146,0.19526045,-0.589513063,0.432148586,25.58981328,349.7567873,66.27619934,0.83948593,0.700783041
2021,8,51,0.701923311,0.232320264,-0.602269292,0.470695803,25.96753804,136.3015785,349.7567873,1.310843596,0.747786435
2021,9,51,0.755424678,0.210151881,-0.65976423,0.410362886,23.90608575,297.5397739,136.3015785,1.281412184,0.744851559
2022,6,51,0.533445776,0.093605936,-0.580482006,0.31149635,31.43161826,84.37252963,297.5397739,-0.031434184,0.613935613
2022,7,51,0.670303762,0.212328762,-0.585666299,0.465073454,26.59622407,351.1799841,84.37252963,0.993110185,0.716102324
2022,8,51,0.827843368,0.278417736,-0.70740205,0.528865243,24.7930982,195.4939766,351.1799841,2.142582904,0.830726786
2022,9,51,0.75796634,0.191973969,-0.677222431,0.42611006,24.4545574,93.39731836,195.4939766,1.291786469,0.745886075
2023,6,51,0.630205691,0.19603838,-0.570978522,0.455804737,27.20417012,171.4719534,93.39731836,0.758691644,0.692726303
2023,7,51,0.796434164,0.27330336,-0.670723081,0.556392384,26.022787,365.0559006,171.4719534,1.937233412,0.810249506
2023,8,51,0.792314649,0.244946897,-0.702386796,0.502306102,24.21113416,201.3273005,365.0559006,1.900572619,0.806593722
2023,9,51,0.776000023,0.215110689,-0.702629805,0.429955671,25.34326418,211.7133179,201.3273005,1.492671425,0.765918155
2024,6,51,0.686354816,0.186810926,-0.618232787,0.49499833,30.59862379,40.14270286,211.7133179,1.053223261,0.72209675
2024,7,51,0.73719573,0.213651091,-0.665885448,0.502159701,25.74307054,216.9607697,40.14270286,1.370926419,0.753777844
2024,8,51,0.795944631,0.238074109,-0.695533276,0.496307297,24.77545643,273.8505797,216.9607697,1.771116057,0.793684422
2024,9,51,0.770454645,0.210744783,-0.66643399,0.440167349,24.30608575,181.9471078,273.8505797,1.455266959,0.762188213
2025,6,51,0.521808326,0.065062389,-0.568241477,0.299393541,26.90738589,70.91913419,181.9471078,-0.225358079,0.594597684
2025,8,51,0.798820436,0.202102035,-0.70021677,0.482887023,23.49244352,444.2350302,70.91913419,1.598001055,0.776421538
2025,9,51,0.676028311,0.091663122,-0.640835464,0.354418844,22.66473721,190.314394,444.2350302,0.732348669,0.690099403
2019,7,52,0.409121782,0.153832167,-0.334404618,0.278397853,21.84324343,242.7816792,70.47325027,-0.745957069,0.542683986
2019,8,52,0.729701936,0.239399731,-0.574368596,0.330509264,20.36495851,225.8890605,242.7816792,1.041686192,0.720946283
2019,9,52,0.723084331,0.250090688,-0.631283402,0.296516132,19.56504149,149.2004461,225.8890605,1.106960155,0.727455348
2020,6,52,0.863492429,0.305212557,-0.815076828,0.367457307,22.64426003,82.27294242,149.2004461,2.087230697,0.82520711
2020,7,52,0.749680698,0.21489802,-0.637537241,0.368595111,21.952213,173.3080239,82.27294242,1.106318117,0.727391325
2020,8,52,0.286308229,0.312825441,-0.167099074,0.21904208,19.87753804,344.7606936,173.3080239,-0.900906388,0.527232569
2020,9,52,0.805364966,0.23728089,-0.691408515,0.28996348,20.68650069,44.72425127,344.7606936,1.410386251,0.757712746
2021,6,52,0.717291236,0.234944865,-0.663725972,0.350376976,23.02824343,76.00733948,44.72425127,1.068171453,0.723587371
2021,7,52,0.70059675,0.235178038,-0.628823459,0.359497805,20.46084371,337.3342094,76.00733948,1.073897252,0.724158343
2021,8,52,0.546258628,0.180147782,-0.420536309,0.23017502,20.27587137,121.4990559,337.3342094,-0.100325798,0.607065799
2021,9,52,0.473475188,0.185009032,-0.355679154,0.084347577,18.77081604,234.5048866,121.4990559,-0.810249803,0.536272768
2022,6,52,0.766397119,0.220132187,-0.685465395,0.371458467,23.42881051,88.61963356,234.5048866,1.339362915,0.750630358
2022,8,52,0.846778274,0.300464451,-0.70811826,0.360366196,20.68275242,208.824162,273.50213,1.893752336,0.805913609
2022,9,52,0.759213746,0.312768459,-0.654534936,0.292807732,19.15344398,87.80375385,208.824162,1.423510252,0.75902146
2023,6,52,0.685014367,0.207418099,-0.578793287,0.345970053,21.35950899,181.8092442,87.80375385,0.764506601,0.693306165
2023,7,52,0.820764661,0.275454074,-0.691182017,0.369559177,21.66656524,358.989912,181.8092442,1.694332046,0.786027584
2023,8,52,0.809541583,0.264314234,-0.74573487,0.316053865,19.95807054,209.6867008,358.989912,1.746337471,0.791213522
2023,9,52,0.832946658,0.298274457,-0.763392866,0.305818213,19.33195712,170.9144402,209.6867008,1.836652594,0.800219671
2024,6,52,0.681344509,0.159469083,-0.610051394,0.324433159,23.30900415,46.37891382,170.9144402,0.623725654,0.679267606
2024,7,52,0.719197929,0.24953036,-0.595108747,0.408931392,21.44087828,199.4379721,46.37891382,1.133038522,0.730055861
2024,8,52,0.798622131,0.281722069,-0.692768097,0.334754987,20.00368603,248.8223903,199.4379721,1.604133655,0.777033076
2024,9,52,0.798124492,0.310278952,-0.699829102,0.260530801,19.61246196,161.5680459,248.8223903,1.569810018,0.773610351
2025,6,52,0.746187389,0.231624454,-0.674151421,0.283561701,21.27431535,80.51330669,161.5680459,1.093339889,0.726097147
2025,8,52,0.817366958,0.24961479,-0.665297747,0.328160144,16.87065698,444.9740744,80.51330669,1.462668569,0.762926295
2025,9,52,0.762759328,0.215339094,-0.633008182,0.256631643,18.87533195,175.7269688,444.9740744,1.1443711,0.731185937
2019,7,53,0.795854986,0.260868639,-0.730319619,0.328678938,22.98126227,503.5102005,101.0961679,1.556007268,0.772233952
2019,8,53,0.057943925,0.047760088,-0.059845705,0.234706239,21.90432445,364.5488415,503.5102005,-2.31553478,0.386167004
2019,9,53,-0.019883428,0.290452838,0.047523808,0.193315465,20.60401122,252.0476542,364.5488415,-2.114285815,0.406235383
2020,6,53,0.553473473,0.168253377,-0.528369725,0.353037505,27.71143291,116.1319757,252.0476542,0.25367893,0.642366855
2020,7,53,-0.017291067,0.193831876,0.033309709,0.182457315,23.41969612,388.0294994,116.1319757,-2.584064295,0.359389464
2020,8,53,0.394882381,0.17496787,-0.364872962,0.319604491,17.13985694,595.8564119,388.0294994,-0.21631002,0.595499949
2020,9,53,0.294978768,0.103956074,-0.261731565,0.48814171,24.95172511,70.28626805,595.8564119,-0.616207342,0.555622521
2021,6,53,0.56738925,0.207697898,-0.510445058,0.469890333,26.4576087,112.4400291,70.28626805,0.531896202,0.67011045
2021,7,53,0.361592084,0.188236773,-0.297464013,0.338650927,21.06612903,650.9107056,112.4400291,-0.572358777,0.559995063
2021,8,53,-0.048979364,0.135261148,0.071752943,0.609951674,19.68366059,213.9455795,650.9107056,-1.651873667,0.452346737
2021,9,53,0.097139157,0.184933633,-0.08389768,0.454347852,22.26142824,276.7046318,213.9455795,-1.435358618,0.473937438
2022,6,53,0.643122673,0.186458886,-0.628421068,0.427969618,30.14902992,95.69543374,276.7046318,0.89174052,0.705993826
2022,7,53,0.599014997,0.20693928,-0.523064911,0.632475299,21.31274895,564.2332859,95.69543374,1.156401434,0.732385592
2022,8,53,0.025,0.011705156,-0.012666244,0.159183673,21.18767181,402.2704487,564.2332859,-2.730836828,0.344753429
2022,9,53,0.011181332,0.101509199,-0.003376749,0.482815057,22.60065217,171.5675974,402.2704487,-1.935792562,0.424034581
2023,6,53,0.355845302,0.240959853,-0.305246353,0.355634372,25.89529453,201.3109474,171.5675974,-0.466669497,0.57053431
2023,7,53,0.074391328,0.084008381,-0.062206078,0.246610226,25.01058439,718.2437096,201.3109474,-2.284383611,0.389273372
2023,8,53,0.218857929,0.148206025,-0.170097142,-0.089972047,18.45639551,472.1089973,718.2437096,-1.88626558,0.428973371
2023,9,53,0.367918909,0.155958682,-0.32409811,0.489690722,24.57018233,264.096653,472.1089973,-0.167172149,0.600399936
2024,6,53,0.719721615,0.242057145,-0.674716353,0.538159638,32.3486676,61.78859517,264.096653,1.553497269,0.771983658
2024,7,53,0.324852169,0.227827519,-0.271542788,-0.696718697,21.89081346,556.0987263,61.78859517,-2.922340633,0.325656829
2024,8,53,0.137237564,-0.001164596,-0.113130003,0.412898936,23.31556802,400.5765157,556.0987263,-1.765338047,0.441032164
2024,9,53,0.331880033,0.202249587,-0.273526967,0.461816273,23.93102384,153.7063246,400.5765157,-0.330938795,0.584069263
2025,6,53,0.730150998,0.25734514,-0.692234397,0.502396354,25.73491819,193.386498,153.7063246,1.630250928,0.779637469
2025,8,53,-0.048202615,0.222776175,0.066506408,0.541781451,22.9041842,825.117116,193.386498,-1.700632459,0.447484551
2025,9,53,0.012381088,0.167514488,-0.001859994,0.247753492,20.66099579,181.0261536,825.117116,-1.944485003,0.423167778
2019,7,54,0.375371963,0.184716895,-0.293035477,0.136998929,14.72361379,101.8957491,44.36260952,-1.080555201,0.509318139
2019,8,54,0.047413792,0.13474074,0.015530047,-0.38439138,15.08976552,127.4023228,101.8957491,-3.802246769,0.237913322
2019,9,54,0.362646282,0.191871405,-0.31692642,0.238998633,17.52301379,142.8238621,127.4023228,-0.778542112,0.539434633
2020,6,54,0.413944811,0.173314989,-0.356317908,1.021156996,20.18063908,42.15225769,142.8238621,1.042879818,0.721065311
2020,7,54,-0.004904205,0.1550771,0.026244787,0.890022676,19.96851034,59.56777161,42.15225769,-1.179606494,0.499440826
2020,8,54,0.284592062,0.178255782,-0.231059387,0.12595658,15.53615172,160.4240522,59.56777161,-1.459605382,0.47151957
2020,9,54,0.07692308,0.104721032,-0.180251509,0.20126385,19.95950345,54.29051828,160.4240522,-2.124550535,0.405211794
2021,6,54,0.39730081,0.159466833,-0.203120023,0.406872621,21.92336552,36.88430548,54.29051828,-0.832658285,0.534038213
2021,7,54,0.29469648,0.157886118,-0.255113542,-0.066071371,17.54076322,149.8240614,36.88430548,-1.912846557,0.426322738
2021,8,54,0.502510428,0.110715702,-0.433836251,0.44576623,17.08481379,67.30447006,149.8240614,-0.008247592,0.616247761
2021,9,54,0.02083442,0.122704938,-0.019249225,0.0651311,15.92231724,192.0891914,67.30447006,-2.847252556,0.33314455
2022,6,54,0.447253704,0.140566275,-0.410365343,0.397581958,17.76511724,44.71674871,192.0891914,-0.177337298,0.599386276
2022,7,54,-0.013011558,0.089464813,0.028268805,-0.209405709,17.8390023,120.5138407,44.71674871,-3.800950958,0.238042539
2022,8,54,0.746421278,0.188380584,-0.59700793,0.55823201,17.4966069,108.0444536,120.5138407,1.399441827,0.756621377
2022,9,54,0.16225484,0.202497512,-0.045527451,-0.005841121,16.9278,89.43089104,108.0444536,-2.375522935,0.380185035
2023,6,54,0.058299538,0.250163049,-0.027836014,0.141392089,18.28777931,99.10539246,89.43089104,-2.187353496,0.398949135
2023,7,54,0.770672977,0.30524838,-0.618120134,0.478356461,18.91471034,139.5971031,99.10539246,1.690672444,0.785662652
2023,8,54,0.788031757,0.288837135,-0.646134198,0.634016907,16.2544,113.6571579,139.5971031,2.136326097,0.830102863
2023,9,54,0.72786057,0.21222879,-0.628510892,0.493067723,16.9983931,147.6351547,113.6571579,1.379402467,0.754623069
2024,6,54,0.054673932,0.090776257,-0.036523461,0.274830969,21.32155172,23.48684168,147.6351547,-2.428667069,0.374885546
2024,7,54,0.188195586,0.157512352,-0.082883574,0.690458207,18.6457931,74.27533388,23.48684168,-0.924718016,0.524858093
2024,8,54,-0.016997168,0.14513579,0.043638036,0.316344464,18.31387586,133.3631808,74.27533388,-2.487858214,0.368983054
2024,9,54,0.12667793,0.137323946,-0.032410137,0.059887558,18.02073793,156.8291118,133.3631808,-2.540867543,0.363697008
2025,6,54,-0.006881565,0.101641364,0.033826638,0.564770932,18.50111034,36.40270156,156.8291118,-2.010658765,0.416568986
2025,8,54,0.229095429,0.11821267,-0.181356445,0.20593495,15.76784368,249.5392885,36.40270156,-1.721471957,0.445406454
2025,9,54,0.198939517,0.063702278,-0.166375279,0.285769759,16.58647586,141.3207693,249.5392885,-1.727188221,0.444836433
2019,7,55,0.643347621,0.271710783,-0.499751449,0.700525576,23.70243036,274.3230066,65.31272479,1.456653097,0.762326437
2019,8,55,0.17295073,0.182021976,-0.10626246,-1.242088608,22.56293175,193.9988017,274.3230066,-4.945186286,0.123940345
2019,9,55,0.424405336,0.224257916,-0.33271113,0.53533316,23.36784819,152.6794586,193.9988017,0.123595616,0.629395055
2020,6,55,0.857424259,0.344396055,-0.814768016,0.554601448,27.21537604,74.3155057,152.6794586,2.559035684,0.872255111
2020,7,55,0.763552725,0.300695062,-0.658389747,0.706904215,25.49990947,165.4508452,74.3155057,2.165443304,0.833006406
2020,8,55,0.371828377,0.139848679,-0.32471031,0.255505884,22.62368384,358.0641117,165.4508452,-0.87465343,0.529850492
2020,9,55,0.62566036,0.158265457,-0.523876905,0.478888633,25.67412256,57.89478207,358.0641117,0.724092592,0.689276114
2021,6,55,0.770640314,0.284689754,-0.659951627,0.640280632,28.14857242,66.27619934,57.89478207,1.921288294,0.808659472
2021,7,55,0.729662776,0.293644309,-0.629489541,0.648837187,23.05446379,349.7567873,66.27619934,1.934373067,0.809964275
2021,8,55,0.63237083,0.276085347,-0.5160743,0.646798867,22.73059192,136.3015785,349.7567873,1.529833495,0.769623926
2021,9,55,0.215456128,0.197006345,-0.134558544,0.47055605,21.3821727,297.5397739,136.3015785,-1.015418562,0.51581351
2022,6,55,0.79099679,0.24206233,-0.692186296,0.657490311,28.84064067,84.37252963,297.5397739,2.082109666,0.824696446
2022,7,55,-0.027582983,0.155395091,0.060523938,0.163254012,23.64308728,351.1799841,84.37252963,-2.871105361,0.330765968
2022,8,55,0.867827654,0.289656222,-0.728869617,0.736648599,21.55321727,195.4939766,351.1799841,2.816036443,0.897883013
2022,9,55,0.626347303,0.305769235,-0.470492691,0.661038413,22.61900418,93.39731836,195.4939766,1.435778035,0.760244794
2023,6,55,0.770716846,0.311903566,-0.652357042,0.812203904,24.66975627,171.4719534,93.39731836,2.459487675,0.862328266
2023,7,55,0.855440795,0.313432872,-0.721815228,0.76496903,23.98919916,365.0559006,171.4719534,2.804983248,0.896780797
2023,8,55,0.151842684,0.090551443,-0.096209578,-0.568749087,21.60711699,201.3273005,365.0559006,-3.766895806,0.241438491
2023,9,55,0.817968309,0.315362871,-0.712392628,0.632216052,23.56860724,211.7133179,201.3273005,2.408689173,0.857262682
2024,6,55,0.76160419,0.266208559,-0.67038244,0.697792754,28.37861421,40.14270286,211.7133179,2.079230776,0.824409365
2024,7,55,0.749649525,0.253914684,-0.644112706,0.715219609,22.88441504,216.9607697,40.14270286,1.985699764,0.81508253
2024,8,55,0.030282751,0.050046891,-0.01133191,0.272262335,20.31071031,273.8505797,216.9607697,-2.576917101,0.360102176
2024,9,55,0.144993246,0.155153587,-0.132542416,0.634568794,22.50926184,181.9471078,273.8505797,-0.903130997,0.527010733
2025,6,55,0.773763895,0.303391874,-0.658974826,0.70673712,23.65137883,70.91913419,181.9471078,2.269220218,0.843354954
2025,8,55,0.611982882,0.213097155,-0.471354157,0.204929779,21.51289694,444.2350302,70.91913419,0.099539059,0.626996156
2025,9,55,0.467094481,0.124282591,-0.418066204,0.490637205,20.50347493,190.314394,444.2350302,0.186521262,0.635669949
2019,7,56,0.008894922,0.37309593,-0.008560698,0.056634272,17.44029289,273.8815155,97.10883224,-2.067365349,0.410914253
2019,8,56,-0.018675722,0.101177111,0.03826955,0.746713852,12.93770572,274.9222431,273.8815155,-1.45738374,0.471741111
2019,9,56,0.057526391,0.145193756,-0.031608764,0.359909931,15.99691771,212.7531853,274.9222431,-1.881524899,0.429446108
2020,6,56,0.042814519,0.641015291,-0.07752303,0.077398108,16.93912134,113.5503659,212.7531853,-0.845695485,0.532738154
2020,7,56,0.01356484,0.219619691,0.023012552,0.087985437,16.42212692,225.7300195,113.5503659,-2.560638775,0.361725438
2020,8,56,-0.021628711,0.180756852,0.035557508,0.251154022,12.80586471,352.5880995,225.7300195,-2.296410027,0.388074108
2020,9,56,0.631256044,0.099821396,-0.619520724,0.38571324,18.84190377,64.27939749,352.5880995,0.646408361,0.681529507
2021,6,56,0.064957269,0.430813402,-0.055932205,0.093404342,17.31380056,98.78510666,64.27939749,-1.613810927,0.456142322
2021,7,56,0.116263337,0.124996156,-0.102823362,0.092149515,15.67297768,422.0397224,98.78510666,-2.306282379,0.387089645
2021,8,56,0.339815289,0.178209811,-0.286777228,0.164752577,15.57908647,126.1147842,422.0397224,-0.903651121,0.526958866
2021,9,56,0.020189581,0.160314977,0.000769708,0.258068208,14.73479079,188.8539867,126.1147842,-2.294940172,0.388220681
2022,6,56,0.141928494,0.104967408,-0.152367562,0.348173717,18.66589958,94.44632983,188.8539867,-1.682806343,0.449262157
2022,7,56,-0.044722721,0.252859414,0.063486494,0.370919881,16.54367736,348.238205,94.44632983,-2.038559402,0.413786758
2022,8,56,0.682115436,0.077988341,-0.589468002,0.460920689,16.32064854,271.8812094,348.238205,0.849103002,0.701742048
2022,9,56,0.396648049,0.03526599,-0.407129467,0.327163812,16.68310321,104.2478566,271.8812094,-0.725706037,0.544703402
2023,6,56,-0.018150905,0.679101229,0.023503358,0.123854515,18.16297768,177.2196579,104.2478566,-1.058573068,0.511510179
2023,7,56,-0.008682653,0.256440639,-0.020234128,-0.007404539,16.82575081,449.350502,177.2196579,-2.514997109,0.366276786
2023,8,56,0.708443642,0.14968133,-0.607681513,0.505082365,13.3038424,305.7026892,449.350502,1.39323754,0.756002691
2023,9,56,0.693966746,0.076495647,-0.620189011,0.451711329,16.50854254,201.7766953,305.7026892,0.879479,0.704771117
2024,6,56,0.206592187,-0.045573074,-0.190808818,0.184953995,18.80975593,57.62239429,201.7766953,-2.313109501,0.386408851
2024,7,56,0.651688933,0.103525639,-0.569239497,0.5555375,15.49555788,297.5401306,57.62239429,0.862662085,0.703094148
2024,8,56,0.280338675,0.0322336,-0.248623848,0.287035253,16.64333101,264.0190643,297.5401306,-1.403918758,0.477072594
2024,9,56,0.320409864,0.13055481,-0.302279472,0.072933933,16.22457462,168.196628,264.0190643,-1.368420071,0.480612494
2025,6,56,-0.043404255,0.218857214,0.052989569,0.53968254,16.47276848,138.6471561,168.196628,-1.747320688,0.44282884
2025,8,56,0.680812299,0.070646763,-0.595650017,0.477852496,15.79558345,515.8711901,138.6471561,0.798122363,0.696658301
2025,9,56,0.38101989,0.087848417,-0.331722915,0.319526594,16.6288145,176.2359619,515.8711901,-0.612575326,0.555984702
2019,6,57,0.277524114,-0.069143064,-0.330866814,0.198107839,41.03786444,59.0470927,92.94149733,-2.22394595,0.395300166
2019,7,57,0.190702587,-0.074794315,-0.24461624,0.154166667,32.95020427,565.4310513,59.0470927,-2.551242584,0.362662418
2019,8,57,0.360051721,-0.073966481,-0.353017509,0.256393835,30.33298747,327.397809,565.4310513,-1.397100332,0.477752522
2019,9,57,0.333333343,0.025723044,-0.238028169,0.265486726,27.47777855,196.2835941,327.397809,-1.513834201,0.466111918
2020,6,57,0.372781068,-0.023157895,-0.416990548,0.125808635,36.09857242,82.45467074,196.2835941,-1.687777558,0.448766431
2020,7,57,0.348190755,0.002857143,-0.337772399,0.274814647,29.66613974,298.5597494,82.45467074,-1.461105315,0.471369998
2020,8,57,0.269937336,0.048573576,-0.227371633,0.966413449,29.21834958,661.1419621,298.5597494,-0.004877222,0.616583851
2020,9,57,0.322113127,-0.055883348,-0.367349476,0.206505846,30.60638579,73.17751645,661.1419621,-1.4896535,0.468523197
2021,6,57,0.36470589,-0.015723912,-0.382870108,0.254857997,36.30339136,60.72237968,73.17751645,-1.560830232,0.461425513
2021,7,57,0.332326293,0.008722621,-0.358746737,0.226391795,29.67703343,646.6624432,60.72237968,-1.477536644,0.46973148
2021,8,57,0.30480811,0.019297037,-0.279965371,0.296831476,28.5437883,236.8407764,646.6624432,-1.235265841,0.493890523
2021,9,57,0.460666448,-0.070573248,-0.438648045,0.253947314,27.6314624,370.6613197,236.8407764,-1.132092799,0.504178852
2022,6,57,0.342011064,-0.033146467,-0.391027004,0.232854024,36.67541086,96.4089818,370.6613197,-1.509424599,0.46655164
2022,7,57,0.308742166,0.16023545,-0.269863993,0.206137326,29.84220984,636.2315121,96.4089818,-1.260908442,0.491333464
2022,8,57,0.40826872,-0.098111659,-0.397138327,0.24889729,29.35683148,298.1222696,636.2315121,-1.234148791,0.494001914
2022,9,57,0.435276866,-0.068247929,-0.407220215,0.248805232,28.16152507,166.6004262,298.1222696,-1.27428726,0.489999339
2023,6,57,0.378768682,-0.002660585,-0.368538082,0.322142734,32.57475627,187.5520563,166.6004262,-1.242112279,0.493207802
2023,7,57,0.053573307,0.005929052,-0.03441149,0.259825807,29.27856082,708.6147995,187.5520563,-2.690557552,0.348770045
2023,8,57,0.387890875,-0.026121635,-0.413279146,0.280286515,28.05425255,303.9189415,708.6147995,-0.868706238,0.530443541
2023,9,57,0.459244519,-0.064729869,-0.468587428,0.240248347,28.54743036,261.0072384,303.9189415,-1.066540406,0.510715683
2024,6,57,0.297324598,-0.013891214,-0.349999994,0.218836007,37.79376741,48.48950075,261.0072384,-1.762413569,0.44132379
2024,7,57,0.153271273,0.027778924,-0.159099266,0.241310977,29.49538533,401.7122927,48.48950075,-2.297158729,0.387999448
2024,8,57,0.480822593,-0.039301869,-0.475909591,0.30526242,28.32561746,457.2974062,401.7122927,-0.671584967,0.55010031
2024,9,57,0.444963962,-0.021528771,-0.439528883,0.293913745,28.17821031,220.1342758,457.2974062,-0.812105361,0.536087733
2025,6,57,0.283877343,-0.03550408,-0.342886388,0.204758677,33.27324513,87.71918332,220.1342758,-1.87236964,0.430359062
2025,7,57,0.413866431,0.061811212,-0.372986376,0.421504072,28.94249304,647.2228537,87.71918332,-0.633800162,0.553868179
2025,8,57,0.456243515,-0.081588134,-0.428086847,0.25881014,27.78326834,699.5539541,647.2228537,-0.873206441,0.529994785
2025,9,57,0.35283497,-0.062817015,-0.371757925,0.198269647,27.04422006,244.5014572,699.5539541,-1.350811474,0.482368408
2019,7,58,0.387503505,0.231238022,-0.31294319,0.115446994,16.98650739,296.8018055,70.60968459,-0.872852585,0.530030071
2019,8,58,0.105514213,0.175815076,-0.184624821,0.121005035,17.55044321,254.4830065,296.8018055,-1.836741981,0.433911823
2019,9,58,0.424336702,0.191750094,-0.373737425,0.260309766,16.38189751,173.1248436,254.4830065,-0.363770213,0.580795341
2020,6,58,0.416694552,0.066398561,-0.500689983,0.090087188,19.60913435,85.18933284,173.1248436,-0.981226958,0.519223069
2020,7,58,0.746697068,0.286577195,-0.6568712,0.345270697,19.73408587,211.4261028,85.18933284,1.370255811,0.753710972
2020,8,58,0.222198874,0.258446008,-0.143314227,0.07880094,15.18056094,385.4356441,211.4261028,-1.495702542,0.467919992
2020,9,58,0.78220284,0.363809526,-0.712987006,0.269927847,17.73610803,54.63782068,385.4356441,1.852826524,0.801832522
2021,6,58,0.009430936,0.15878959,0.026060043,-0.026546435,19.61990997,76.10054207,54.63782068,-3.138358611,0.304115697
2021,7,58,0.677206457,0.273768544,-0.568612158,0.320967489,16.85095568,415.8611488,76.10054207,0.985316546,0.715325149
2021,8,58,0.068941511,0.01750741,-0.048050459,0.172157983,17.2267313,137.0865202,415.8611488,-2.599140012,0.357886126
2021,9,58,0.192788899,0.106444366,-0.143292576,0.211690092,15.13815789,269.9347477,137.0865202,-1.842272075,0.433360367
2022,6,58,0.704402506,0.212336048,-0.627857506,0.283654632,20.58729224,88.96029067,269.9347477,0.906768509,0.707492404
2022,7,58,-0.060745277,0.184803605,0.057859704,-0.168650794,16.69597415,330.7509861,88.96029067,-3.48370795,0.269677748
2022,8,58,0.701280236,0.205645159,-0.661111116,0.225299333,16.74380194,252.096529,330.7509861,0.946549425,0.711459324
2022,9,58,0.701492548,0.19235836,-0.619573772,0.180697577,15.29159972,119.1024966,252.096529,0.649013638,0.681789303
2023,6,58,0.28872022,0.100640804,-0.27080518,0.096523039,17.97982687,182.1769657,119.1024966,-1.669199145,0.450619055
2023,7,58,0.409396589,0.150479779,-0.383561969,0.24436077,17.95222992,446.8034019,182.1769657,-0.556023881,0.561623965
2023,8,58,0.69382751,0.231926829,-0.640530169,0.235640505,15.85625346,247.4401817,446.8034019,1.074575793,0.724226007
2023,9,58,0.778846145,0.244469032,-0.732441485,0.218160899,15.89113573,176.3179741,247.4401817,1.341345037,0.750828014
2024,6,58,0.672847629,0.247650743,-0.631188869,0.312932427,20.38521468,45.86231911,176.3179741,0.963676067,0.713167179
2024,7,58,0.018841026,0.039980106,0.002322173,0.199728439,18.0776108,239.8462191,45.86231911,-2.912777276,0.326610479
2024,8,58,0.672849894,0.269624561,-0.596566498,0.272627887,15.74661357,276.9147982,239.8462191,1.010101691,0.717796703
2024,9,58,0.706495583,0.274381071,-0.625764608,0.24267692,17.25061634,179.2768617,276.9147982,1.087072336,0.725472152
2025,6,58,0.187024832,0.179414868,-0.138551295,0.218317359,17.4884072,80.40246314,179.2768617,-1.649285984,0.452604779
2025,8,58,0.721677065,0.301416039,-0.580671608,0.185490897,13.62193213,504.3241539,80.40246314,0.965249384,0.713324068
2025,9,58,0.73368746,0.228578344,-0.66012305,0.185404287,15.85557479,203.604826,504.3241539,1.113046785,0.728062302
2019,7,59,0.036573809,0.07574302,-0.044521254,-0.046864282,14.26923343,101.8957491,44.36260952,-3.167734466,0.301186361
2019,8,59,-0.013374182,0.106222749,0.026678292,0.122526232,13.15125691,127.4023228,101.8957491,-2.91532313,0.326356609
2019,9,59,0.55752039,0.059231948,-0.537562907,0.317569817,15.04953039,142.8238621,127.4023228,-0.070331894,0.610056766
2020,6,59,0.186386466,0.103408471,-0.224981204,-0.325664173,14.32938766,42.15225769,142.8238621,-2.887829778,0.329098223
2020,7,59,0.331801772,0.092181399,-0.320104092,0.076547861,14.97049724,59.56777161,42.15225769,-1.565565617,0.460953304
2020,8,59,0.019554693,0.149181187,0.008060298,-0.00097774,15.53769107,160.4240522,59.56777161,-2.978305212,0.320076088
2020,9,59,0.500625491,0.038941953,-0.549419224,0.322908598,15.67198895,54.29051828,160.4240522,-0.226736238,0.594460255
2021,6,59,-0.043391522,0.029660448,-0.030351866,0.150964445,15.14683011,36.88430548,54.29051828,-3.110907234,0.306853125
2021,7,59,0.160564303,0.179274142,-0.113936745,0.002896188,11.07912293,149.8240614,36.88430548,-2.234350557,0.394262627
2021,8,59,0.099450663,0.141546175,-0.069207713,-0.262015875,12.24984807,67.30447006,149.8240614,-3.142802768,0.303672529
2021,9,59,0.058744252,0.08560437,-0.039357372,0.12455357,13.18076657,192.0891914,67.30447006,-2.67549057,0.350272512
2022,6,59,0.109515257,0.173189253,-0.090242907,0.220548785,15.88631906,44.71674871,192.0891914,-1.92700431,0.424910939
2022,7,59,0.424978167,0.059205402,-0.388123184,0.454596413,15.99246777,120.5138407,44.71674871,-0.478467354,0.569357837
2022,8,59,0.464182734,0.015848592,-0.433659077,0.412365041,15.79129144,108.0444536,120.5138407,-0.475535164,0.569650233
2022,9,59,0.004448398,0.144757152,0.032147449,0.298996631,14.16128453,89.43089104,108.0444536,-2.388963301,0.378844773
2023,7,59,0.150173277,0.105568521,-0.178245872,-0.02071568,15.60750691,139.5971031,99.10539246,-2.422466524,0.375503859
2023,8,59,0.252985805,0.033478592,-0.245871261,0.20326499,13.07855663,113.6571579,139.5971031,-1.733870179,0.444170113
2023,9,59,0.412859917,0.053266626,-0.418387294,0.349037265,14.30003453,147.6351547,113.6571579,-0.615785158,0.55566462
2024,6,59,0.170071393,0.009779523,-0.171997756,0.376399144,16.57339088,23.48684168,147.6351547,-1.843593108,0.433228634
2024,7,59,0.037288181,-0.010679591,-0.05119098,0.1102844,16.4883011,74.27533388,23.48684168,-3.138659615,0.304085681
2024,8,59,0.472239286,0.02277256,-0.471033782,0.43097001,15.82234807,133.3631808,74.27533388,-0.329751061,0.584187702
2024,9,59,0.048338432,0.172853768,-0.016353518,0.659342927,14.88000691,156.8291118,133.3631808,-1.271523893,0.4902749
2025,6,59,0.025923884,0.098307014,-0.00867679,0.073992443,17.08126381,36.40270156,156.8291118,-2.912644844,0.326623685
2025,8,59,0.51380229,0.026260188,-0.461108714,0.447998758,12.41166436,249.5392885,36.40270156,-0.171340258,0.599984296
2025,9,59,0.320637614,0.038108915,-0.265958279,0.377372728,14.63323895,141.3207693,249.5392885,-1.085829642,0.508792176
2019,7,60,0.64341259,0.19103229,-0.583972871,0.472886529,23.45587622,170.9207149,60.08039403,0.865320221,0.703359215
2019,8,60,0.505069494,0.256894797,-0.399441332,0.380902413,22.58086231,160.4827909,170.9207149,0.222683978,0.639276064
2019,9,60,0.619295061,0.137362421,-0.557615936,0.339120977,22.55408901,136.5009689,160.4827909,0.34428581,0.651402098
2020,6,60,0.660363078,0.206089452,-0.646034658,0.346465283,26.84027121,60.32648936,136.5009689,0.803944493,0.697238879
2020,7,60,0.660658479,0.202219903,-0.584887147,0.491647888,24.94036857,104.2197785,60.32648936,0.951812116,0.711984115
2020,8,60,0.545096576,0.228172392,-0.426212281,0.786027336,21.84103616,230.9233413,104.2197785,1.151179934,0.731864908
2020,9,60,0.627191424,0.12462908,-0.590766013,0.345895817,24.24827538,54.76634741,230.9233413,0.418778342,0.658830431
2021,6,60,0.617806196,0.177447855,-0.565445006,0.456233706,27.79723227,55.02593613,54.76634741,0.602930447,0.677193926
2021,7,60,0.637076497,0.196398586,-0.574283421,0.455565142,23.42916551,236.3621235,55.02593613,0.818547625,0.698695091
2021,8,60,0.395572156,0.187791958,-0.336165935,0.356792299,22.5812726,92.77685404,236.3621235,-0.421171831,0.575071299
2021,9,60,0.128629804,0.128257304,-0.101418242,0.5256148,21.881363,219.3739471,92.77685404,-1.439470605,0.473527394
2022,6,60,0.577949643,0.158694252,-0.553740084,0.417614679,28.03412378,64.9346832,219.3739471,0.442683146,0.661214198
2022,7,60,0.591509461,0.197303057,-0.506250024,0.297156398,22.69657163,202.9575243,64.9346832,0.221412659,0.63914929
2022,8,60,0.852090061,0.317845821,-0.700658619,0.655541178,23.22789291,137.332829,202.9575243,2.505301798,0.866896812
2022,9,60,0.633140147,0.177933171,-0.580336511,0.36843776,22.21104312,86.49116898,137.332829,0.607782123,0.677677731
2023,6,60,0.673612952,0.231934309,-0.593194544,0.538592329,24.2978025,140.2357826,86.49116898,1.233558112,0.740079591
2023,7,60,0.774682403,0.279606968,-0.653019845,0.57448996,22.68333797,232.5538559,140.2357826,1.905004421,0.807035658
2023,8,60,0.407785892,0.13322255,-0.352980465,0.510742481,21.73641168,144.7619076,232.5538559,-0.179028867,0.599217594
2023,9,60,0.779999971,0.241138875,-0.668749988,0.553409539,21.91452712,171.0091572,144.7619076,1.779472442,0.794517714
2024,6,60,0.587934852,0.143349618,-0.564766467,0.413348655,27.74878303,31.95298576,171.0091572,0.396844672,0.656643224
2024,7,60,0.69855994,0.218319207,-0.610069871,0.575010864,23.31311544,128.7035818,31.95298576,1.3386587,0.750560134
2024,8,60,0.533089757,0.201399937,-0.459605724,0.541398648,21.98045897,181.8371689,128.7035818,0.57998117,0.674905443
2024,9,60,0.643681943,0.132849649,-0.621079564,0.404220598,22.69747566,161.5924616,181.8371689,0.692301994,0.686105982
2025,6,60,0.661613703,0.195393175,-0.593808651,0.463779094,22.90368567,54.63326424,161.5924616,0.969786721,0.713776528
2025,8,60,0.794051468,0.260403872,-0.670079112,0.601886935,20.38435327,323.2072573,54.63326424,1.977393016,0.814254188
2025,9,60,0.610305011,0.119823642,-0.593351841,0.397907382,20.60848401,144.2561951,323.2072573,0.607777414,0.677677261
2018,6,61,0.346153855,0.099744245,-0.469726563,0.240529538,28.43322069,90.44100666,175.390049,-0.874053711,0.529910296
2019,6,61,0.52037251,0.182067081,-0.546019554,0.37115554,28.87256552,101.7199604,90.44100666,0.191068393,0.636123385
2019,7,61,0.669390082,0.273569643,-0.578485608,0.511103468,25.30955172,358.3732147,101.7199604,1.307909193,0.747493819
2019,8,61,0.701204836,0.368282318,-0.571569622,0.62874937,24.072,245.7752247,358.3732147,2.088547262,0.825338397
2019,9,61,0.677174807,0.285858542,-0.628321886,0.563537773,23.96591034,397.6097794,245.7752247,1.713679627,0.787956909
2020,6,61,0.507389188,0.182206407,-0.52880919,0.372207643,28.28868276,115.1841979,397.6097794,0.326492139,0.649627728
2020,7,61,0.684550226,0.279805362,-0.587301612,0.56801446,24.55291724,181.9264171,115.1841979,1.490644064,0.765715988
2020,8,61,0.372815192,0.31962803,-0.278066635,0.375681376,23.7935908,482.4559975,181.9264171,-0.099059216,0.607192101
2020,9,61,0.730287194,0.254524678,-0.675833523,0.55084028,25.80695862,165.2628231,482.4559975,1.8875717,0.805297282
2021,6,61,0.555056155,0.226219028,-0.560315669,0.366348724,26.82953103,112.584837,165.2628231,0.511345625,0.668061163
2021,7,61,0.516024172,0.181538463,-0.467778623,0.347708286,24.68715862,406.0557346,112.584837,0.070066729,0.624057199
2021,8,61,0.466216832,0.305926174,-0.403870165,0.417071518,23.83655862,199.9433403,406.0557346,0.530328633,0.669954133
2021,9,61,0.727296233,0.242576823,-0.641493559,0.511908042,22.66811724,752.243103,199.9433403,1.654291742,0.782034798
2022,6,61,0.47079736,0.142742589,-0.517024636,0.321621054,29.6930069,117.9025993,752.243103,0.180242523,0.635043838
2022,7,61,0.85241729,0.415208697,-0.720800877,1.024575417,25.19602759,404.9359655,117.9025993,3.666013359,0.982642003
2022,8,61,0.836601317,0.407437891,-0.709548652,0.827483298,23.55231724,217.4455585,404.9359655,3.307513506,0.946892696
2022,9,61,0.735695541,0.273750603,-0.678770781,0.549607026,23.63430345,275.3423548,217.4455585,1.851521572,0.801702393
2023,6,61,0.472192585,0.190832332,-0.460883647,0.366030581,25.92,205.3547277,275.3423548,0.075796028,0.62462852
2023,7,61,0.35336867,0.243655235,-0.300278157,0.544227479,24.93941609,463.7782593,205.3547277,0.025726105,0.619635589
2023,8,61,0.83501339,0.390091538,-0.708812237,0.740909091,23.22361379,233.1750832,463.7782593,3.097866897,0.925986911
2023,9,61,0.727183521,0.288650244,-0.672712803,0.623706821,23.72774483,325.5448895,233.1750832,2.050086057,0.821503078
2024,6,61,0.428447425,0.125917599,-0.491126448,0.294181351,30.10224138,61.56638652,325.5448895,-0.37212368,0.57996234
2024,7,61,0.525931656,0.256021619,-0.454206586,0.5157291,24.62255172,308.4401617,61.56638652,0.627165211,0.679610596
2024,8,61,0.705740392,0.415689319,-0.583975255,0.303809075,23.33034943,406.1453558,308.4401617,1.580267465,0.774653159
2024,9,61,0.764861286,0.315824032,-0.677816212,0.64950294,24.20951034,333.4266403,406.1453558,2.394852804,0.855882931
2025,6,61,0.493001163,0.207774162,-0.489652932,0.392727857,25.07089655,85.96749662,333.4266403,0.32750235,0.649728465
2025,7,61,0.705179274,0.355953693,-0.594535887,0.806661368,22.80162069,429.7202816,85.96749662,2.384851654,0.854885624
2025,8,61,0.521486878,0.149448708,-0.46638608,0.342955933,23.11593793,484.3210621,429.7202816,0.194419254,0.63645753
2025,9,61,0.647371411,0.22071442,-0.596787572,0.557442115,22.25205517,353.680397,484.3210621,1.505399914,0.767187429
2019,7,62,0.356617004,0.279584616,-0.309767365,0.353169178,12.90500923,233.8996954,63.03042978,-0.229019538,0.594232566
2019,8,62,0.767815709,0.345385343,-0.638470471,0.701104432,14.65886427,220.5883622,233.8996954,2.510441168,0.867409306
2019,9,62,0.434643865,0.279099911,-0.38155061,0.500261103,17.54605263,167.9346952,220.5883622,0.459656832,0.6629068
2020,6,62,0.420147628,0.199786738,-0.473109841,0.300784281,17.40360111,83.18292189,167.9346952,-0.106614955,0.606438649
2020,7,62,0.03434094,0.159134358,0.001389716,0.25723968,18.23434211,181.3477097,83.18292189,-2.343626987,0.383365672
2020,8,62,0.038299736,0.273405045,0.030339405,-0.439961757,16.70519391,339.6150141,181.3477097,-3.446102049,0.273427777
2020,9,62,0.859265506,0.302335382,-0.776693463,0.551576447,18.92155125,51.52940541,339.6150141,2.542495277,0.870605715
2021,6,62,-0.004570455,0.076953985,0.013435701,0.197971994,16.33819945,73.51630402,51.52940541,-2.87839828,0.330038724
2021,7,62,0.455974489,0.237144276,-0.394599646,0.54415748,14.12650277,344.9679031,73.51630402,0.480289296,0.664964252
2021,8,62,0.448574036,0.347743124,-0.357942879,-0.479850433,13.61844645,112.0518141,344.9679031,-1.379520672,0.479505551
2021,9,62,0.246175662,0.305834234,-0.175708219,0.534923466,13.98799861,241.5175867,112.0518141,-0.280327125,0.589116216
2022,6,62,-0.01239067,0.162506297,0.048964217,0.444346148,17.51759695,84.23557568,241.5175867,-2.046176417,0.413027195
2022,7,62,0.202330276,0.197767854,-0.09175992,-1.663596168,13.53999077,282.6625328,84.23557568,-5.77877612,0.040815461
2022,8,62,0.825529158,0.315157115,-0.681701779,0.737141548,12.44630194,217.4581304,282.6625328,2.774537067,0.893744729
2022,9,62,0.648441017,0.235353872,-0.576490939,0.51492066,16.16200831,104.8750353,217.4581304,1.275444897,0.744256507
2023,6,62,0.362053573,0.217005461,-0.274930269,0.23428163,16.59889889,156.9410782,104.8750353,-0.805475443,0.536748863
2023,7,62,0.500233054,0.164793864,-0.432741582,0.401698581,17.74803324,393.3979082,156.9410782,0.128281554,0.629862333
2023,8,62,0.507591605,0.179714695,-0.445260972,0.527660712,14.11669206,215.7575541,393.3979082,0.658756633,0.682760866
2023,9,62,0.835059941,0.31308502,-0.728413641,0.579493979,15.64809557,174.4357815,215.7575541,2.461226913,0.862501702
2024,6,62,0.690057695,0.214122966,-0.604860783,0.631433412,17.79727147,45.49408281,174.4357815,1.559736461,0.772605825
2024,7,62,0.724095047,0.328275949,-0.574460506,0.563307557,15.6099446,209.6911068,45.49408281,1.771844232,0.793757035
2024,8,62,0.874084353,0.366734058,-0.736562073,0.810924987,16.65630194,237.4323646,209.6911068,3.249784802,0.941136038
2024,9,62,0.804052711,0.283434898,-0.730723441,0.612719413,16.97947368,180.8737168,237.4323646,2.371689163,0.853573072
2025,6,62,0.030157683,0.179448768,0.028112451,0.416034396,18.09780471,85.14701641,180.8737168,-1.955113628,0.422107901
2025,8,62,0.829198837,0.292900264,-0.720734477,0.732767915,16.5133241,450.8850913,85.14701641,2.663214767,0.882643762
2025,9,62,0.787072957,0.236182198,-0.725687087,0.579524406,16.5875277,195.3110542,450.8850913,2.233270115,0.83977004
2019,7,63,0.255782604,-0.00054741,-0.29471001,0.18587021,28.79705146,205.1682005,61.21497613,-1.992120438,0.418417613
2019,8,63,0.346491218,0.001427115,-0.330773443,0.243805533,28.97422809,187.4685392,205.1682005,-1.491265045,0.468362495
2019,9,63,0.263667703,-0.029624309,-0.323987395,0.170506644,28.79155772,152.3295217,187.4685392,-1.968082418,0.420814664
2020,6,63,0.280829579,-0.022321181,-0.374730945,0.131291676,31.37863004,65.81579626,152.3295217,-1.944356192,0.423180623
2020,7,63,0.204703361,-0.048543688,-0.252942711,0.148946099,30.61191933,130.464749,65.81579626,-2.478045085,0.369961611
2020,8,63,0.292924047,0.102534235,-0.25023967,0.358763943,27.87304822,291.6527786,130.464749,-1.220439023,0.495369041
2020,9,63,0.351930112,0.008830951,-0.384085029,0.228981044,28.73384562,58.60306763,291.6527786,-1.329957687,0.484447931
2021,6,63,0.167302459,-0.045667186,-0.239071444,0.110850334,31.33347705,58.45385742,58.60306763,-2.694425251,0.348384361
2021,7,63,0.140697166,-0.056378275,-0.225531682,0.093490965,28.72366481,289.0468769,58.45385742,-2.779672002,0.339883626
2021,8,63,0.217801154,-0.051053792,-0.266100764,0.146372776,28.87073713,111.5035601,289.0468769,-2.275101192,0.390199007
2021,9,63,0.196279898,-0.069030695,-0.257019401,0.124559772,28.05411683,235.6624146,111.5035601,-2.527101319,0.365069765
2022,6,63,0.156703562,-0.03608036,-0.253018528,0.105471874,31.72369263,72.06064653,235.6624146,-2.556158523,0.362172204
2022,7,63,0.268054485,-0.013988809,-0.298079461,0.191713845,27.12004868,252.5419002,72.06064653,-1.952093449,0.422409071
2022,8,63,0.325089306,-0.00103584,-0.340561569,0.222385142,27.21681502,170.2065029,252.5419002,-1.521841324,0.465313454
2022,9,63,0.32662192,0.010221465,-0.366313308,0.212425433,26.75522949,94.50806308,170.2065029,-1.502626779,0.467229513
2023,6,63,0.32828775,0.029892201,-0.343541622,0.234837564,27.83869263,149.3980274,94.50806308,-1.487913585,0.4686967
2023,7,63,0.401488721,0.067234673,-0.395050377,0.281566695,26.42971488,289.5725174,149.3980274,-0.899684787,0.527354386
2023,8,63,0.323190778,0.015601587,-0.358273,0.231449855,27.20760083,186.2697372,289.5725174,-1.382282504,0.479230143
2023,9,63,0.272818953,-0.007276303,-0.359181464,0.17797809,27.61086926,182.3496704,186.2697372,-1.753955087,0.442167263
2024,6,63,0.27140978,0.00167315,-0.342883348,0.181377464,30.82778164,33.88408041,182.3496704,-1.830686489,0.434515671
2024,7,63,0.273521662,-0.013324883,-0.314538449,0.191569155,28.50647427,152.922997,33.88408041,-1.96041861,0.421578892
2024,8,63,0.277255118,-0.025337838,-0.344205022,0.176172727,27.79954798,225.665128,152.922997,-1.858428712,0.43174924
2024,9,63,0.237595767,-0.073393703,-0.320694655,0.142399794,27.72308762,173.9136621,225.665128,-2.198739577,0.397813724
2025,6,63,0.281365991,0.033094641,-0.328714401,0.203420761,27.27494437,60.04353201,173.9136621,-1.644747742,0.453057329
2025,8,63,0.341229558,-0.005229032,-0.354214132,0.224098974,24.97009736,376.8657188,60.04353201,-1.515345671,0.465961195
2025,9,63,0.389464229,0.025847405,-0.406609654,0.245512424,24.10271905,158.5971889,376.8657188,-0.970682645,0.520274539
2018,6,64,0.598160923,0.098088771,-0.619380414,0.436943745,35.02986111,76.19833469,126.6862946,0.33913214,0.650888178
2019,6,64,0.737196505,0.204732567,-0.682888687,0.537569799,33.23746296,70.38413623,76.19833469,1.358562239,0.752544899
2019,7,64,0.722417116,0.186674818,-0.64480561,0.507830806,28.66497222,330.8671722,70.38413623,1.21632818,0.738361437
2019,8,64,0.773177743,0.258367181,-0.649630427,0.581493027,27.74946528,257.0950336,330.8671722,1.898495294,0.806386573
2019,9,64,0.781839609,0.274879426,-0.678888917,0.523091215,25.0576875,286.5475559,257.0950336,1.906641128,0.807198869
2020,6,64,0.746990561,0.200242445,-0.697417498,0.504727567,31.82593056,86.29664418,286.5475559,1.479075152,0.764562346
2020,7,64,0.644404888,0.195985213,-0.581832409,0.464822507,27.8770463,178.61465,86.29664418,0.823476699,0.699186614
2020,8,64,0.491155595,0.190171033,-0.404981285,0.580734488,27.49957639,509.9464893,178.61465,0.435760583,0.660523886
2020,9,64,0.822990179,0.287258178,-0.732806325,0.489410306,27.65738889,123.6666512,509.9464893,2.183439295,0.834800952
2021,6,64,0.783361256,0.195522904,-0.716550827,0.444789287,30.05608333,86.51093483,123.6666512,1.376462576,0.754329905
2021,7,64,0.706384242,0.176512331,-0.659659684,0.521515671,26.7123125,400.7661905,86.51093483,1.261369892,0.742852959
2021,8,64,0.706021547,0.224598929,-0.589027703,0.492039614,26.3755,201.0045357,400.7661905,1.349269191,0.751618204
2021,9,64,0.81245625,0.270230502,-0.694821358,0.545303892,24.97702083,642.5933304,201.0045357,2.081218528,0.824607582
2022,6,64,0.64985162,0.121983618,-0.627118647,0.379444085,32.36871528,95.29745173,642.5933304,0.781916793,0.695042295
2022,8,64,0.861780405,0.290168077,-0.729749441,0.636379476,26.99795139,221.3437414,95.29745173,2.362996292,0.852706226
2022,9,64,0.859258473,0.303740531,-0.747127891,0.594880767,25.71601389,211.5330859,221.3437414,2.445235306,0.860907032
2023,6,64,0.744586825,0.183453232,-0.677836537,0.458728893,30.01939583,170.9204521,211.5330859,1.26305779,0.743021275
2023,7,64,0.774029851,0.219007716,-0.691098273,0.574587826,27.32129167,440.9317932,170.9204521,1.794321418,0.795998441
2023,8,64,0.816560507,0.246996537,-0.702529907,0.535641878,25.52613889,238.2263489,440.9317932,2.07203121,0.82369143
2023,9,64,0.86252141,0.272853702,-0.747757494,0.511674485,25.48484722,307.9532738,238.2263489,2.200338271,0.836486104
2024,6,64,0.771173537,0.198304981,-0.727626562,0.586000719,30.74904861,47.46423694,307.9532738,1.794819718,0.796048131
2024,7,64,0.808768094,0.219984993,-0.718274355,0.547210457,27.14375926,306.1362896,47.46423694,1.775581313,0.794129693
2024,8,64,0.596151769,0.206694543,-0.531011462,0.481347823,26.64375926,416.9568465,306.1362896,0.870352949,0.703861075
2024,9,64,0.856179714,0.249799624,-0.742670119,0.57295037,26.00988194,274.3940105,416.9568465,2.330839408,0.849499568
2025,6,64,0.733105421,0.166755497,-0.716236293,0.46733922,28.40354167,73.09981329,274.3940105,1.332317677,0.749927813
2025,7,64,0.803619087,0.209060833,-0.688082397,0.567341916,25.07999074,429.0976481,73.09981329,1.767274483,0.793301343
2025,8,64,0.844067812,0.252378494,-0.717636466,0.635088359,23.67527083,532.8654633,429.0976481,2.479002246,0.864274243
2025,9,64,0.798914433,0.25495854,-0.726218104,0.547239171,24.41456944,292.5546799,532.8654633,2.223855601,0.838831232
2019,6,65,0.736667812,0.172794014,-0.688690484,0.433797446,42.87258275,41.29983091,78.28431034,0.910675913,0.707882047
2019,7,65,0.60340631,0.169217125,-0.525021672,0.43727409,32.45702331,593.2294807,41.29983091,0.446896466,0.661634347
2019,9,65,0.794990718,0.347727656,-0.694766819,0.648530024,29.98754312,289.0277748,276.0267181,2.442031736,0.860587575
2020,6,65,0.677804291,0.202737376,-0.720930219,0.315290179,38.31302797,74.75743849,289.0277748,0.893085525,0.706127948
2020,7,65,0.793225825,0.31976372,-0.671304345,0.62851837,32.66834965,284.3593439,74.75743849,2.085313964,0.825015975
2020,8,65,0.813955724,0.449337006,-0.677626669,0.468202085,30.73086014,680.062006,284.3593439,2.457785026,0.86215848
2020,9,65,0.845792174,0.375854224,-0.754244864,0.670281583,32.98655245,97.47869471,680.062006,3.01107387,0.917331982
2021,6,65,0.838365376,0.139059529,-0.778583884,0.489992724,36.75451049,43.55668163,97.47869471,1.445276051,0.761191928
2021,7,65,0.870429039,0.080346107,-0.808966875,0.451505017,31.33547319,673.792469,43.55668163,1.466418683,0.763300253
2021,8,65,0.561590254,0.255449593,-0.469337702,0.601597197,31.14527972,252.9165382,673.792469,1.216555085,0.738384064
2021,9,65,0.888367712,0.372206718,-0.78255266,0.708313023,28.98240559,603.2898712,252.9165382,3.126775006,0.928869603
2022,6,65,0.724421918,0.115802422,-0.720606804,0.403383214,38.89247552,88.84981823,603.2898712,1.089663838,0.725730574
2022,8,65,0.855776668,0.305965573,-0.744394183,0.674139582,31.69968531,313.9292412,88.84981823,2.475652501,0.863940209
2022,9,65,0.720095515,0.290066928,-0.622279823,0.612602039,30.20762238,204.6799631,313.9292412,1.84051176,0.800604504
2023,6,65,0.888753057,0.222542167,-0.823008835,0.549529461,34.90272028,160.1356535,204.6799631,2.182510515,0.834708335
2023,7,65,0.757366359,0.245750502,-0.659247875,0.657085452,30.74264802,629.8503685,160.1356535,1.941304839,0.810655505
2023,8,65,0.822496414,0.316629469,-0.73834312,0.627948931,29.71869231,263.4036217,629.8503685,2.675028607,0.883821828
2023,9,65,0.885795355,0.330432564,-0.800550282,0.604564497,30.67155245,415.8709316,263.4036217,2.744191006,0.890718645
2024,6,65,0.859784305,0.106885247,-0.831464767,0.413149711,38.78588811,40.8177126,415.8709316,1.513118498,0.76795712
2024,7,65,0.634384036,0.279896766,-0.529208839,0.450864608,31.61739394,476.0360279,40.8177126,0.909750308,0.707789747
2024,8,65,0.87045455,0.2715334,-0.768466294,0.572603252,28.63112821,455.9575463,476.0360279,2.534578433,0.869816254
2024,9,65,0.793922782,0.241631389,-0.691367686,0.576449824,30.4461049,289.3058197,455.9575463,2.026055628,0.819106784
2025,6,65,0.726443827,0.166664213,-0.672690988,0.427933477,33.43074825,79.46534088,289.3058197,1.075122343,0.724280508
2025,7,65,0.795121968,0.2792584,-0.67635572,0.657510565,29.48671329,672.5001001,79.46534088,2.150426915,0.831508985
2025,8,65,0.763113916,0.302794784,-0.645117879,0.496619828,29.76709091,649.7290668,672.5001001,2.092861621,0.825768622
2025,9,65,0.816055298,0.299600542,-0.734890819,0.577306405,27.67224009,336.5702972,649.7290668,2.537283546,0.870086006
2019,6,66,0.114742987,-0.139271989,-0.276720971,0.075022939,40.06586239,41.68443183,68.03160167,-3.217603139,0.296213498
2019,7,66,0.095382288,-0.130800426,-0.242395431,0.066006601,30.51620642,631.7552605,41.68443183,-3.11161239,0.306782807
2019,8,66,0.242085695,0.105122678,-0.210103542,0.047902252,29.91656904,309.0340481,631.7552605,-1.811421289,0.436436781
2019,9,66,0.615921795,0.242703825,-0.574685276,0.326872475,27.11007671,202.6325665,309.0340481,0.749813323,0.691840964
2020,6,66,0.072416596,-0.140808344,-0.249289095,0.046907529,35.62551604,69.7434891,202.6325665,-3.296273973,0.288368508
2020,7,66,0.566645861,0.109775268,-0.516067564,0.491934881,29.19800558,328.9171312,69.7434891,0.274210811,0.644414277
2020,8,66,0.745956004,0.233823866,-0.623026967,0.537625289,29.45591353,650.229929,328.9171312,1.653519289,0.78195777
2020,9,66,0.419103324,-0.080906145,-0.4899638,0.236080472,30.05261506,75.35583796,650.229929,-1.006205708,0.516732208
2021,6,66,0.234206289,-0.108968027,-0.352282792,0.155946438,35.98432357,44.15729618,75.35583796,-2.44344275,0.373412128
2021,7,66,0.544004142,0.104972377,-0.461504996,0.350557177,30.23868433,747.825119,44.15729618,-0.177144521,0.5994055
2021,8,66,0.063666828,0.083241925,-0.021609195,0.320678216,27.73993724,226.0055676,747.825119,-2.034556422,0.414185932
2021,9,66,0.601008534,0.063875243,-0.547365189,0.369702609,26.58577406,449.4559784,226.0055676,0.155243852,0.632550991
2022,6,66,0.459723353,0.031775702,-0.5,0.331845413,36.17106695,84.55551231,449.4559784,-0.508158855,0.566397026
2022,8,66,0.426316559,0.010885871,-0.40625748,0.346048148,28.38487448,319.143364,84.55551231,-0.924009306,0.524928765
2022,9,66,0.491476417,0.143141687,-0.415725321,0.352187615,27.74675732,176.1910696,319.143364,-0.179864144,0.599134301
2023,6,66,0.410361528,0.080371164,-0.461568177,0.352975122,31.62923291,150.6550524,176.1910696,-0.598287609,0.557409462
2023,7,66,-0.031725887,0.153984427,0.062196307,0.394877268,28.77688982,817.2675629,150.6550524,-2.309229348,0.386795776
2023,8,66,0.523292601,0.174418598,-0.436247349,0.467588102,27.01743375,274.694747,817.2675629,0.635648428,0.680456535
2023,9,66,0.283912629,0.107322082,-0.251084358,-0.08973054,27.71361925,274.735672,274.694747,-2.121042784,0.405561584
2024,6,66,0.354275733,0.006676558,-0.392011821,0.294117647,37.75526499,40.54147309,274.735672,-1.297374624,0.487697087
2024,7,66,0.552041829,0.246737689,-0.438079625,0.4666532,28.6446676,485.7118902,40.54147309,0.478432586,0.664779103
2024,8,66,0.628930807,0.09590973,-0.552447557,0.427319991,27.4846583,485.7862444,485.7118902,0.619511258,0.67884735
2024,9,66,0.538393199,0.119397685,-0.468418121,0.499768818,27.29112971,220.5571317,485.7862444,0.411226934,0.658077411
2025,6,66,0.15736267,0.012909169,-0.18927002,0.174919019,32.91396792,79.06304032,220.5571317,-2.412419905,0.3765057
2025,7,66,0.210420847,0.219586074,-0.12686567,0.108124807,28.16811715,726.4047899,79.06304032,-1.803077323,0.437268835
2025,8,66,0.320001215,0.110993825,-0.261746824,0.259137103,27.98112041,649.1138325,726.4047899,-0.884045964,0.528913876
2025,9,66,0.337614685,0.037457839,-0.320681274,0.293014706,26.68361925,223.2535172,649.1138325,-0.993270355,0.518022111
2019,6,67,0.675610602,0.012959374,-0.638038456,0.406263194,40.07091286,43.35769429,65.00723076,0.092290345,0.62627332
2019,7,67,0.434689522,0.001869159,-0.380020589,0.382982737,32.51444444,562.514267,43.35769429,-0.94575764,0.522760039
2019,8,67,0.507653356,0.27307263,-0.405465424,0.668562303,29.4177432,320.2945533,562.514267,1.119960919,0.728751774
2019,9,67,0.762499988,0.22918959,-0.659230232,0.578427499,29.29649378,206.5454407,320.2945533,1.757939696,0.792370486
2020,6,67,0.654075563,0.044380404,-0.696329236,0.317164179,37.24979945,65.78657662,206.5454407,0.220014448,0.639009861
2020,7,67,0.558401227,0.111464739,-0.475711435,0.484660496,30.83762102,294.9426967,65.78657662,0.120579097,0.629094251
2020,8,67,0.725744605,0.209593952,-0.643445551,0.559900155,29.92774089,689.3420162,294.9426967,1.606845346,0.777303483
2020,9,67,0.840046704,0.275510192,-0.735205054,0.62198918,30.94718534,89.16102274,689.3420162,2.542702248,0.870626354
2021,6,67,0.710642815,0.045918338,-0.654121339,0.417806942,35.6582296,48.71186256,89.16102274,0.41335198,0.658289319
2021,7,67,0.659773171,0.007693825,-0.660598159,0.34518865,31.57802905,693.7583199,48.71186256,0.18512445,0.63553066
2021,8,67,0.594182491,0.241746977,-0.480610013,0.579114264,28.96638313,238.1407547,693.7583199,1.255880083,0.74230552
2021,9,67,0.835269272,0.26342994,-0.709788501,0.614544145,27.54865145,489.9319077,238.1407547,2.256546232,0.842091115
2022,6,67,0.674065411,0.052489907,-0.654514849,0.402610831,36.89798755,84.51266265,489.9319077,0.564644967,0.673376129
2022,8,67,0.87253058,0.273876846,-0.680442154,0.729490353,29.60070539,304.8876314,84.51266265,2.397670909,0.85616395
2022,9,67,0.74696207,0.265793145,-0.645069957,0.630957904,28.35892116,163.3543102,304.8876314,1.921814027,0.808711898
2023,6,67,0.724358976,0.072425246,-0.686079919,0.470212914,33.18863071,146.083622,163.3543102,0.819171574,0.698757311
2023,7,67,0.771501899,0.218363747,-0.639603972,0.548818301,27.86410788,716.0604362,146.083622,1.640523628,0.780661854
2023,8,67,0.873957753,0.330568731,-0.753902018,0.71011045,28.06164592,285.8733768,716.0604362,3.130211459,0.929212283
2023,9,67,0.869030714,0.330872536,-0.761082351,0.6758114,28.68242739,250.2582741,285.8733768,2.778761754,0.894166012
2024,6,67,0.646653235,-0.02106525,-0.647126436,0.397745344,38.16179115,39.23188128,250.2582741,0.057412111,0.622795291
2024,7,67,0.815913379,0.261648566,-0.685409188,0.713134552,30.59847856,477.4196873,39.23188128,2.203029216,0.836754442
2024,8,67,0.895368755,0.312351555,-0.77938807,0.680063837,26.81103043,516.1233462,477.4196873,3.022914271,0.918512697
2024,9,67,0.854403138,0.276240945,-0.734546721,0.691769125,28.59605809,231.3113072,516.1233462,2.67824448,0.884142513
2025,6,67,0.554840267,-0.009864028,-0.532778025,0.326186299,33.06100277,81.00659484,231.3113072,-0.472520847,0.569950818
2025,7,67,0.767365098,0.287964404,-0.613252997,0.895904766,27.31120793,695.4930167,81.00659484,2.527550155,0.8691154
2025,8,67,0.875925601,0.310090989,-0.74708575,0.753646386,27.8420793,680.7834377,695.4930167,3.214497975,0.937617265
2025,9,67,0.80036968,0.266991884,-0.726185203,0.652959943,27.25520055,247.4966812,680.7834377,2.547414065,0.871096213
2019,6,68,0.353596151,-0.032804694,-0.416430593,0.224142536,41.77845757,55.26470515,98.47267246,-1.684252531,0.449117944
2019,7,68,0.416876584,-0.020612117,-0.407569587,0.271233662,33.85729958,501.7682304,55.26470515,-1.261819924,0.491242572
2019,8,68,0.741721869,0.249658003,-0.593964338,0.632684102,30.11592827,266.9753952,501.7682304,1.860892848,0.802636889
2019,9,68,0.600000024,0.192131147,-0.478048772,0.656106601,27.58485232,285.6438904,266.9753952,1.027347438,0.719516435
2020,6,68,0.507796586,0.005424955,-0.530232549,0.141932271,36.42471167,78.66286595,285.6438904,-0.944526919,0.522882766
2020,7,68,0.049731664,0.060312103,-0.032371569,0.350902859,30.6395007,236.8394845,78.66286595,-2.500904011,0.367682138
2020,8,68,0.517740846,0.1666051,-0.418204993,0.520069386,28.99460619,673.5766735,236.8394845,0.362880946,0.653256389
2020,9,68,0.710741818,0.232346445,-0.599790812,0.523315696,29.90454993,98.22813171,673.5766735,1.585041544,0.775129226
2021,6,68,0.36323154,-0.054071948,-0.451841831,0.209402963,35.66345288,58.62112331,98.22813171,-1.605447726,0.456976293
2021,7,68,0.453587115,0.042638101,-0.433853269,0.242847422,31.31131739,584.7642651,58.62112331,-0.920981381,0.525230707
2021,8,68,0.638499796,0.231572077,-0.516520262,0.585893768,28.11008908,239.8814125,584.7642651,1.361414095,0.752829283
2021,9,68,0.815463901,0.26078397,-0.670646548,0.6113197,27.70835443,559.6916904,239.8814125,2.117896625,0.828265091
2022,6,68,0.445136577,-0.000971479,-0.506388545,0.249734585,37.72177918,90.39945292,559.6916904,-0.764235041,0.540861322
2022,7,68,0.814475,0.201484978,-0.639042377,0.613600584,30.01421941,563.4220371,90.39945292,1.726995744,0.789284781
2022,8,68,0.849865973,0.246510103,-0.684794664,0.665594735,29.28688467,306.3790846,563.4220371,2.429753229,0.859363172
2022,9,68,0.575651288,0.27822268,-0.466542304,0.559775353,27.88489451,182.4012075,306.3790846,1.022088548,0.718992022
2023,6,68,0.473684222,0.032076288,-0.5114187,0.294925451,33.28730661,181.7520685,182.4012075,-0.642058382,0.553044676
2023,7,68,0.451361865,0.139315814,-0.255892247,0.566254381,27.84053915,552.0025101,181.7520685,-0.19877569,0.597248457
2023,8,68,0.803951383,0.263743907,-0.637209296,0.613428163,27.52415612,292.2439623,552.0025101,2.172043355,0.833664558
2023,9,68,0.798903108,0.317774385,-0.669919372,0.627698152,28.27957103,391.1541367,292.2439623,2.2980077,0.846225618
2024,6,68,0.362394273,-0.071428575,-0.454545468,0.194412771,40.03467651,45.73303041,391.1541367,-1.566489878,0.460861138
2024,7,68,0.629132271,0.171501979,-0.489587605,0.481418103,29.84127989,392.9637451,45.73303041,0.51965574,0.668889841
2024,8,68,0.799759924,0.248723313,-0.64920032,0.593660069,28.1176887,418.9755047,392.9637451,2.016281061,0.818132072
2024,9,68,0.607299626,0.234239891,-0.529292285,0.449331131,28.56949367,275.7771048,418.9755047,0.929895719,0.70979863
2025,6,68,0.382656157,-0.025224455,-0.457098275,0.259495678,33.79019691,84.26177204,275.7771048,-1.204972533,0.496911346
2025,7,68,0.649564385,0.157215625,-0.528936744,0.551265199,28.6388045,556.0422022,84.26177204,0.834988607,0.700334572
2025,8,68,0.815939307,0.281767964,-0.649289072,0.616300761,27.82415846,676.0745926,556.0422022,2.368164652,0.85322161
2025,9,68,0.525777876,0.193138003,-0.509985387,0.404557521,27.10004923,285.6581497,676.0745926,0.652146471,0.682101707
2018,6,69,0.5467695,0.135776237,-0.54751569,0.393122097,24.64093361,91.38104248,163.18153,0.242703056,0.64127235
2019,6,69,0.558288336,0.138712987,-0.563062668,0.409905882,28.48846934,88.68908188,91.38104248,0.257610001,0.642758858
2019,7,69,0.306345463,0.172318473,-0.313563734,0.484527644,22.37060858,350.7526541,88.68908188,-0.477199931,0.569484224
2019,8,69,0.750867546,0.301041842,-0.619459808,0.688837325,22.57351314,273.7044029,350.7526541,2.23785127,0.840226869
2019,9,69,0.7330724,0.253465682,-0.648548007,0.597446779,21.68476487,373.711647,273.7044029,1.891240228,0.805663104
2020,6,69,0.569282293,0.179059371,-0.563328385,0.361937374,27.96193407,106.1313705,373.711647,0.497117643,0.666642361
2020,7,69,0.286698461,0.135668471,-0.243533924,0.545084795,23.56504841,189.2069309,106.1313705,-0.710626771,0.546207094
2020,8,69,0.738857567,0.31610027,-0.592289209,0.289576141,21.05100277,514.2687311,189.2069309,1.284690989,0.745178519
2020,9,69,0.75353837,0.231921777,-0.67762053,0.565397103,24.01360996,156.7339725,514.2687311,1.939830568,0.810508492
2021,6,69,0.618042409,0.190419614,-0.57322371,0.431733206,25.88885201,107.5632935,156.7339725,0.709143077,0.687785361
2021,7,69,0.350496829,0.160498247,-0.275597274,0.500128899,22.61943753,411.8076096,107.5632935,-0.455192448,0.571678792
2021,8,69,0.125843212,0.182548791,-0.141135111,0.287820288,21.90067773,206.2233696,411.8076096,-1.498194609,0.467671485
2021,9,69,0.672628701,0.201656997,-0.592774212,0.466366028,20.55628631,758.6453667,206.2233696,1.215238855,0.73825281
2022,6,69,0.485809684,0.117567569,-0.541570425,0.335079978,27.99735131,104.2737072,758.6453667,0.239341066,0.640937095
2022,8,69,0.728230417,0.244699016,-0.628238678,0.602051314,22.02015214,243.9794111,104.2737072,1.677896426,0.784388638
2022,9,69,0.714695811,0.204744101,-0.654430151,0.478229386,21.91073997,247.1673379,243.9794111,1.393821147,0.756060888
2023,6,69,0.607066393,0.173711821,-0.550122261,0.425902245,26.33905947,196.702301,247.1673379,0.630594338,0.679952546
2023,7,69,0.687478423,0.212484583,-0.617497802,0.472486978,23.3770816,468.5772858,196.702301,1.256496306,0.742366969
2023,8,69,0.759581864,0.276139408,-0.649198771,0.594171948,21.26372752,269.6223669,468.5772858,2.124908102,0.82896427
2023,9,69,0.734559894,0.191159055,-0.664850056,0.519440189,22.22613416,398.8550816,269.6223669,1.54938158,0.771573244
2024,6,69,0.459293753,0.064560212,-0.537520409,0.298458181,29.85394191,53.09312063,398.8550816,-0.34306528,0.58286002
2024,7,69,0.721263885,0.21700047,-0.635681331,0.56335506,21.63904795,299.3469143,53.09312063,1.486754593,0.765328133
2024,8,69,0.46014297,0.239171058,-0.358614087,0.539256861,20.85959659,403.5806653,299.3469143,0.468083341,0.663747085
2024,9,69,0.770253479,0.20795922,-0.690368414,0.549337651,23.02979253,326.2437475,403.5806653,1.868214257,0.803366973
2025,6,69,0.548056424,0.135256603,-0.571884513,0.385424406,24.15778008,78.00512193,326.2437475,0.389590933,0.655919887
2025,7,69,0.37882933,0.160061002,-0.323407561,1.179276311,21.71475565,432.5558634,78.00512193,1.210581586,0.737788391
2025,8,69,0.093293369,0.099368937,-0.072399855,0.45388261,20.7374343,574.7331238,432.5558634,-1.542189108,0.46328439
2025,9,69,0.672829151,0.137523815,-0.653061211,0.429388631,20.51986169,347.8424225,574.7331238,1.211839455,0.737913825
2019,7,70,0.357044637,0.110649422,-0.319936991,0.417408179,24.57387967,80.51607132,56.45287442,-0.806583048,0.536638414
2019,8,70,0.67026329,0.18511714,-0.525423706,0.619021046,23.52448824,59.46369934,80.51607132,1.077010985,0.724468842
2019,9,70,0.567024887,0.066518575,-0.518846393,0.370425667,24.98776625,85.73269463,59.46369934,-0.131906015,0.603916646
2020,6,70,0.548010707,0.046907797,-0.595798135,0.305914392,29.86430152,46.85833585,85.73269463,-0.251233232,0.592017435
2020,7,70,0.424141735,-0.001552795,-0.432390273,0.337152448,30.56069848,44.50187743,46.85833585,-1.033425428,0.514017881
2020,8,70,0.220512822,0.079292841,-0.221082091,0.358197652,27.77565698,92.83142686,44.50187743,-1.617568844,0.455767586
2020,9,70,0.640722096,0.101748809,-0.562130153,0.405537032,26.80535961,36.97444344,92.83142686,0.313772336,0.64835932
2021,6,70,0.555976331,0.077933297,-0.503494799,0.395854398,28.52076072,46.42182827,36.97444344,-0.164494313,0.600666968
2021,7,70,0.508577168,0.054941535,-0.492388308,0.393778841,26.97062241,112.6911159,46.42182827,-0.33649706,0.583514997
2021,8,70,0.52007544,0.114584073,-0.487438947,0.380564399,25.04114799,34.69327164,112.6911159,-0.103542925,0.606744989
2021,9,70,0.422954172,-0.007726254,-0.419921637,0.253419657,24.68936376,143.8641739,34.69327164,-1.184478625,0.498954982
2022,6,70,0.421405077,0.018495521,-0.455694377,0.313214311,28.17598893,47.5319792,143.8641739,-0.879096503,0.529407432
2022,8,70,0.716876566,0.184773162,-0.605275571,0.537386707,22.76830567,54.05427098,47.5319792,1.174292951,0.734169719
2022,9,70,0.607503593,0.075933076,-0.57225436,0.364735788,24.50510373,57.3587079,54.05427098,0.098392466,0.626881818
2023,6,70,0.556272864,0.094596639,-0.507923245,0.44512457,24.64766943,103.8985996,57.3587079,0.083445272,0.625391297
2023,7,70,0.646655798,0.139224827,-0.554283082,0.493566138,24.12766713,124.0509195,103.8985996,0.684661558,0.685344084
2023,8,70,0.665167928,0.101662293,-0.586206913,0.463304104,22.15275934,55.25387454,124.0509195,0.63240792,0.680133395
2023,9,70,0.426094562,0.098769724,-0.368414789,0.373936071,23.4151314,90.8074379,55.25387454,-0.661098848,0.551145977
2024,6,70,0.409448981,-0.024005469,-0.455271542,0.287816212,28.12816044,26.83426523,90.8074379,-1.140217577,0.503368656
2024,7,70,0.336898386,-0.057157483,-0.408639669,0.274496549,26.95643154,57.82829618,26.83426523,-1.567155834,0.460794729
2024,8,70,0.54826057,0.044631105,-0.48344177,0.450067314,21.81966805,70.13624251,57.82829618,-0.118342353,0.605269203
2024,9,70,0.50396198,-0.066887259,-0.506210029,0.267699024,25.46090595,97.1903612,70.13624251,-0.966598089,0.520681847
2025,6,70,0.430932522,0.020583924,-0.444572866,0.373631092,24.99385892,38.66610891,97.1903612,-0.73557339,0.543719438
2025,7,70,0.415587008,0.040281236,-0.406058192,0.375722543,23.1050899,98.91088402,38.66610891,-0.790640244,0.538228217
2025,8,70,0.653755069,0.083643265,-0.557667792,0.473214782,20.11434993,122.7603264,98.91088402,0.525224918,0.669445195
2025,9,70,0.587843716,0.05764411,-0.550903916,0.398079185,21.89339557,81.24890089,122.7603264,0.098034538,0.626846126
2019,7,71,0.339429677,0.297053248,-0.266222835,0.210632223,7.895593103,242.0960388,173.7706586,-0.491434478,0.568064767
2019,8,71,-0.02,0.291327029,0.03550088,0.285185185,10.99401149,175.8149457,242.0960388,-1.851661858,0.432424025
2019,9,71,0.383648694,0.188229337,-0.335770041,0.456584169,15.87197931,172.5218973,175.8149457,-0.164444036,0.600671981
2020,6,71,0.1047519,0.106583074,-0.098407723,0.196439533,11.39136552,182.7543361,172.5218973,-2.121267374,0.405539188
2020,7,71,0.205576494,0.189634979,-0.192892283,0.283116436,12.4791931,119.8529961,182.7543361,-1.230670909,0.494348725
2020,8,71,0.36392796,0.182839409,-0.315251023,0.618915744,12.69502759,313.907197,119.8529961,0.116736361,0.628711056
2020,9,71,0.474889219,0.15384616,-0.453287184,0.387151158,18.8363931,80.88883305,313.907197,0.075312828,0.624580336
2021,6,71,0.128151268,0.214245334,-0.194660738,0.123050027,13.33336552,194.813282,80.88883305,-1.724772205,0.445077356
2021,7,71,-0.026266417,0.127571464,0.049015116,0.137439552,10.85148276,271.5167322,194.813282,-2.776739899,0.340176013
2021,8,71,-0.040204864,0.163721114,0.044121396,-0.396939264,13.12288966,120.4919147,271.5167322,-3.862467455,0.231908166
2021,9,71,-0.002318967,0.142769545,0.022168839,0.0206769,12.2366,343.5529823,120.4919147,-2.917036065,0.326185797
2022,6,71,0.107465133,0.172261968,-0.096669376,0.352529602,14.72421379,175.2431314,343.5529823,-1.493700584,0.468119625
2022,7,71,0.026080187,0.219946772,0.001893222,0.237926136,14.44335172,276.9244299,175.2431314,-2.078670234,0.409786939
2022,8,71,0.256025642,0.155362487,-0.204068109,0.110198076,9.920544828,165.4169984,276.9244299,-1.489430863,0.468545398
2022,9,71,0.027468449,0.061655,-0.022156574,0.1306036,16.07128966,120.1619341,165.4169984,-2.840123646,0.333855439
2023,6,71,-0.032515686,0.192767739,0.050923336,0.402646368,12.48525517,334.6525106,120.1619341,-2.048250488,0.412820371
2023,7,71,0.579341948,0.11169745,-0.518622339,0.491449972,13.73628736,312.5723953,334.6525106,0.669508555,0.683833039
2023,8,71,0.396350026,0.194261938,-0.341774166,0.439936744,12.32406207,177.4036055,312.5723953,-0.008307641,0.616241773
2023,9,71,0.467385441,0.157805189,-0.314340889,0.540791496,12.65851724,185.1066952,177.4036055,0.094994133,0.626542939
2024,6,71,0.437527597,0.009278659,-0.429323971,0.360888565,15.12857241,95.01096201,185.1066952,-0.632990763,0.553948892
2024,7,71,0.011967715,0.136090368,0.00219539,0.288203753,13.7041931,183.46313,95.01096201,-2.338060477,0.38392076
2024,8,71,0.463389665,0.127416179,-0.405113071,0.397243438,13.70695172,245.1544689,183.46313,-0.11371629,0.60573051
2024,9,71,0.312300771,0.045348261,-0.294893116,0.500840096,17.26265517,175.5703372,245.1544689,-0.768504114,0.540435613
2025,6,71,-0.028846154,0.180885658,0.044465467,0.658291999,14.2964069,130.8219004,175.5703372,-1.530406757,0.464459316
2025,7,71,0.368733555,0.144154519,-0.283294827,0.725319394,13.46835862,287.1425788,130.8219004,0.148818267,0.631910237
2025,8,71,0.367387682,0.078170724,-0.308520406,0.40911284,13.59855632,360.8044538,287.1425788,-0.59997179,0.557241516
2025,9,71,0.10038314,0.024874715,-0.06964618,0.143326039,17.13492414,184.8742599,360.8044538,-2.542268507,0.363557305
2019,7,72,0.264319927,0.111438617,-0.264099777,0.154103672,16.83601479,388.9310284,123.0970482,-1.517402016,0.465756138
2019,8,72,0.564961374,0.195144162,-0.47690171,0.53828999,14.44119279,326.9189873,388.9310284,0.948477076,0.711651548
2019,9,72,0.150261015,0.212166622,-0.109431535,0.113683988,18.21696255,218.8281069,326.9189873,-1.808989459,0.436679281
2020,6,72,0.106658421,0.40438503,-0.141702294,0.098776379,17.7022908,133.9371424,218.8281069,-1.29787296,0.487647393
2020,7,72,0.037806399,0.118549198,-0.022513304,0.228443834,19.4277485,316.4610273,133.9371424,-2.434603907,0.37429353
2020,8,72,0.292658746,0.177925587,-0.24565886,0.327711238,11.82846278,469.4405861,316.4610273,-0.696076599,0.547658025
2020,9,72,0.489111245,0.106091522,-0.460960954,0.418864881,17.00501387,60.21586144,469.4405861,0.151079227,0.632135698
2021,6,72,0.443478256,0.034529224,-0.485368788,0.328116849,19.02963245,123.6098404,60.21586144,-0.596740268,0.557563761
2021,7,72,0.140563712,0.09715841,-0.106690235,0.248383962,16.41440592,553.0948715,123.6098404,-1.960747022,0.421546143
2021,8,72,0.29851231,0.185070112,-0.250705093,0.31887522,13.86304438,166.225769,553.0948715,-0.605346597,0.556705545
2021,9,72,0.211121634,0.089708626,-0.175580233,0.327678165,14.13110264,231.2373428,166.225769,-1.503220814,0.467170276
2022,6,72,0.038218312,0.109637,-0.018257694,0.217140661,17.80601942,112.0032544,231.2373428,-2.457949811,0.371965495
2022,7,72,-0.043554697,0.208798528,0.065888315,0.273847684,14.25551086,460.2860489,112.0032544,-2.34022095,0.383705319
2022,8,72,0.581856549,0.186955839,-0.496905565,0.542699725,15.2849792,349.8272753,460.2860489,1.053451761,0.722119536
2022,9,72,0.044906899,0.123111904,-0.005798629,0.196454241,16.27760749,121.5274715,349.8272753,-2.378465326,0.379891622
2023,6,72,0.169953093,0.372303694,-0.169206992,0.413540764,19.3018724,225.647644,121.5274715,-0.571428806,0.560087799
2023,7,72,0.315395236,0.123903126,-0.26247552,0.371620754,19.83269071,622.5688896,225.647644,-0.816872728,0.535612335
2023,8,72,0.479498148,0.156029403,-0.424585462,0.403060814,13.75312067,392.3923378,622.5688896,0.378109411,0.654774959
2023,9,72,0.541025639,0.10479892,-0.493834645,0.446888161,16.92212205,210.2260361,392.3923378,0.382020778,0.655164997
2024,6,72,0.138580635,0.2454326,-0.110943235,0.14529998,19.28730236,73.25642805,210.2260361,-1.765589681,0.441007071
2024,7,72,0.127632871,0.125682905,-0.098223969,0.146558054,17.26997226,415.0135813,73.25642805,-2.207727559,0.39691745
2024,8,72,-0.012797075,0.144067794,0.030520646,0.194714882,14.48407767,348.118288,415.0135813,-2.415686728,0.376179935
2024,9,72,0.018393077,0.210515335,0.0131102,-0.175691812,17.22614424,180.2182834,348.118288,-3.010479004,0.316867744
2025,6,72,0.276807994,-0.028462999,-0.270471454,0.05641964,17.15772538,188.1534794,180.2182834,-2.164627295,0.401215372
2025,8,72,0.556742311,0.120615087,-0.498072803,0.474258852,14.77843042,703.2039223,188.1534794,0.53680357,0.670599809
2025,9,72,0.41849336,0.102194563,-0.381410718,0.328622085,16.45073509,170.9428024,703.2039223,-0.227650605,0.594369075
2019,6,73,0.127382681,-0.11555732,-0.278235316,0.086169507,45.20571959,41.94742723,85.91034603,-3.136372694,0.304313731
2019,7,73,0.123116881,-0.118679412,-0.231947482,0.099774233,33.95810585,429.5133018,41.94742723,-3.044578555,0.313467366
2019,8,73,0.524882615,0.202635676,-0.382142186,0.306814007,31.34443593,194.3797626,429.5133018,-0.061115917,0.610975775
2019,9,73,0.527607381,0.341353387,-0.396522701,0.506695255,28.4048468,257.9729557,194.3797626,0.783969177,0.695246957
2020,6,73,0.296321064,-0.144654095,-0.445230871,0.084605861,39.27009053,65.81112283,257.9729557,-2.2874521,0.388967385
2020,7,73,0.122584946,-0.105657853,-0.240517035,0.082510306,32.61696379,199.0796381,65.81112283,-3.034195841,0.314502721
2020,8,73,0.280052006,0.22269842,-0.229452968,0.275144173,30.52956825,568.0498161,199.0796381,-1.017075848,0.515648247
2020,9,73,0.680842102,0.211503893,-0.577092528,0.360296027,30.26504178,84.14448541,568.0498161,0.964756057,0.713274874
2021,6,73,0.123194121,-0.134391248,-0.262017429,0.079923255,38.32662256,40.51334381,84.14448541,-3.175277767,0.300434149
2021,7,73,0.046979867,-0.096470587,-0.227138638,0.0284365,32.28306407,538.8014956,40.51334381,-3.262808622,0.291705645
2021,8,73,0.54799515,0.252269357,-0.435088694,0.397900216,29.73635097,207.4140892,538.8014956,0.571294396,0.674039205
2021,9,73,0.852876902,0.248334914,-0.699430227,0.511924429,27.65745822,504.5275803,207.4140892,1.976477968,0.814162941
2022,6,73,0.192014098,-0.101880625,-0.304513067,0.113596746,39.71109331,72.08389294,504.5275803,-2.491486828,0.368621212
2022,8,73,0.672033668,0.23595807,-0.578620911,0.386019509,30.16883705,268.2377558,72.08389294,0.815786588,0.698419763
2022,9,73,0.676047027,0.259822786,-0.545686483,0.537178318,28.39279944,139.1607115,268.2377558,1.277929926,0.744504312
2023,6,73,0.141463414,-0.154497519,-0.290872604,0.10006134,35.84704735,151.9545002,139.1607115,-3.002255417,0.317687794
2023,7,73,0.125860989,0.140501112,-0.172099084,0.261819468,32.32860724,429.0803986,151.9545002,-1.871022353,0.430493413
2023,8,73,0.742145181,0.279575586,-0.655456424,0.409069193,28.8404039,191.0365305,429.0803986,1.570155521,0.773644805
2023,9,73,0.718154728,0.28973946,-0.613467097,0.463586438,28.27433844,321.1870041,191.0365305,1.457050208,0.762366037
2024,6,73,0.098204859,-0.130302101,-0.259926319,0.060752374,40.63388579,43.75316051,321.1870041,-3.143686603,0.303584394
2024,7,73,0.12858279,0.209199235,-0.150219709,0.082533765,32.67792015,358.4544029,43.75316051,-2.168718528,0.400807398
2024,8,73,0.81763649,0.324011356,-0.656642973,0.524775729,25.69440111,374.7125565,358.4544029,2.172023131,0.833662541
2024,9,73,0.7832551,0.33822304,-0.664146841,0.626265993,28.88066852,215.2989226,374.7125565,2.324173944,0.848834894
2025,6,73,0.085842781,-0.119862854,-0.251858354,0.058703312,37.79441968,76.9896118,215.2989226,-3.183156123,0.299648526
2025,7,73,0.307432443,0.202330098,-0.221783742,0.161914506,29.32116992,490.3319237,76.9896118,-1.369241903,0.480530541
2025,8,73,0.775635779,0.341469795,-0.652564645,0.616564404,27.41477252,539.7685165,490.3319237,2.424727023,0.858861963
2025,9,73,0.758698583,0.311099887,-0.634264112,0.63879861,27.81187326,260.0326538,539.7685165,2.262577724,0.84269257
2019,6,74,0.644467235,0.137561336,-0.539748967,0.457126429,27.64918063,63.7010554,70.06597853,0.482374424,0.665172179
2019,7,74,0.313716173,0.12474604,-0.206625983,0.387164069,25.0928352,269.3275957,63.7010554,-1.152999638,0.50209404
2019,8,74,0.635207832,0.117383175,-0.521383047,0.471534023,24.57567737,205.6411896,269.3275957,0.574433112,0.674352195
2019,9,74,0.608402908,0.123587176,-0.534823954,0.441902536,23.35627095,197.2580938,205.6411896,0.477267008,0.664662872
2020,6,74,0.623369277,0.073994257,-0.589313805,0.377286585,28.93106844,67.89183241,197.2580938,0.230238549,0.6400294
2020,7,74,0.612423658,0.100772411,-0.511780441,0.418206306,27.71932961,159.1144992,67.89183241,0.154986234,0.632525302
2020,8,74,0.627667665,0.081253394,-0.535663307,0.419167598,25.49606145,400.429697,159.1144992,0.314588852,0.648440742
2020,9,74,0.647761643,0.123811491,-0.568522274,0.445887207,24.6209567,76.84796429,400.429697,0.733792112,0.690243342
2021,6,74,0.51939714,0.046443269,-0.510124803,0.327341167,28.60310754,66.65352058,76.84796429,-0.456290468,0.571569298
2021,7,74,0.474626869,0.038716149,-0.432639062,0.285675811,24.23776536,347.3437099,66.65352058,-0.75015623,0.542265249
2021,8,74,0.639247954,0.183457047,-0.508108079,0.494752318,24.44578911,145.6359768,347.3437099,0.861398745,0.702968169
2021,9,74,0.630935431,0.158331826,-0.557053685,0.511485263,22.58976955,401.1131439,145.6359768,0.860587796,0.702887302
2022,6,74,0.563426077,0.021901499,-0.546488404,0.346767422,28.88511872,78.99937546,401.1131439,-0.11228213,0.605873523
2022,7,74,0.492619932,0.079386257,-0.387650073,0.474413646,24.53388268,353.4340839,78.99937546,-0.261191839,0.591024371
2022,8,74,0.736486495,0.106936418,-0.590510547,0.517220926,24.32569832,199.8408432,353.4340839,1.078567477,0.724624054
2022,9,74,0.684128225,0.125,-0.575329125,0.540530716,23.02411313,111.7138814,199.8408432,0.943263286,0.711131633
2023,6,74,0.681550145,0.097909793,-0.582452416,0.443767435,26.04026536,154.3754795,111.7138814,0.566814908,0.673592514
2023,7,74,0.695726514,0.093313739,-0.596128702,0.436599582,24.93963687,390.3068771,154.3754795,0.686290098,0.685506481
2023,8,74,0.703599811,0.114618562,-0.598245621,0.468837284,23.30951117,217.2065401,390.3068771,0.983593457,0.715153324
2023,9,74,0.701149404,0.149700597,-0.608545005,0.485860355,23.13534218,243.0321503,217.2065401,1.056331264,0.722406678
2024,6,74,0.618737042,0.044764649,-0.585486531,0.371122995,28.23067039,37.05789948,243.0321503,0.131387239,0.63017203
2024,7,74,0.626973152,0.110424921,-0.565524876,0.450883939,25.95299581,219.7826452,37.05789948,0.432927699,0.660241393
2024,8,74,0.77579397,0.148076206,-0.638804913,0.507657409,22.53497439,282.206324,219.7826452,1.349848976,0.751676019
2024,9,74,0.758213758,0.178183615,-0.629083097,0.562751583,23.35502793,209.2660612,282.206324,1.52432482,0.769074605
2025,6,74,0.637849212,0.075086504,-0.583184719,0.410905517,25.83967179,60.9092356,209.2660612,0.369858558,0.653952191
2025,7,74,0.650989473,0.110074304,-0.556201577,0.489525356,22.39358007,336.348429,60.9092356,0.629835515,0.679876877
2025,8,74,0.720786512,0.102988839,-0.573839664,0.492870428,23.16098929,451.9560232,336.348429,0.992331564,0.716024681
2025,9,74,0.640449464,0.087150238,-0.580404699,0.432228916,21.91432961,201.8544707,451.9560232,0.684816403,0.685359525
2019,6,75,0.490347743,0.011085046,-0.496722966,0.404830357,35.40732962,56.35682843,75.83540154,-0.586547585,0.558580167
2019,7,75,0.493615478,0.033490386,-0.473411143,0.535930736,27.96183588,483.5603905,56.35682843,-0.104885751,0.606611084
2019,8,75,0.721640587,0.338802665,-0.585950613,1.007865276,26.1250765,309.3297873,483.5603905,2.968531749,0.913089717
2019,9,75,0.792897224,0.289091289,-0.680109739,0.858158482,24.90875522,177.2367249,309.3297873,2.731424874,0.889445617
2020,6,75,0.526036143,-0.008991009,-0.544639647,0.232379896,30.31819889,74.19541777,177.2367249,-0.711384893,0.546131495
2020,7,75,0.601432085,0.097498693,-0.547946811,0.573627524,27.62194715,273.7957331,74.19541777,0.575917731,0.67450024
2020,8,75,0.791745126,0.292803884,-0.638585329,0.87804862,25.86126565,621.7994108,273.7957331,2.74113822,0.890414224
2020,9,75,0.799464822,0.322753578,-0.685291469,0.789557213,27.71795549,76.322204,621.7994108,2.85856975,0.902124398
2021,6,75,0.584985077,0.075934678,-0.540573597,0.481872656,29.77022253,62.94023895,76.322204,0.181210481,0.635140362
2021,7,75,0.59294349,0.147883445,-0.573236883,0.608785377,27.04648818,593.1270885,62.94023895,0.926260099,0.709436089
2021,8,75,0.610309303,0.275721759,-0.489747256,0.742414284,25.35068846,221.1191254,593.1270885,1.764616503,0.793036292
2021,9,75,0.809508741,0.314364374,-0.66463238,0.86961686,24.88736439,411.399147,221.1191254,2.832194303,0.899494261
2022,6,75,0.451083392,-0.004952724,-0.492474616,0.397178702,33.63947149,89.78211153,411.399147,-0.514129443,0.565801644
2022,8,75,0.60564059,0.263226628,-0.478723675,0.766565175,25.73811544,292.5153999,89.78211153,1.435317348,0.760198854
2022,9,75,0.713536084,0.289551675,-0.620535851,0.849288492,25.66185675,145.8929524,292.5153999,2.373639883,0.853767596
2023,6,75,0.563249886,0.069203332,-0.538461566,0.526859504,27.97004868,172.4042649,145.8929524,0.293349765,0.646322798
2023,7,75,0.695241272,0.198943004,-0.597500026,0.81088682,25.94918637,635.0195618,172.4042649,1.911719586,0.807705289
2023,8,75,0.846961558,0.313060105,-0.686481297,0.906700489,24.73931154,292.7737675,635.0195618,3.279104954,0.944059819
2023,9,75,0.811667264,0.312694877,-0.689143956,0.819645822,26.10219054,246.8414326,292.7737675,2.775979568,0.893888574
2024,6,75,0.555096447,0.011725293,-0.549228132,0.466219343,34.25739917,44.90383494,246.8414326,-0.065320786,0.610556469
2024,7,75,0.421287358,0.095479526,-0.356512487,0.583722012,25.80481919,382.6627817,44.90383494,-0.227181686,0.594415835
2024,8,75,0.869279265,0.360820711,-0.735792637,0.970569725,25.52087622,459.090397,382.6627817,3.60990641,0.977047064
2024,9,75,0.788101554,0.316381186,-0.685116053,0.899267684,25.74485396,207.4266834,459.090397,3.003166073,0.916543423
2025,6,75,0.535928309,0.020770039,-0.532159746,0.457282528,28.68875522,83.2719535,207.4266834,-0.083921157,0.608701656
2025,7,75,0.759049773,0.240773991,-0.607235134,0.941622228,25.64771442,585.2932281,83.2719535,2.43909096,0.860294323
2025,8,75,0.828040898,0.297590792,-0.687643409,0.88455884,26.05116829,621.8172245,585.2932281,3.15835239,0.932018474
2025,9,75,0.778973937,0.252469689,-0.700868428,0.735213714,24.26748957,235.0140743,621.8172245,2.57199758,0.87354766
2019,7,76,0.40703705,0.266222745,-0.343414605,0.292054993,17.21196296,209.8164539,68.8708064,-0.274074023,0.58973977
2019,8,76,0.734379888,0.333333343,-0.623273611,0.536221917,17.78756944,197.2935886,209.8164539,1.939566003,0.81048211
2019,9,76,0.746009231,0.374713391,-0.623398423,0.497834983,17.1165625,147.1222467,197.2935886,2.009122024,0.817418179
2020,6,76,0.884715736,0.3064017,-0.850364566,0.404021636,19.72218287,83.97797561,147.1222467,2.337126412,0.850126503
2020,7,76,0.76697588,0.29539296,-0.635302186,0.481306491,20.66779861,156.1535421,83.97797561,1.668769336,0.783478492
2020,8,76,0.372113258,0.328716367,-0.339198887,0.235189234,16.61216667,280.7744617,156.1535421,-0.200977981,0.597028847
2020,9,76,0.781177282,0.421726286,-0.682567239,0.446071624,17.6438125,45.64920235,280.7744617,2.293500619,0.845776175
2021,6,76,0.784905672,0.341068417,-0.690148056,0.517965137,21.88860417,76.15031433,45.64920235,2.015236296,0.818027889
2021,7,76,0.409280211,0.293547928,-0.337929308,-1.50648341,16.5935,307.3403721,76.15031433,-4.119653742,0.206261763
2021,8,76,0.716412842,0.410457939,-0.542303741,0.374631383,16.98199306,93.53428173,307.3403721,1.660337073,0.782637634
2021,9,76,0.814998746,0.408346713,-0.662404358,0.598267776,16.48970139,206.8080082,93.53428173,2.539711333,0.870328103
2022,6,76,0.778076649,0.304407388,-0.687311172,0.491028547,21.16122222,81.05832803,206.8080082,1.922870659,0.808817264
2022,7,76,0.681847334,0.410435706,-0.496575356,0.307438686,17.25755093,243.5148058,81.05832803,1.214156485,0.738144877
2022,8,76,0.861367226,0.385890156,-0.740707695,0.574427481,17.82473611,195.28791,243.5148058,2.773018483,0.893593297
2022,9,76,0.795379519,0.421478957,-0.6455549,0.517945412,16.8895,92.89249039,195.28791,2.359830308,0.852390517
2023,6,76,0.806499779,0.348991632,-0.655180275,0.611813008,18.26232639,160.3222332,92.89249039,2.304313341,0.846854411
2023,7,76,0.866814077,0.391510516,-0.738066196,0.628489786,18.475625,334.3288517,160.3222332,2.883968999,0.90465719
2023,8,76,0.835643589,0.412951469,-0.711927652,0.683659895,16.43711806,196.2781968,334.3288517,3.053908808,0.921603447
2023,9,76,0.810691535,0.420273125,-0.734554827,0.61965812,16.181875,150.0242405,196.2781968,2.844516065,0.900722977
2024,6,76,0.447256923,0.351411074,-0.342361361,0.316490332,22.00660417,45.60487163,150.0242405,0.106212481,0.627661624
2024,7,76,0.797499657,0.353790671,-0.667036831,0.723016932,18.06197917,187.6145048,45.60487163,2.552080582,0.871561554
2024,8,76,0.7792449,0.392315149,-0.667440057,0.713206692,17.39740972,193.5068049,187.6145048,2.718145209,0.88812138
2024,9,76,0.819517016,0.422261,-0.725908756,0.380302469,17.09170833,163.6310144,193.5068049,2.312389005,0.847659709
2025,6,76,0.715025902,0.319636494,-0.582974672,0.524316109,18.45140972,80.68449691,163.6310144,1.669935163,0.783594747
2025,8,76,0.797028482,0.335829288,-0.642347515,0.633836664,14.68478472,392.6796112,80.68449691,2.341561131,0.85056873
2025,9,76,0.775182486,0.354110897,-0.661219656,0.608014072,16.78544444,155.0313759,392.6796112,2.463646717,0.862743003
2019,7,77,0.657549322,0.101106912,-0.596780539,0.357408389,32.44578212,668.0626545,83.69492156,0.37318788,0.654284188
2019,8,77,0.832771838,0.236296296,-0.716088355,0.580844865,29.03967179,452.5647974,668.0626545,2.343412114,0.850753308
2019,9,77,0.371212125,0.197124019,-0.277003378,0.527059601,26.37303771,324.1469965,452.5647974,-0.074916081,0.609599634
2020,6,77,0.414875299,0.095529824,-0.38094604,0.282955412,33.65157821,112.6211712,324.1469965,-0.82357796,0.534943695
2020,7,77,0.742092431,0.256385267,-0.612612605,0.538835719,29.88523743,463.9038081,112.6211712,1.520927894,0.768735867
2020,8,77,0.819666386,0.263299257,-0.691933334,0.620769942,27.66188082,784.5280418,463.9038081,2.391621341,0.855560692
2020,9,77,0.790413201,0.245690644,-0.685652018,0.501257862,29.19174581,91.97283315,784.5280418,2.03430563,0.819929467
2021,6,77,0.787207484,0.218982756,-0.711383343,0.503040866,33.0309986,99.54996109,91.97283315,1.524455369,0.769087623
2021,7,77,0.692734718,0.24045369,-0.611010194,0.492962472,28.86480214,823.847908,99.54996109,1.331939852,0.749890136
2021,8,77,0.515278041,0.273105919,-0.385797858,0.530036675,27.44193436,287.2584019,823.847908,0.966372285,0.713436043
2021,9,77,0.878995299,0.229041621,-0.750343204,0.508133225,27.60528864,375.8374596,287.2584019,2.10599391,0.827078162
2022,6,77,0.673286378,0.121755645,-0.602244377,0.402006549,36.86761173,100.6831628,375.8374596,0.601125962,0.677013984
2022,7,77,0.854681194,0.248163894,-0.708013773,0.566123878,29.7766946,673.9348335,100.6831628,2.059974495,0.822489145
2022,8,77,0.901911914,0.255533189,-0.78285712,0.623730502,28.40428771,492.5953598,673.9348335,2.829917159,0.899267186
2022,9,77,0.823782682,0.22628063,-0.695719123,0.529644774,27.07954609,199.9252741,492.5953598,1.994502917,0.815960373
2023,6,77,0.702166915,0.186017603,-0.598908782,0.502621268,32.06182263,192.7636824,199.9252741,1.060668083,0.722839142
2023,7,77,0.780711114,0.264233112,-0.659998834,0.607470645,28.43614525,840.3314819,192.7636824,2.037396744,0.82023771
2023,8,77,0.825064719,0.248831436,-0.720193446,0.532193624,26.94159218,623.4869118,840.3314819,2.438800285,0.860265337
2023,9,77,0.841152549,0.237031519,-0.735980511,0.503767267,27.27587291,310.9962807,623.4869118,2.207641237,0.837214349
2024,6,77,0.531491578,0.039480925,-0.502351046,0.344505766,39.13687849,60.01665941,310.9962807,-0.421424038,0.575046149
2024,7,77,0.67306304,0.357040167,-0.522352755,0.475571328,29.21183659,664.4029064,60.01665941,1.368732419,0.753559061
2024,8,77,0.808158755,0.272057384,-0.700803757,0.584156838,27.89147114,512.7358134,664.4029064,2.404234891,0.856818505
2024,9,77,0.818353832,0.240935192,-0.705918193,0.574912566,27.04268156,219.5589751,512.7358134,2.172242114,0.833684378
2025,6,77,0.678526044,0.093090609,-0.628682613,0.40606821,33.31570764,205.2380767,219.5589751,0.556489684,0.672562891
2025,8,77,0.898608983,0.228154376,-0.785984278,0.561413673,27.35705307,1051.141192,205.2380767,2.433633063,0.859750066
2025,9,77,0.725788713,0.212438077,-0.631762683,0.49138851,26.32068436,203.5263939,1051.141192,1.858281353,0.802376473
2018,6,78,0.637920499,0.115368597,-0.623030305,0.379548763,30.37843056,82.79578352,155.3933067,0.44312777,0.661258536
2019,6,78,0.660610974,0.116659179,-0.631219566,0.376024522,31.52705556,80.61655337,82.79578352,0.448257597,0.661770078
2019,7,78,0.682302654,0.118635543,-0.600718081,0.402007298,28.52838889,320.3230953,80.61655337,0.5710942,0.674019242
2019,8,78,0.720568955,0.207883969,-0.623884439,0.423533706,27.49877778,234.648016,320.3230953,1.199259502,0.736659362
2019,9,78,0.757735372,0.204330176,-0.677662611,0.441041873,26.33695139,358.3350964,234.648016,1.41982638,0.758654108
2020,6,78,0.671386957,0.162816271,-0.601182401,0.462845053,31.81840972,91.73087033,358.3350964,0.915977669,0.708410734
2020,7,78,0.638421535,0.142735228,-0.543515861,0.43023081,29.69998611,172.5149624,91.73087033,0.445528975,0.661497982
2020,8,78,0.719219565,0.13704136,-0.638892949,0.408376018,28.41336111,440.826602,172.5149624,0.899794947,0.706797006
2020,9,78,0.742327809,0.158069715,-0.671166122,0.401926366,28.29059028,155.0247288,440.826602,1.194315188,0.73616632
2021,6,78,0.727649629,0.174627408,-0.678046823,0.399283863,30.54313194,95.43824482,155.0247288,1.009571242,0.717743807
2021,7,78,0.746603489,0.159152865,-0.637605906,0.423321579,28.85370139,386.0078001,95.43824482,0.998380147,0.71662784
2021,8,78,0.734553754,0.207501024,-0.632405639,0.466048986,27.37911806,176.910408,386.0078001,1.373172739,0.754001846
2021,9,78,0.790884733,0.222295657,-0.674651802,0.494336951,25.67807639,763.706234,176.910408,1.714921153,0.788080713
2022,6,78,0.613986015,0.085806303,-0.618421078,0.323977422,32.16863194,96.0349021,763.706234,0.51886864,0.668811352
2022,8,78,0.873633027,0.28419739,-0.728537142,0.561302159,27.93896528,210.7678118,96.0349021,2.187243447,0.835180299
2022,9,78,0.83304143,0.261550814,-0.719026566,0.530345263,26.24079861,245.4824784,210.7678118,2.032636447,0.819763017
2023,6,78,0.8125,0.212968349,-0.705325067,0.454962182,29.501,182.0289097,245.4824784,1.59576925,0.776198984
2023,7,78,0.79821372,0.216086566,-0.689404011,0.502711684,28.66130556,436.0250492,182.0289097,1.664046028,0.783007488
2023,8,78,0.84454149,0.239981145,-0.718936503,0.515212762,26.62314583,233.7477617,436.0250492,2.085632582,0.825047748
2023,9,78,0.843239129,0.285961509,-0.739446402,0.526468939,26.04534722,413.8406448,233.7477617,2.226188195,0.839063836
2024,6,78,0.765127361,0.18871963,-0.69672209,0.448835956,32.87932639,47.94722891,413.8406448,1.413967485,0.758069864
2024,7,78,0.779887795,0.202522084,-0.701863945,0.451395824,28.795125,281.008852,47.94722891,1.379328067,0.75461565
2024,8,78,0.82991451,0.236798376,-0.700132847,0.490339483,26.30517593,347.7893734,281.008852,1.873945493,0.803938488
2024,9,78,0.837512553,0.237383395,-0.730332196,0.485268323,26.25459028,342.3532956,347.7893734,1.993910355,0.815901284
2025,6,78,0.74952668,0.187436685,-0.690377295,0.441789558,28.71779861,69.57826524,342.3532956,1.3572403,0.752413076
2025,7,78,0.773345411,0.186173439,-0.661852181,0.482593445,25.6648125,407.4049599,69.57826524,1.362644966,0.752952025
2025,8,78,0.768923283,0.233917013,-0.628169894,0.566675122,24.98465972,485.116684,407.4049599,1.852236139,0.801773649
2025,9,78,0.845605671,0.282764435,-0.76440531,0.53776527,24.87911806,371.598465,485.116684,2.467647451,0.863141952
2019,7,79,0.357727259,-0.124439493,-0.398399323,0.23207202,35.74914446,571.46208,83.58132154,-1.836545117,0.433931454
2019,8,79,0.75305289,0.317515701,-0.61945349,0.62926347,29.44738429,305.4854479,571.46208,2.223887262,0.838834389
2019,9,79,0.507398784,0.234893039,-0.390684783,0.62208929,27.78661992,285.8065548,305.4854479,0.708253539,0.687696657
2020,6,79,0.292249769,-0.104020305,-0.386468261,0.154257659,34.68565217,93.44563603,285.8065548,-2.06613298,0.411037144
2020,7,79,0.213705406,0.061521973,-0.179135203,0.16544729,30.24730715,297.3107464,93.44563603,-2.175093001,0.400171741
2020,8,79,0.480022192,0.222232327,-0.388449281,0.270567826,29.08562179,716.2898884,297.3107464,-0.108587119,0.606241987
2020,9,79,0.407949269,0.021622621,-0.423219115,0.316520844,30.59438289,87.11358723,716.2898884,-0.632985161,0.55394945
2021,6,79,0.172549024,-0.116811089,-0.242210224,0.131207383,36.7113324,90.38662338,87.11358723,-2.911199929,0.326767771
2021,7,79,0.183013618,-0.090024807,-0.216045469,0.140246185,29.83553062,663.4956017,90.38662338,-2.638751476,0.353936104
2021,8,79,0.45068863,0.131270647,-0.357011884,0.574443143,28.40192146,235.2559128,663.4956017,0.260633219,0.643060331
2021,9,79,0.553787649,0.078634717,-0.535354376,0.376815518,27.68307153,546.9776917,235.2559128,0.100296589,0.627071696
2022,6,79,0.160592705,-0.06407246,-0.228486642,0.13349757,36.91554698,117.102277,546.9776917,-2.499381474,0.367833964
2022,7,79,0.534700751,0.108585343,-0.513019383,0.343650679,30.21955587,587.0927353,117.102277,-0.064920603,0.610596375
2022,8,79,0.675567746,0.209076181,-0.598190904,0.491484803,29.30040673,419.7107162,587.0927353,1.374720789,0.754156216
2022,9,79,0.615405023,0.144280508,-0.511580169,0.453868756,27.75458626,168.2306848,419.7107162,0.605263713,0.677426597
2023,6,79,0.361332536,-0.03010094,-0.350784868,0.287288499,33.87582749,227.0670681,168.2306848,-1.497674299,0.46772337
2023,7,79,0.365003228,0.123069622,-0.281228989,1.063325395,27.67631136,644.0866776,227.0670681,0.762308443,0.693086967
2023,8,79,0.641701221,0.250105619,-0.548864841,0.384892373,28.4158906,385.5859566,644.0866776,1.126188694,0.729372802
2023,9,79,0.707993984,0.165940598,-0.682300389,0.46166018,28.69241234,390.1155605,385.5859566,1.310960573,0.7477981
2024,6,79,0.238528147,-0.104088992,-0.318632603,0.16958072,39.47749649,62.5361653,390.1155605,-2.311294218,0.386589869
2024,7,79,0.596484244,0.141392961,-0.511090934,0.551205948,29.57913511,433.3943014,62.5361653,0.574683238,0.674377138
2024,8,79,0.640785754,0.209655166,-0.546055555,0.575340165,28.44429173,447.5811763,433.3943014,1.282714727,0.744981448
2024,9,79,0.498046607,0.154441789,-0.454090387,0.443821571,28.56989481,231.3392617,447.5811763,0.245338921,0.641535197
2025,6,79,0.340963274,-0.028502332,-0.377081305,0.25195574,35.22955119,114.6206029,231.3392617,-1.552271693,0.462278963
2025,8,79,0.474934042,0.120802008,-0.400125235,0.173812283,28.17668537,784.1098022,114.6206029,-0.731992207,0.54407655
2025,9,79,0.630993426,0.126002997,-0.571481049,0.393825361,27.63032959,244.9180412,784.1098022,0.831896556,0.700026235
2018,6,80,0.198063374,0.048940271,-0.249196872,0.165028605,22.2649446,197.6837234,144.199337,-1.974050724,0.420219509
2019,6,80,0.138353765,0.020054469,-0.152705058,0.146276596,18.3321976,227.8532473,197.6837234,-2.380960952,0.37964276
2019,7,80,0.026810609,0.098528646,-0.000939499,0.276417966,11.19572022,333.5822802,227.8532473,-2.305181105,0.387199464
2019,8,80,0.021809081,0.178414091,0.013289938,0.077554745,14.17966759,232.2741756,333.5822802,-2.513204153,0.366455578
2019,9,80,0.155208364,0.085978009,-0.136736736,0.283460333,17.75105032,320.2451477,232.2741756,-1.813147753,0.43626462
2020,6,80,0.141226813,0.014955812,-0.180811808,0.223940186,15.2766205,255.2331701,320.2451477,-2.033900343,0.414251355
2020,7,80,0.008558713,0.042289935,0.01532567,0.192437542,14.26774238,175.299091,255.2331701,-2.808638686,0.336995093
2020,8,80,0.031505972,0.168626353,-0.00700472,0.15065112,13.57687442,458.8399324,175.299091,-2.361831302,0.381550353
2020,9,80,0.35031265,0.034347288,-0.342761248,0.226811566,18.99979224,140.7649122,458.8399324,-1.108062825,0.506575102
2021,6,80,0.122171946,-0.003558719,-0.098282792,0.033911078,16.69243767,262.8497086,140.7649122,-2.878926349,0.329986066
2021,7,80,-0.003764116,0.166699618,0.043760128,0.169198895,13.9217867,383.3279533,262.8497086,-2.488989028,0.368870291
2021,8,80,-0.008308188,0.186296552,0.040700316,0.008016032,17.02624654,192.4898281,383.3279533,-2.783096453,0.339542143
2021,9,80,0.114769973,0.038913496,-0.09700571,0.261789524,14.76045706,572.0783768,192.4898281,-2.136754314,0.403994843
2022,6,80,0.054443553,0.048206195,-0.018708508,0.199387707,18.97119806,246.0671244,572.0783768,-2.440689903,0.373686639
2022,7,80,0.076727428,0.137992829,-0.047422681,0.384615385,9.733056325,381.3881502,246.0671244,-1.677659184,0.449775427
2022,8,80,0.002809866,0.118287057,0.014229489,0.028553299,13.25538089,230.4441519,381.3881502,-2.823878996,0.335475342
2022,9,80,0.233962774,0.04384372,-0.192225382,0.27361475,16.94506925,214.7734008,230.4441519,-1.684555675,0.449087715
2023,6,80,-0.019850712,0.103083692,0.034054425,0.062351148,15.61783703,447.5886488,214.7734008,-2.986726674,0.319236307
2023,7,80,0.368603021,0.141502693,-0.250390559,0.336129782,14.45427516,452.6984863,447.5886488,-0.576986317,0.559533609
2023,8,80,0.098603122,0.108910888,-0.06576325,0.268158784,15.34415512,219.1577606,452.6984863,-1.913882303,0.426219454
2023,9,80,0.073619634,0.03475583,-0.056497175,0.257705813,16.26658587,248.20574,219.1577606,-2.411674549,0.376580026
2024,6,80,0.007520824,0.073689096,0.009699671,0.176176968,19.40076177,129.2785778,248.20574,-2.80684419,0.337174039
2024,7,80,0.077548638,0.044644959,-0.063075446,0.357084947,17.71787627,280.9745684,129.2785778,-2.203579629,0.397331078
2024,8,80,0.227766663,0.081711173,-0.129771575,0.470688702,15.33114958,379.3037953,280.9745684,-1.201180622,0.497289472
2024,9,80,0.039999999,0.039280042,-0.035163481,0.286418232,18.40649584,293.492732,379.3037953,-2.374995239,0.380237656
2025,6,80,-0.028161952,0.111470021,0.05190045,0.230971598,18.18344875,174.8282642,293.492732,-2.685204316,0.349303865
2025,7,80,0.030858245,0.176243633,-0.012790147,0.112954465,14.79340028,417.9796143,174.8282642,-2.430894226,0.374663456
2025,8,80,-0.007741835,0.106949069,0.020378526,0.236599662,15.81001847,465.2004147,417.9796143,-2.403639358,0.377381289
2025,9,80,0.10795138,0.078940764,-0.084846281,0.257154992,17.13314404,298.4183998,465.2004147,-1.971380462,0.420485786
2019,7,81,0.759584427,0.302775949,-0.619102478,0.337290596,23.2418125,237.7280998,78.94988245,1.302587759,0.74696317
2019,8,81,0.741362274,0.328031242,-0.597826064,0.303435773,23.53711111,230.889143,237.7280998,1.31615321,0.748315906
2019,9,81,0.705160081,0.368943185,-0.582525194,0.278321789,23.72965972,173.5589304,230.889143,1.264085119,0.743123719
2020,6,81,0.815057158,0.321609735,-0.741544425,0.288239791,25.44566667,94.52322352,173.5589304,1.670505863,0.783651657
2020,7,81,0.756859779,0.325248748,-0.607142866,0.392250971,26.33835417,201.3695537,94.52322352,1.427808787,0.759450107
2020,8,81,0.331331044,0.261922598,-0.283009768,0.071153047,23.46420139,313.2797976,201.3695537,-1.057770884,0.511590172
2020,9,81,0.766954958,0.411499441,-0.645924628,0.334752242,23.84254167,51.15785217,313.2797976,1.840155788,0.800569006
2021,6,81,0.753816783,0.278164119,-0.663348436,0.320201038,26.27175694,83.1956501,51.15785217,1.188948563,0.735631164
2021,7,81,0.711130023,0.297495395,-0.594420969,0.342753814,23.56419444,375.0016212,83.1956501,1.159117514,0.732656437
2021,8,81,0.728395045,0.37602067,-0.593193591,0.375762655,23.99694444,107.6337967,375.0016212,1.651422085,0.781748639
2021,9,81,0.755244136,0.3931503,-0.611089528,0.34121379,23.11011111,189.3327866,107.6337967,1.593792476,0.776001862
2022,6,81,0.750656188,0.325315356,-0.615999997,0.362049526,26.62502778,82.82521772,189.3327866,1.400939721,0.756770746
2022,7,81,0.758647799,0.338719338,-0.580360293,0.427975874,24.17356481,284.35044,82.82521772,1.52828824,0.769469834
2022,8,81,0.764589489,0.330350488,-0.602875113,0.347822174,23.21603472,240.4775734,284.35044,1.519115303,0.768555117
2022,9,81,0.762582064,0.366888523,-0.61181432,0.31338519,21.46369444,94.57132769,240.4775734,1.547416371,0.771377275
2023,6,81,0.771106303,0.395972311,-0.619304836,0.414576356,23.65847917,160.2647438,94.57132769,1.797855866,0.796350893
2023,7,81,0.791652322,0.384488255,-0.629089952,0.399200382,23.68991667,396.4736462,160.2647438,1.881159124,0.804657825
2023,8,81,0.783583403,0.397824198,-0.635357499,0.361995439,22.74925,253.0681038,396.4736462,1.971560111,0.813672536
2023,9,81,0.775530815,0.382677168,-0.648822248,0.337721809,21.86761111,170.4320564,253.0681038,1.787186919,0.795286995
2024,6,81,0.749679208,0.376448959,-0.622820497,0.410918674,26.4524375,50.3222216,170.4320564,1.676801299,0.784279433
2024,7,81,0.752456367,0.361252069,-0.613983691,0.416036355,26.53672222,245.4777346,50.3222216,1.585427107,0.775167674
2024,8,81,0.770909071,0.372797757,-0.636974812,0.359703075,23.94860417,230.0006694,245.4777346,1.74555627,0.791135621
2024,9,81,0.761146843,0.389098674,-0.625552177,0.31584572,22.52972917,163.6813568,230.0006694,1.650010656,0.781607892
2025,6,81,0.768496394,0.328009456,-0.625594139,0.400861019,23.79518056,110.3195532,163.6813568,1.581918806,0.77481783
2025,8,81,0.771066725,0.364352733,-0.602468073,0.351840327,20.91839583,460.201745,110.3195532,1.618389979,0.778454705
2025,9,81,0.748263657,0.358440697,-0.618724704,0.320106866,21.37244444,158.1700907,460.201745,1.670117672,0.783612947
2019,6,82,0.282728285,-0.013036085,-0.353453279,0.214205973,44.5626993,47.27986944,94.90787649,-1.982257482,0.419401138
2019,7,82,0.267275095,0.038803559,-0.294323146,0.230685865,33.0192704,408.3681908,47.27986944,-1.75960618,0.441603741
2019,8,82,0.355694622,0.180960685,-0.295421541,0.296828152,30.76930769,197.3873024,408.3681908,-0.733925249,0.543883789
2019,9,82,0.596109569,0.224425688,-0.496879488,0.590206563,28.69875524,224.4124966,197.3873024,0.956319824,0.71243362
2020,6,82,0.42692861,0.051696286,-0.452682912,0.224010784,37.24244755,69.79062641,224.4124966,-1.019301922,0.515426265
2020,7,82,0.180421963,0.031822044,-0.269093871,0.190879764,32.351,189.4251366,69.79062641,-2.140272462,0.403644016
2020,8,82,0.471277922,0.186332241,-0.424678952,0.407648798,29.84472028,570.4910793,189.4251366,0.034519671,0.620512477
2020,9,82,0.696709573,0.226262271,-0.608135581,0.532752984,32.01426573,79.24596566,570.4910793,1.480179618,0.764672482
2021,6,82,0.224541664,-0.029641977,-0.328993559,0.166480583,37.67672727,44.10417557,79.24596566,-2.25098164,0.392604189
2021,7,82,0.211037308,0.018697614,-0.331747919,0.189249168,32.18145921,516.1177082,44.10417557,-1.921657484,0.42544412
2021,8,82,0.347024739,0.146544546,-0.347635716,0.305693542,29.58274126,198.9148064,516.1177082,-0.641962706,0.553054217
2021,9,82,0.630553365,0.211349159,-0.588692605,0.449560997,28.60632168,426.4076233,198.9148064,0.937510295,0.710557949
2022,6,82,0.133517131,-0.047238857,-0.26951918,0.099425153,38.65107692,77.24100351,426.4076233,-2.585109275,0.35928526
2022,8,82,0.498745263,0.123136751,-0.473733604,0.381484877,30.78565035,265.058754,77.24100351,-0.20034107,0.597092359
2022,9,82,0.50618124,0.126613766,-0.487213641,0.414188562,28.87821678,118.0966619,265.058754,0.043207345,0.621378804
2023,6,82,0.392256558,0.047983516,-0.444805205,0.309251217,34.18418881,169.2383156,118.0966619,-0.94614595,0.522721317
2023,7,82,0.252661079,0.11806605,-0.298992157,0.183035714,30.94936597,384.3397102,169.2383156,-1.523942704,0.465103906
2023,8,82,0.598718286,0.234982029,-0.541716158,0.476744994,28.99814685,175.1636734,384.3397102,0.956448962,0.712446498
2023,9,82,0.6366238,0.299127668,-0.581898272,0.504385149,29.22253846,270.1432495,175.1636734,1.294119751,0.746118747
2024,6,82,0.300000012,-0.053031456,-0.413320273,0.207680251,39.29318881,45.80178413,270.1432495,-1.77541703,0.440027096
2024,7,82,0.355497122,0.179745838,-0.383441389,0.257686061,32.91758275,334.1059661,45.80178413,-0.842302846,0.533076465
2024,8,82,0.725695193,0.285669774,-0.667811692,0.591090222,28.78937995,369.9872034,334.1059661,1.961687138,0.812688011
2024,9,82,0.481523812,0.193724304,-0.508015096,0.352107133,29.345,190.323241,369.9872034,0.199573182,0.636971475
2025,6,82,0.188791484,-0.034074798,-0.293810368,0.151667464,35.48292774,81.15769237,190.323241,-2.355157363,0.382215873
2025,7,82,0.307256818,0.065883338,-0.34178552,0.220890221,28.31141259,444.4683423,81.15769237,-1.404221096,0.477042445
2025,8,82,0.513156772,0.215230346,-0.439869642,0.383842826,28.01358042,539.6417141,444.4683423,0.381369982,0.655100101
2025,9,82,0.576146781,0.21007219,-0.50504303,0.471255153,27.58508392,215.1742096,539.6417141,0.84809935,0.701641965
2019,6,83,0.192716241,-0.074491121,-0.187640443,0.102804873,46.2853352,59.77844904,126.2829323,-3.019967832,0.315921526
2019,7,83,0.062339,-0.063899331,-0.096225411,0.046891955,37.07094041,474.9219208,59.77844904,-3.450826826,0.272956626
2019,8,83,-0.02431611,0.168155342,0.04568528,-0.011036766,31.62687151,232.60254,474.9219208,-3.050485948,0.312878285
2019,9,83,0.136182338,0.251037925,-0.1168437,0.103061665,29.35333101,286.1105862,232.60254,-1.901391509,0.427465026
2020,6,83,0.093098655,0.07575386,-0.160883278,0.056611542,39.23922486,74.54470658,286.1105862,-2.71005785,0.346825492
2020,7,83,0.040864255,0.068428002,-0.107446276,0.031310732,34.2160405,206.2092874,74.54470658,-3.072875934,0.310645575
2020,8,83,-0.077030346,0.148699403,0.05411128,-0.040583471,30.41215782,632.4336834,206.2092874,-3.387785288,0.279243076
2020,9,83,0.122021578,0.122058414,-0.04566399,0.050956011,32.25673883,83.95747742,632.4336834,-2.472282588,0.370536243
2021,6,83,0.20941402,0.074926749,-0.253952891,0.138224012,39.27431564,62.39985847,83.95747742,-2.188811372,0.398803756
2021,7,83,-0.067632847,0.022981733,-0.023899371,-0.045349222,36.15643855,563.7048931,62.39985847,-3.787617795,0.239372111
2021,8,83,0.133456901,0.186040908,-0.156673118,0.104673984,31.25050978,223.0207253,563.7048931,-1.855930271,0.431998383
2021,9,83,-0.022784811,0.191383079,-0.072445817,-0.012282497,29.35933659,557.8725548,223.0207253,-2.756976091,0.342146844
2022,6,83,0.066991314,0.067932449,-0.16055654,0.05150131,41.23555168,93.99349999,557.8725548,-2.656652881,0.352150991
2022,7,83,-0.021396661,0.398051739,-0.128219023,-0.013685857,32.58751397,509.5147986,93.99349999,-2.067333403,0.410917438
2022,8,83,0.018380526,0.629571378,-0.254589975,0.010323085,31.35661313,303.0915356,509.5147986,-0.624166084,0.554828882
2022,9,83,0.129048333,0.094185092,-0.155555561,0.09810632,30.00356844,138.9411607,303.0915356,-2.352213081,0.382509474
2023,6,83,0.117948718,-0.139759749,-0.120822623,0.05605199,36.67406425,188.0274878,138.9411607,-3.506878505,0.2673672
2023,7,83,0.05517827,0.032244645,-0.052247874,0.066681242,30.88234637,481.2681808,188.0274878,-3.047576397,0.313168423
2023,8,83,-0.003739094,0.064816922,-0.062001772,0.014547261,28.71346369,285.5831261,481.2681808,-2.987742239,0.319135036
2023,9,83,0.061683927,0.026909722,-0.121327013,0.04881699,29.88978352,381.4596748,285.5831261,-2.873635291,0.330513686
2024,6,83,0.042114694,-0.003442341,-0.102354147,0.029912399,43.07268855,51.0018177,381.4596748,-3.275435429,0.29044651
2024,7,83,0.057395495,-0.03223554,-0.091234334,0.05113027,32.61765363,382.4410229,51.0018177,-3.326484855,0.285355904
2024,8,83,0.034827504,0.103257187,-0.097137548,0.025066685,29.2706797,403.244373,382.4410229,-2.714740511,0.346358541
2024,9,83,0.086664997,0.043182764,-0.142079368,0.06880038,29.84181564,207.1538071,403.244373,-2.632660497,0.354543491
2025,6,83,0.065792926,-0.166394114,-0.121253781,0.043350604,39.63454842,96.77091776,207.1538071,-3.748833091,0.24323969
2025,7,83,0.053149607,-0.042076994,-0.114003122,0.036366085,29.70107542,504.9941738,96.77091776,-3.257570894,0.292227947
2025,8,83,0.0214966,-0.156404495,-0.077011824,0.014249639,28.54761173,614.1716537,504.9941738,-3.552651612,0.262802743
2025,9,83,0.083755732,-0.074045204,-0.136298418,0.060588071,28.46923417,239.5155258,614.1716537,-2.905998996,0.327286404
2019,7,84,0.699966848,0.260902345,-0.602698863,0.443420891,24.49484807,112.2037792,50.11054852,1.169573226,0.733699072
2019,8,84,0.720764995,0.292920619,-0.588978887,0.442469243,23.75040746,127.3092384,112.2037792,1.338015472,0.750495992
2019,9,84,0.731120646,0.29770878,-0.625970364,0.417434341,23.03697514,127.1528587,127.3092384,1.427240572,0.759393445
2020,6,84,0.751310825,0.287004799,-0.709137738,0.366084023,25.66930249,47.03269465,127.1528587,1.470080316,0.763665388
2020,7,84,0.685233355,0.265459657,-0.600295901,0.459830825,28.40953729,67.2268436,47.03269465,1.123083097,0.729063115
2020,8,84,0.721358299,0.272045016,-0.624925077,0.447758254,27.27656077,160.1603737,67.2268436,1.300619133,0.74676686
2020,9,84,0.750250638,0.326496571,-0.659966946,0.434047237,24.87964088,55.44774723,160.1603737,1.664833344,0.783085998
2021,6,84,0.670512736,0.266997099,-0.598675549,0.458286047,28.73428177,39.56039619,55.44774723,1.084606774,0.725226288
2021,7,84,0.653356016,0.263958275,-0.569776833,0.444038929,25.33756906,161.6439505,39.56039619,0.994481159,0.716239037
2021,8,84,0.669065654,0.237896264,-0.563649595,0.387865718,26.95184392,67.53673935,161.6439505,0.840801928,0.700914272
2021,9,84,0.709069252,0.253364891,-0.618175268,0.38657533,24.41700967,157.5906372,67.53673935,1.096588928,0.726421138
2022,6,84,0.641293705,0.196208537,-0.592393041,0.403053977,28.37549033,49.26896155,157.5906372,0.718902717,0.688758584
2022,7,84,0.641921401,0.214582369,-0.554636717,0.43736983,26.4144291,132.4632921,49.26896155,0.741342313,0.690996242
2022,8,84,0.694941759,0.186906755,-0.609235525,0.378872054,24.32878453,120.2969174,132.4632921,0.840549532,0.700889103
2022,9,84,0.661951721,0.244135126,-0.59632504,0.375089795,24.15139503,78.58449364,120.2969174,0.906880137,0.707503536
2023,6,84,0.737123549,0.284257203,-0.622502625,0.472851286,25.21354282,110.1452703,78.58449364,1.448183558,0.761481862
2023,7,84,0.774253964,0.31348151,-0.668173552,0.4839285,23.99502072,157.5182991,110.1452703,1.803175439,0.796881357
2023,8,84,0.741207719,0.275411427,-0.655245125,0.467255757,23.55648481,119.7572546,157.5182991,1.564713265,0.773102107
2023,9,84,0.753385603,0.302704006,-0.689776719,0.405275395,22.29029006,132.7751446,119.7572546,1.622290443,0.778843656
2024,6,84,0.693288624,0.29437089,-0.590535939,0.487324718,26.50928867,26.55849648,132.7751446,1.3436365,0.751056516
2024,7,84,0.70710057,0.293721974,-0.630044818,0.4577982,26.21952348,85.55476952,26.55849648,1.349104855,0.751601816
2024,8,84,0.714030385,0.318979651,-0.624964714,0.460006141,24.61540746,134.4488071,85.55476952,1.50784403,0.767431155
2024,9,84,0.725508809,0.35628593,-0.614689529,0.495495102,23.53414365,145.7665875,134.4488071,1.757259832,0.792302691
2025,6,84,0.729824543,0.271164596,-0.600216389,0.483346243,25.31102901,40.07703995,145.7665875,1.385816787,0.7552627
2025,7,84,0.631222367,0.267566949,-0.563964963,0.441436139,24.4689779,155.9261256,40.07703995,0.948966871,0.71170039
2025,8,84,0.749499023,0.312124252,-0.624186039,0.454886476,22.90006906,250.396471,155.9261256,1.637574163,0.780367735
2025,9,84,0.748004138,0.326797396,-0.660958886,0.420209032,21.15137431,123.5286493,250.396471,1.749503834,0.791529269
2019,6,85,0.056179062,-0.08467412,-0.150542259,0.049789249,42.84858333,32.37974451,65.04842424,-3.55590128,0.262478689
2019,7,85,0.077922076,-0.077606961,-0.135430917,0.065741417,33.67850926,404.6181431,32.37974451,-3.316768196,0.286324841
2019,8,85,0.153037876,-0.00039471,-0.182343066,0.149091107,31.259375,198.820899,404.6181431,-2.379984885,0.379740093
2019,9,85,0.231573448,-0.047888462,-0.2021541,0.187457684,29.67802083,303.7601795,198.820899,-2.323590365,0.385363708
2020,6,85,0.163965687,-0.08015769,-0.182432428,0.097613056,38.70415972,59.42316389,303.7601795,-2.919244653,0.325965558
2020,7,85,0.084809184,-0.060795303,-0.135803878,0.075636095,32.69401389,190.9925374,59.42316389,-3.236364821,0.294342599
2020,8,85,0.144567743,-0.0920671,-0.175204813,0.109847661,30.83250694,571.5540028,190.9925374,-2.860820617,0.331791554
2020,9,85,0.217440546,-0.062159214,-0.232682064,0.153883145,31.98879861,96.79734033,571.5540028,-2.241306186,0.393569017
2021,6,85,0.082008563,-0.083136462,-0.150392011,0.065491713,37.976125,35.07606173,96.79734033,-3.378788821,0.280140196
2021,7,85,0.070438802,-0.082268372,-0.105995201,0.05989603,32.12807407,499.0456409,35.07606173,-3.391136181,0.278908928
2021,8,85,0.228630275,0.034469478,-0.231166154,0.231141522,30.29347222,208.7382431,499.0456409,-1.730204882,0.444535614
2021,9,85,0.144608721,-0.113710202,-0.200486034,0.098715891,28.73370833,571.6210861,208.7382431,-2.860070278,0.331866377
2022,6,85,0.074970253,-0.036786921,-0.122622423,0.071256221,39.26121528,63.91457272,571.6210861,-3.006963254,0.317218332
2022,8,85,0.112214662,-0.073465161,-0.143639073,0.098311512,30.92556944,263.6564693,63.91457272,-3.110998793,0.306843995
2022,9,85,0.20062016,-0.006539379,-0.221439004,0.173954387,29.72507639,141.9075355,263.6564693,-2.229651908,0.394731172
2023,6,85,0.069051579,-0.05335366,-0.137168139,0.060926375,35.06588889,124.0471525,141.9075355,-3.266698177,0.291317782
2023,7,85,0.064615384,-0.014946619,-0.102771111,0.056512605,32.00520139,408.4107132,124.0471525,-3.155618011,0.302394604
2023,8,85,0.139252797,-0.04475183,-0.166497469,0.118136165,29.32836806,206.693758,408.4107132,-2.635181884,0.354292061
2023,9,85,0.161960259,-0.020098558,-0.205993056,0.119880525,29.66733333,376.4495201,206.693758,-2.502688289,0.367504212
2024,6,85,0.045475423,-0.09922538,-0.10862153,0.034353529,40.52797917,34.36340428,376.4495201,-3.53703419,0.2643601
2024,7,85,0.123035088,-0.076625541,-0.161682203,0.105151791,32.38826852,330.7493467,34.36340428,-3.06370648,0.311559945
2024,8,85,0.165059552,-0.092154697,-0.223347232,0.113000932,24.48689815,375.1210081,330.7493467,-2.567845969,0.361006742
2024,9,85,0.220299661,-0.072505504,-0.240281731,0.155754256,29.68554861,225.2186743,375.1210081,-2.315481718,0.386172295
2025,6,85,0.068965107,-0.089999832,-0.13067998,0.061095824,36.00571991,63.89429167,225.2186743,-3.375747448,0.280443479
2025,7,85,0.150183156,-0.096217103,-0.166666672,0.117845118,28.82014553,465.9775918,63.89429167,-2.940001187,0.323895734
2025,8,85,0.195568979,-0.063885726,-0.225344241,0.151976527,28.41696296,556.987936,465.9775918,-2.245626259,0.393138223
2025,9,85,0.238578677,-0.096714482,-0.26859504,0.155278224,28.81035417,300.1161194,556.987936,-2.151088726,0.402565427
2019,7,86,0.768865526,0.210182205,-0.650578499,0.407383448,17.5284258,75.59531212,33.77091251,1.254518114,0.742169705
2019,8,86,0.661003232,0.247266099,-0.548849463,0.372226525,17.99180999,114.9331894,75.59531212,0.853385383,0.702169083
2019,9,86,0.742089927,0.281509936,-0.599630773,0.355245904,17.74529126,108.8843784,114.9331894,1.25305044,0.74202335
2020,6,86,0.649675727,0.194315538,-0.622638881,0.321003846,20.68528433,30.39684911,108.8843784,0.684234476,0.685301496
2020,7,86,0.76630652,0.241980866,-0.677689075,0.409314894,22.58919556,42.7864269,30.39684911,1.351032879,0.751794077
2020,8,86,0.726607025,0.319691122,-0.605751038,0.368156332,20.52347434,150.5250521,42.7864269,1.317824452,0.74848256
2020,9,86,0.845170975,0.31277889,-0.751773059,0.31749517,20.60066574,51.37616014,150.5250521,1.833163916,0.799871783
2021,6,86,0.79230082,0.191834837,-0.673615634,0.417637772,23.08696255,24.10742188,51.37616014,1.252350253,0.741953528
2021,7,86,0.770786524,0.180783123,-0.720524013,0.405524667,18.96655571,108.7014809,24.10742188,1.304631042,0.747166925
2021,8,86,0.600774825,0.33148846,-0.462647498,0.331596757,19.94397365,61.91501236,108.7014809,0.695075313,0.686382535
2021,9,86,0.75705874,0.406626761,-0.669831753,0.358008417,16.60550624,134.4394264,61.91501236,1.86089372,0.802636976
2022,6,86,0.802866757,0.311933994,-0.68460381,0.537471866,21.18821082,31.36635733,134.4394264,2.042375056,0.820734143
2022,8,86,0.857671738,0.386126459,-0.6875934,0.45282773,19.6590846,101.7078056,31.36635733,2.1983686,0.83628969
2022,9,86,0.792542994,0.4236902,-0.710766435,0.342222589,18.33923024,78.79216051,101.7078056,2.048980689,0.821392852
2023,6,86,0.814612865,0.37111026,-0.615297556,0.598490762,19.41020804,68.52927017,78.79216051,2.230477927,0.839491605
2023,7,86,0.849748671,0.372762203,-0.704541206,0.553019081,19.24669903,110.7257862,68.52927017,2.427475412,0.85913603
2023,8,86,0.752136767,0.384355664,-0.665538251,0.454065676,18.42738558,104.0104408,110.7257862,1.978845329,0.814399012
2023,9,86,0.636712372,0.434940308,-0.740083277,0.288426057,17.66856449,115.2086334,104.0104408,1.715429148,0.78813137
2024,6,86,0.798772037,0.319640994,-0.675252378,0.558711226,21.88723301,17.2196126,115.2086334,2.060189356,0.82251057
2024,7,86,0.778536856,0.305747122,-0.682504177,0.494781674,20.10506241,56.97265816,17.2196126,1.815457492,0.798106113
2024,8,86,0.821718156,0.393901765,-0.726771653,0.414737961,19.01429958,127.9895722,56.97265816,2.184163893,0.834873208
2024,9,86,0.772868395,0.314587265,-0.714779615,0.312972585,19.15421637,139.6604319,127.9895722,1.606088247,0.777227986
2025,6,86,0.791787982,0.309749037,-0.63933295,0.606846246,19.61659501,25.53721416,139.6604319,2.078497806,0.824336274
2025,7,86,0.424468696,0.158066779,-0.321257323,0.570533152,17.27741563,106.011664,25.53721416,-0.084160561,0.608677783
2025,8,86,0.802006841,0.340375692,-0.651260972,0.448901832,16.92169209,233.0291042,106.011664,1.937343275,0.810260462
2025,9,86,0.787307024,0.422115713,-0.717346489,0.415195867,17.00180999,115.7628012,233.0291042,2.314662086,0.847886379
2019,6,87,-0.103923649,-0.016870273,0.310023308,-0.030963303,34.22194211,78.52624504,212.3777618,-4.736276134,0.144772692
2019,7,87,-0.091832027,0,0.20900321,-0.062171957,29.93163866,601.2441368,78.52624504,-4.409097575,0.177398665
2019,8,87,-0.343325853,0.221693233,0.499610215,-0.048230601,28.07604342,381.8015032,601.2441368,-4.568884707,0.161464826
2019,9,87,-0.015340374,0.084560119,0.045296881,-0.038169209,26.07389356,299.3174343,381.8015032,-3.34327038,0.283682066
2020,6,87,-0.010279594,0.009385924,0.077501416,-0.01480391,30.28297619,105.142457,299.3174343,-3.750380782,0.243085355
2020,7,87,-0.061430331,0.133917421,0.250247955,-0.042352349,27.2139916,389.5862341,105.142457,-3.942140049,0.223963281
2020,8,87,-0.242348224,0.175097272,0.418559879,-0.132789182,27.09885154,712.3079681,389.5862341,-4.552847048,0.163064088
2020,9,87,-0.215140179,0.225113913,0.441877097,-0.023241155,28.53285014,84.73071417,712.3079681,-4.082550568,0.209961661
2021,6,87,-0.131367803,-0.065382786,0.319167584,-0.084985794,31.35418067,94.70265198,84.73071417,-5.138530043,0.104660267
2021,7,87,-0.077388152,-0.019250253,0.20891653,-0.037695842,29.54319328,705.254076,94.70265198,-4.352037752,0.183088623
2021,8,87,-0.005261674,0.049519826,0.110746905,-0.035666197,27.10944678,260.9640121,705.254076,-3.406288974,0.277397904
2022,6,87,-0.230003923,-0.2314156,0.518593431,-0.037276048,32.47466387,102.6825734,353.8047752,-6.117606758,0.007027552
2022,7,87,-0.174636185,0.052164223,0.249831498,-0.124169644,27.5804085,571.5842094,102.6825734,-4.609874338,0.157377374
2022,9,87,-0.105370663,0.267567247,0.350466758,-0.021023636,26.41518207,171.0703187,451.7828789,-3.599884011,0.258092768
2023,6,87,-0.153970823,0.017441861,0.269248724,-0.058113545,30.06742297,178.8666649,171.0703187,-4.647779002,0.153597552
2023,7,87,-0.113142855,-0.011862643,0.276794046,-0.075193254,27.71327731,708.2963295,178.8666649,-4.572268467,0.1611274
2023,8,87,-0.349557519,0.006849315,0.544891655,-0.044825238,26.15904762,529.5141296,708.2963295,-5.277491009,0.090803195
2023,9,87,-0.351146966,0.009563107,0.60830313,-0.036010099,27.12581232,301.4875565,529.5141296,-5.571532639,0.061481609
2024,6,87,-0.27240774,0.009756098,0.553398073,-0.056928451,34.46910364,59.3761608,301.4875565,-5.598419369,0.058800486
2024,7,87,-0.103663288,0.12230216,0.279529214,-0.07517522,29.1127591,596.6506138,59.3761608,-4.22548357,0.195708501
2024,9,87,-0.3008596,0.160958901,0.548983335,-0.062780269,27.30720588,213.549982,451.6353447,-4.944765209,0.123982335
2025,6,87,-0.155119553,-0.181242839,0.397996604,-0.03148771,30.27806022,191.6966466,213.549982,-5.531674145,0.065456265
2025,8,87,-0.474978536,0.050974138,0.577459514,-0.127407185,26.46825397,944.6437416,191.6966466,-5.905798074,0.028148938
2025,9,87,-0.37566781,0.013724157,0.579840243,-0.041183867,25.95663866,174.3389893,944.6437416,-5.306746489,0.087885863
2019,6,88,0.612253964,0.072263494,-0.589776516,0.330530201,38.43088454,56.2152294,80.94308281,-0.095829641,0.607514152
2019,7,88,0.424164534,0.096269004,-0.341404349,0.332770146,30.8789432,622.0051727,56.2152294,-0.815714076,0.535727875
2019,8,88,0.661050498,0.208864465,-0.530368507,0.47716454,28.67974162,340.0523109,622.0051727,1.164179296,0.733161193
2019,9,88,0.73709327,0.199652269,-0.623023927,0.362182903,27.04384078,195.2539997,340.0523109,1.080853058,0.72485197
2020,6,88,0.615757167,0.122224711,-0.611075342,0.341218151,33.55522346,81.56532942,195.2539997,0.289756011,0.645964432
2020,7,88,0.652317643,0.147497877,-0.540487885,0.449421527,29.68323324,346.228865,81.56532942,0.555143206,0.672428622
2020,8,88,0.632294118,0.140438005,-0.523455918,0.420974382,28.87467877,707.6885386,346.228865,0.632267081,0.68011935
2020,9,88,0.760663509,0.112433448,-0.63286531,0.316695353,29.39417598,80.16315596,707.6885386,0.941596876,0.71096546
2021,6,88,0.684962213,0.117938221,-0.64713937,0.388425281,32.84244413,61.61907768,80.16315596,0.548514163,0.671767579
2021,7,88,0.631306589,0.120142125,-0.613888085,0.381959277,29.36293994,769.616478,61.61907768,0.519205875,0.668844981
2021,8,88,0.630465448,0.220439196,-0.50222224,0.50706722,28.00958101,240.4711304,769.616478,1.216132754,0.738341949
2021,9,88,0.791297019,0.210452378,-0.644930243,0.405253364,26.78055866,461.0451279,240.4711304,1.375486446,0.754232567
2022,6,88,0.569651008,0.049671128,-0.627950907,0.308311432,35.87829609,102.5952107,461.0451279,0.055995692,0.622654047
2022,8,88,0.782901943,0.197345033,-0.656830192,0.505786865,28.51527933,324.8637886,102.5952107,1.42819163,0.759488284
2022,9,88,0.693442822,0.244931281,-0.587678671,0.46449604,27.19630587,168.5038717,324.8637886,1.26166855,0.742882741
2023,6,88,0.713682711,0.102362208,-0.67020911,0.390245724,31.49349162,189.0832529,168.5038717,0.715108362,0.688380214
2023,7,88,0.745430827,0.215362966,-0.631482601,0.460335376,28.90934823,820.806469,189.0832529,1.394279983,0.756106642
2023,8,88,0.863816321,0.206560731,-0.723279655,0.458704647,27.34261872,301.3177414,820.806469,2.146487861,0.831116186
2023,9,88,0.77750349,0.230282262,-0.681748629,0.421530251,27.36613128,253.8229103,301.3177414,1.523849157,0.769027173
2024,6,88,0.637523949,0.069016151,-0.650793672,0.37583041,36.35997905,47.01371054,253.8229103,0.324456631,0.649424749
2024,7,88,0.701371014,0.174338296,-0.588926196,0.480857299,28.91520484,513.1233311,47.01371054,0.95638529,0.712440148
2024,8,88,0.819558382,0.228279382,-0.713097692,0.507421875,27.1913594,521.6782669,513.1233311,2.059548945,0.822446709
2024,9,88,0.782503128,0.253190547,-0.656092405,0.505843211,27.1925419,226.0382403,521.6782669,1.870089758,0.803553997
2025,6,88,0.555409014,0.019306336,-0.55665648,0.322837264,33.06958333,97.91519208,226.0382403,-0.325031352,0.584658348
2025,7,88,0.639157653,0.121713728,-0.492227972,0.485348777,27.67471369,759.9725833,97.91519208,0.523296612,0.669252906
2025,8,88,0.790367901,0.170806423,-0.665893197,0.499293689,26.4727933,678.7274399,759.9725833,1.86925606,0.803470861
2025,9,88,0.720508158,0.213542819,-0.627933621,0.433811925,25.99714618,233.0240135,678.7274399,1.492284121,0.765879533
2019,7,89,0.35614711,-0.027272807,-0.386254609,0.225826918,28.85774373,508.4757175,108.6255341,-1.46909328,0.470573445
2019,8,89,0.850572109,0.288856715,-0.694766879,0.681368849,27.01435933,391.897481,508.4757175,2.641974163,0.880525667
2019,9,89,0.083698384,0.211204648,-0.059049621,0.537163264,24.71871866,288.8285904,391.897481,-1.170999267,0.500299132
2020,6,89,0.148442224,-0.026258832,-0.18789877,0.091914633,31.78504875,110.2513165,288.8285904,-2.685338351,0.3492905
2020,7,89,-0.025035428,0.149002597,0.051877327,0.129205266,27.51529016,412.6145244,110.2513165,-2.961676175,0.321734322
2020,8,89,0.207108706,0.211755633,-0.142925411,0.279218814,22.64212996,570.8023882,412.6145244,-1.175097825,0.499890427
2020,9,89,0.821220934,0.281033844,-0.698031843,0.605048396,27.31802925,87.67164183,570.8023882,2.366275604,0.853033236
2021,6,89,0.387972325,0.005784805,-0.404415727,0.262693236,31.40480501,112.2866974,87.67164183,-1.28947812,0.488484519
2021,7,89,0.270231962,0.088724077,-0.239768445,0.386288258,27.85149025,667.7522545,112.2866974,-1.216236665,0.495788096
2021,8,89,0.205953613,0.158240169,-0.144782573,0.815541387,25.4772493,227.5091362,667.7522545,-0.115327284,0.605569863
2021,9,89,0.518728852,0.187807456,-0.436759263,0.581529696,25.64951718,282.3494186,227.5091362,0.573283966,0.674237603
2022,6,89,0.326582283,-0.044144474,-0.366400003,0.232725961,34.15430362,93.65523052,282.3494186,-1.662117593,0.451325221
2022,7,89,0.756050348,0.198744431,-0.594024599,0.613174217,25.06490251,564.6331892,93.65523052,1.547786508,0.771414185
2022,8,89,0.867889881,0.285759389,-0.701629758,0.698541628,26.58158078,383.6506901,564.6331892,2.762208824,0.892515367
2022,9,89,0.78922987,0.260670722,-0.686221004,0.524775729,25.63054318,194.7679706,383.6506901,1.949925501,0.811515151
2023,6,89,0.201201826,0.059651975,-0.186451137,0.737733097,28.21042479,200.6960945,194.7679706,-0.861518311,0.531160315
2023,7,89,0.224099383,0.066014834,-0.196978658,0.340931247,26.5468013,734.8188629,200.6960945,-1.50847453,0.46664638
2023,8,89,0.790293992,0.26265955,-0.653473735,0.661892868,24.02881151,472.5526886,734.8188629,2.47773028,0.864147404
2023,9,89,0.80091536,0.252187759,-0.692229569,0.572113738,25.97373955,299.3551235,472.5526886,2.137481277,0.830218057
2024,6,89,0.270006627,-0.069446988,-0.340706855,0.197491371,33.99762535,60.24484009,299.3551235,-2.001929497,0.417439461
2024,7,89,0.313007712,0.268038988,-0.224723756,0.60770641,26.24035283,575.6275768,60.24484009,-0.104440395,0.606655494
2024,8,89,0.634674907,0.353499115,-0.524249434,0.867541261,26.0551532,400.3558152,575.6275768,2.449737416,0.861355979
2024,9,89,0.824204743,0.279409885,-0.695156872,0.627397228,25.80610724,184.8029988,400.3558152,2.341775571,0.850590113
2025,6,89,0.324159026,-0.038667899,-0.345736444,0.237997231,29.18056639,195.410077,184.8029988,-1.664519592,0.451085696
2025,8,89,0.850340128,0.291777968,-0.703326821,0.735348187,24.58435933,800.0760574,195.410077,2.706770294,0.886987083
2025,9,89,0.383563876,0.207782209,-0.334534347,0.360935453,24.03221448,191.431015,800.0760574,-0.02245291,0.614831218
2019,7,90,0.411322027,0.042647697,-0.442537487,0.297122524,31.07210478,554.6087914,71.02749932,-0.868104565,0.530503539
2019,8,90,0.643291712,0.217556342,-0.552798808,0.440367942,28.26713491,309.8598027,554.6087914,1.083680146,0.725133885
2019,9,90,0.348767787,0.223440856,-0.231381536,0.457273878,26.6950765,264.3024006,309.8598027,-0.402635272,0.57691975
2020,6,90,0.508067429,0.081310309,-0.568198144,0.213479589,31.55878303,85.00080836,264.3024006,-0.39469592,0.577711455
2020,7,90,0.336018413,0.098131947,-0.25921908,0.328939363,29.17644645,292.4765586,85.00080836,-1.23034599,0.494381126
2020,8,90,0.502237201,0.241182387,-0.368609637,0.269880526,28.30348401,727.0373001,292.4765586,-0.036626918,0.613417798
2020,9,90,0.556712508,0.1875,-0.507382095,0.37088072,29.1759388,82.92681321,727.0373001,0.585730378,0.675478749
2021,6,90,0.455665857,0.073585324,-0.498238206,0.288692288,35.04584145,78.88274384,82.92681321,-0.692503358,0.548014345
2021,7,90,0.389907211,0.055889446,-0.415444493,0.239775155,30.21909597,653.9250069,78.88274384,-1.02558094,0.514800126
2021,8,90,0.351366282,0.305495441,-0.211506635,1.295601913,27.05920723,239.2831364,653.9250069,1.880303396,0.804572492
2021,9,90,0.685861111,0.173530906,-0.579731345,0.38736666,27.18446453,438.0605698,239.2831364,0.819085092,0.698748687
2022,6,90,0.412235558,0.020564971,-0.485190839,0.240713841,35.59979138,107.3617508,438.0605698,-0.879910778,0.529326234
2022,7,90,0.650897205,0.135547578,-0.561246514,0.391253187,29.4592165,583.925528,107.3617508,0.499458738,0.666875813
2022,8,90,0.642134607,0.161322147,-0.561007977,0.370213964,28.02067223,415.2786331,583.925528,0.801140928,0.69695931
2022,9,90,0.556591213,0.196480945,-0.466750324,0.404490033,27.05263561,172.8642597,415.2786331,0.443384327,0.661284119
2023,6,90,0.392534405,0.027049331,-0.393172264,0.271216888,32.52192629,195.5832901,172.8642597,-1.160883229,0.501307895
2023,7,90,0.240987539,0.036274105,-0.233197257,0.24538751,27.08228558,676.9693527,195.5832901,-1.716920673,0.445860304
2023,8,90,0.451807857,0.174093574,-0.371406436,0.477816611,27.39499536,400.650239,676.9693527,0.280963783,0.645087678
2023,9,90,0.69788301,0.180196032,-0.575233042,0.386879898,27.98003477,373.5117683,400.650239,0.933540844,0.710162119
2024,6,90,0.379605651,-0.015467199,-0.45773679,0.233962537,38.44477051,54.26678583,373.5117683,-1.23732112,0.493685572
2024,7,90,0.388740778,0.093188211,-0.340620577,0.361485046,28.54153686,421.4052448,54.26678583,-0.85341452,0.531968418
2024,8,90,0.195277676,0.084016167,-0.162234977,0.669724013,26.80718127,458.9717783,421.4052448,-0.789918342,0.538300204
2024,9,90,0.569529355,0.232714236,-0.468429625,0.362160991,27.40123783,228.6978304,458.9717783,0.53697568,0.670616971
2025,6,90,0.517102599,0.096328609,-0.537206948,0.353726516,35.07197497,101.4777764,228.6978304,-0.152599772,0.601853081
2025,8,90,0.590827107,0.194890648,-0.466856748,0.549827355,26.65230876,772.6318588,101.4777764,0.761448006,0.693001165
2025,9,90,0.623232365,0.192083612,-0.537680209,0.408949491,26.45749652,234.5199471,772.6318588,0.993982011,0.716189262
2019,7,91,-0.006556291,0.276210725,0.033098467,0.0107724,9.134881944,229.2085657,179.2495565,-2.476529037,0.37011279
2019,8,91,0.001393728,0.754043341,-0.017705383,0.031998809,10.9484375,163.6404901,229.2085657,-0.705269334,0.546741333
2019,9,91,0.019922879,0.748004556,-0.059412133,0.044391511,12.24838889,157.3507309,163.6404901,-0.617601309,0.555483515
2020,6,91,-0.024769772,0.900415301,-0.003088347,0.079393618,6.410731481,184.1114538,157.3507309,-0.188554144,0.598267741
2020,7,91,-0.00399991,0.882683098,-0.014436288,0.007208287,10.27441667,113.2691197,184.1114538,-0.380489373,0.57912812
2020,8,91,-0.001833154,0.334651381,0.010819595,0.039490494,12.42302778,296.9663033,113.2691197,-2.224640651,0.395230891
2020,9,91,0.009163582,0.774141312,-0.017861446,0.009801855,15.08597917,78.9845438,296.9663033,-0.696497941,0.547616009
2021,6,91,-0.047408063,0.779433072,0.033084948,-0.160775128,8.619694444,181.8518257,78.9845438,-1.332308186,0.484213541
2021,7,91,-0.043453787,0.19183892,0.058799025,0.08225287,10.71366667,263.858448,181.8518257,-2.7525907,0.342584151
2021,8,91,-0.011052632,0.180952385,0.018286312,-0.01369863,12.04036806,113.3781223,263.858448,-2.829249377,0.334939812
2021,9,91,-0.026390871,0.195698246,0.035146132,-0.024742019,11.67579861,329.5334396,113.3781223,-2.923984989,0.325492856
2022,6,91,-0.009478673,0.902561128,0.037988231,-0.016002134,8.9130625,169.8783648,329.5334396,-0.382251526,0.5789524
2022,7,91,0.001101322,0.182246789,0.022580646,0.070422535,11.76675463,259.9030352,169.8783648,-2.649461038,0.352868155
2022,8,91,-0.012798634,-0.072919227,0.003874301,-0.015587655,12.43603472,160.4060888,259.9030352,-3.646869526,0.253407412
2022,9,91,-0.04702495,-0.216572508,0.088235296,-0.052955798,13.61786806,116.0913594,160.4060888,-4.56744301,0.16160859
2023,6,91,-0.061500359,0.398182064,0.045000784,-0.108699735,7.192138889,334.0012779,116.0913594,-2.475129107,0.37025239
2023,7,91,0.002415459,0.174548149,-0.004234725,0.036166365,11.39269444,295.6997757,334.0012779,-2.570047954,0.360787162
2023,8,91,0.017675051,0.699310362,-0.043524988,0.019719199,13.72260417,164.5664868,295.6997757,-0.81133122,0.53616493
2023,9,91,-0.006781835,0.717680097,0.007994751,-0.010445314,11.91771528,160.8422813,164.5664868,-1.051501618,0.512215338
2024,6,91,-0.030608164,0.360113025,0.047059685,0.02292001,10.17125,96.45165539,160.8422813,-2.306564154,0.387061547
2024,7,91,0.028514257,0.818412721,-0.050486337,0.044790193,12.61559722,163.1518955,96.45165539,-0.429979537,0.574193002
2024,8,91,0.036497351,0.364971995,-0.034900919,0.04917699,12.67210417,223.5187395,163.1518955,-1.897379214,0.427865129
2024,9,91,0.03228309,0.366736531,-0.050408114,0.02852323,14.33647917,168.3423477,223.5187395,-1.903701439,0.427234682
2025,6,91,-0.02864364,0.330308288,0.045555554,-0.021665864,12.80104861,129.5127271,168.3423477,-2.517984178,0.365978918
2025,7,91,0.004731183,-0.059433438,0.034802783,0.007703081,13.17973611,275.2151279,129.5127271,-3.653530958,0.252743139
2025,8,91,-0.083136693,-0.233401328,0.103419289,-0.107529636,12.06759028,347.4965382,275.2151279,-4.721035696,0.146292456
2025,9,91,-0.062333509,-0.268681794,0.091258407,-0.061708347,14.25065972,175.2850418,347.4965382,-4.680239873,0.150360581
2018,6,92,0.365422398,0.049848944,-0.390695333,0.266437473,40.534242,70.94287825,103.8392944,-1.328845972,0.48455879
2019,6,92,0.384772509,0.067470267,-0.399063617,0.294529144,39.77425591,34.26346076,70.94287825,-1.164658596,0.500931418
2019,7,92,0.362906814,0.110711649,-0.335180432,0.289282997,29.10902874,433.9105816,34.26346076,-1.040222006,0.513340131
2019,8,92,0.542124629,0.206755072,-0.491677523,0.436953959,28.96742003,206.3439407,433.9105816,0.570804589,0.673990362
2019,9,92,0.494604766,0.232246652,-0.44282946,0.462183205,27.62586926,234.0273724,206.3439407,0.372748848,0.654240408
2020,6,92,0.29738754,0.055328798,-0.305998504,0.230324166,35.39404033,61.27323295,234.0273724,-1.594625138,0.458055513
2020,7,92,0.408875495,0.164737314,-0.400752574,0.325624485,29.56736439,198.7714186,61.27323295,-0.560780889,0.5611496
2020,8,92,0.541775048,0.197603732,-0.472372293,0.444293378,28.24155076,550.2060146,198.7714186,0.440906005,0.661036983
2020,9,92,0.509808242,0.188655734,-0.46987465,0.388078088,30.31012517,88.16805038,550.2060146,0.313159612,0.648298219
2021,6,92,0.384793609,0.089142218,-0.376411676,0.287666201,35.00911683,36.77243137,88.16805038,-1.089992674,0.508377042
2021,7,92,0.398126453,0.082747675,-0.366255134,0.280532446,29.71654381,534.6905956,36.77243137,-0.988523334,0.51849548
2021,8,92,0.454887211,0.167051584,-0.377777785,0.413983011,28.18012517,192.0608101,534.6905956,-0.001377515,0.616932839
2021,9,92,0.577901602,0.24639447,-0.502926588,0.466471703,27.60936022,499.9614201,192.0608101,0.796916324,0.696538036
2022,6,92,0.337129831,0.05942275,-0.371110082,0.23418455,36.64854659,62.86239994,499.9614201,-1.181562994,0.499245726
2022,8,92,0.574014366,0.200123966,-0.532824099,0.431631759,28.81067455,242.8957357,62.86239994,0.48152813,0.665087788
2022,9,92,0.624074757,0.237510756,-0.546755552,0.473164835,28.04479138,146.6851822,242.8957357,0.942172715,0.711022882
2023,6,92,0.411595583,0.108146936,-0.413627625,0.256528773,33.03659249,147.6263428,146.6851822,-0.865553455,0.530757934
2023,7,92,0.508815706,0.162070677,-0.447208643,0.365882789,29.30518776,411.3187065,147.6263428,-0.054244632,0.611660974
2023,8,92,0.614645839,0.239911661,-0.557023346,0.460507141,27.42570236,189.3356476,411.3187065,1.047390191,0.721515081
2023,9,92,0.541672528,0.22734347,-0.469944358,0.444560365,28.32753129,260.8893318,189.3356476,0.47007948,0.663946138
2024,6,92,0.28859508,0.038868416,-0.326986849,0.224803448,37.72788595,35.39009897,260.8893318,-1.648813296,0.452651915
2024,7,92,0.396858215,0.098581873,-0.361053586,0.294562834,30.09830088,367.0027161,35.39009897,-0.958963762,0.521443136
2024,8,92,0.654055715,0.20207721,-0.576642871,0.455200152,27.09426518,413.4244234,367.0027161,1.062929675,0.723064666
2024,9,92,0.640437603,0.205349579,-0.561061084,0.431475782,28.85191238,213.0993184,413.4244234,0.922118985,0.709023141
2025,6,92,0.354963064,0.063512184,-0.387941867,0.25445131,32.72174548,70.54212899,213.0993184,-1.172742126,0.500125335
2025,7,92,0.389635235,0.073680975,-0.336246908,0.288123419,28.28449699,501.4309721,70.54212899,-1.059032102,0.511464404
2025,8,92,0.589197636,0.153942421,-0.528471529,0.426373985,27.09448771,545.5187416,501.4309721,0.694162483,0.686291508
2025,9,92,0.511221945,0.139740452,-0.445887446,0.388525636,27.31989569,258.0234108,545.5187416,0.165973341,0.633620927
2019,6,93,0.547191381,0.088741653,-0.532209933,0.450685016,26.59350345,61.87219107,68.98198557,0.088319221,0.625877323
2019,7,93,0.021960013,0.123674914,-0.013654096,0.116440737,17.16173103,272.9143257,61.87219107,-2.74471793,0.343369217
2019,8,93,0.371427089,0.231546804,-0.29115954,0.519170129,18.91373793,195.9404111,272.9143257,0.012526109,0.618319297
2019,9,93,0.23662208,0.119328775,-0.225859925,0.261940022,20.39831034,189.435503,195.9404111,-1.443416996,0.473133863
2020,6,93,0.596566498,0.094849497,-0.562428415,0.476516969,24.01689655,67.19046451,189.435503,0.453027905,0.662245769
2020,7,93,0.253904402,0.107139908,-0.224741802,0.391216958,20.58745517,161.0100226,67.19046451,-1.252743944,0.492147621
2020,8,93,0.432389468,0.155886695,-0.361198872,0.451887653,18.46882759,382.6698132,161.0100226,-0.116389676,0.605463922
2020,9,93,0.665959954,0.135388747,-0.579324067,0.426487496,23.73697241,74.31194448,382.6698132,0.794316387,0.696278772
2021,6,93,0.382088214,0.044683482,-0.369839907,0.360342359,24.84392414,66.16704178,74.31194448,-0.974540165,0.51988987
2021,7,93,0.626484931,0.12378902,-0.533054411,0.475465563,19.06282069,362.1449618,66.16704178,0.586758005,0.675581223
2021,8,93,-0.017228829,0.184210524,0.049072552,0.460526316,18.2872,144.7712913,362.1449618,-1.871425023,0.430453259
2021,9,93,0.007746933,0.032919768,0.006049029,0.126874279,16.81737241,397.7624054,144.7712913,-3.020726814,0.315845841
2022,6,93,0.476285368,0.018561805,-0.499595135,0.384788769,27.51248966,77.73243058,397.7624054,-0.325306308,0.584630929
2022,8,93,0.443797231,0.185557604,-0.338553727,0.557899586,17.85206207,187.0121665,77.73243058,0.10401315,0.627442308
2022,9,93,-0.005904353,0.21157825,0.016661361,0.141665295,20.38098621,109.702111,187.0121665,-2.523572663,0.365421639
2023,6,93,0.415432572,0.021978023,-0.455711424,0.353459995,23.02313793,145.1315398,109.702111,-0.728968227,0.544378099
2023,7,93,0.6426332,0.20232971,-0.566517174,0.558716315,19.98901609,393.1350555,145.1315398,1.189769966,0.735713074
2023,8,93,0.810418427,0.267563522,-0.666666687,0.586254613,17.44522069,199.5259695,393.1350555,2.217827252,0.83823009
2023,9,93,0.783780158,0.20685488,-0.657240808,0.589975344,20.5129931,247.3766632,199.5259695,1.793742065,0.795940669
2024,6,93,0.31779471,-0.120287254,-0.418918908,0.235282405,27.69682759,36.96013799,247.3766632,-1.75693598,0.441870011
2024,7,93,0.288629353,0.099115394,-0.239450827,0.432918739,21.34245057,231.6434393,36.96013799,-1.091597201,0.50821704
2024,9,93,0.536395907,0.13131927,-0.460405916,0.392912558,20.40856552,211.4860792,272.7204825,0.144148421,0.631444564
2025,6,93,0.492918253,0.006373052,-0.513402164,0.394432917,21.93568276,61.56873821,211.4860792,-0.325135082,0.584648004
2025,8,93,0.184361354,0.142322615,-0.147424176,0.04026917,18.56403218,430.8795776,335.5262091,-1.996041641,0.418026593
2025,9,93,0.453298151,0.111850165,-0.343414634,0.469361611,18.71457241,196.0580826,430.8795776,-0.093068226,0.607789518
2019,7,94,0.480920404,0.077393822,-0.552464843,0.238966716,29.43985994,494.8534431,109.3833941,-0.436380342,0.573554719
2019,8,94,0.642516255,0.225142851,-0.508967698,0.348569076,27.07729925,348.638279,494.8534431,0.786833807,0.695532616
2019,9,94,0.075089641,0.149969369,-0.046108596,0.269337658,24.90413165,235.3473454,348.638279,-2.05400278,0.412246757
2020,6,94,0.40045625,0.106949411,-0.460074008,0.179006288,29.84789216,122.5034627,235.3473454,-0.864216864,0.530891218
2020,7,94,0.472681075,0.152650818,-0.467132062,0.294992268,27.85364846,364.0661867,122.5034627,-0.280027363,0.589146108
2020,8,94,0.589233637,0.180992156,-0.517250001,0.320650402,25.75714753,574.2904396,364.0661867,0.461856921,0.663126191
2020,9,94,0.594536901,0.191691399,-0.513187647,0.304660251,27.57492297,62.98462382,574.2904396,0.470790586,0.664017049
2021,6,94,0.483675033,0.062883437,-0.570739567,0.226504996,30.28664566,122.3499947,62.98462382,-0.57660524,0.559571609
2021,7,94,0.41440165,0.078198679,-0.4322972,0.244102777,26.92053455,624.6918964,122.3499947,-0.785824562,0.538708433
2021,8,94,-0.041318115,0.12237981,0.063102722,1.070529136,25.19845938,203.0131836,624.6918964,-0.731335952,0.544141992
2021,9,94,0.710048139,0.218959987,-0.62958473,0.348577518,25.49901261,235.9664688,203.0131836,1.013928672,0.718178326
2022,6,94,0.441964298,0.066923447,-0.528994083,0.236138038,33.84665266,100.0628624,235.9664688,-0.672724866,0.54998664
2022,7,94,0.607934654,0.170441672,-0.553551316,0.31980194,27.5865733,556.3015194,100.0628624,0.360175312,0.652986586
2022,8,94,0.739514351,0.215299204,-0.654766917,0.347222222,25.89651261,398.1430645,556.3015194,1.370052194,0.753690667
2022,9,94,0.651690185,0.238501966,-0.575510204,0.339288897,25.60579132,159.9435165,398.1430645,0.908921982,0.707707147
2023,6,94,0.397969037,0.091398828,-0.399172038,0.283672704,29.83904762,216.2292557,159.9435165,-0.863319235,0.530980728
2023,7,94,0.548165262,0.144864202,-0.544482112,0.254215826,26.72020308,683.4324856,216.2292557,0.087697258,0.625815301
2023,8,94,0.630585134,0.207347766,-0.523358464,0.336064516,24.59039683,459.4425926,683.4324856,0.879025689,0.704725913
2023,9,94,0.726765811,0.247817323,-0.662639797,0.329864599,26.52742297,249.5375977,459.4425926,1.333140486,0.750009863
2024,6,94,0.433125794,0.053264067,-0.496491909,0.25550017,35.53594538,64.85965557,249.5375977,-0.791481533,0.538144324
2024,7,94,0.391274631,0.151349157,-0.338229746,0.234404753,26.98536881,537.7669029,64.85965557,-0.89032744,0.528287493
2024,8,94,0.68936497,0.208207935,-0.609916151,0.361078828,26.36672269,392.2499072,537.7669029,1.143084897,0.731057678
2024,9,94,0.439175695,0.162358791,-0.37676391,0.373542581,25.77513305,155.6583835,392.2499072,-0.208497663,0.59627899
2025,6,94,0.533007324,0.094479598,-0.592380941,0.296608728,30.29121382,201.2644089,155.6583835,-0.085021626,0.608591918
2025,8,94,0.684556425,0.237329036,-0.577435911,0.375480615,25.28871148,833.9487839,201.2644089,1.076019294,0.724369952
2025,9,94,0.556448698,0.234299108,-0.48468855,0.326510446,24.36971755,160.2705059,833.9487839,0.732132806,0.690077877
2019,6,95,0.290475667,-0.076963209,-0.405463219,0.192737921,43.55178771,32.28010553,63.89817142,-2.112198014,0.406443577
2019,7,95,0.249529183,-0.065328404,-0.337265402,0.202707785,33.81017691,464.7480431,32.28010553,-2.113185073,0.406345148
2019,8,95,0.433638126,0.035477996,-0.435452312,0.31655587,31.48183659,224.7989845,464.7480431,-0.642583142,0.552992348
2019,9,95,0.380092829,0.051867973,-0.382231414,0.312273473,28.48842877,287.6142044,224.7989845,-0.939369043,0.523397105
2020,6,95,0.316408098,-0.052293111,-0.425661922,0.206581128,37.34138268,57.94214273,287.6142044,-1.672640431,0.450275893
2020,7,95,0.383634061,-0.016392276,-0.435803801,0.277072115,32.11735335,211.3581258,57.94214273,-1.274665439,0.489961628
2020,8,95,0.437737852,0.003592868,-0.459318906,0.291696022,30.16044693,610.3893261,211.3581258,-0.802895238,0.537006159
2020,9,95,0.435279191,-0.056320399,-0.471536696,0.264364715,31.5050419,92.57804181,610.3893261,-0.910106845,0.526315107
2021,6,95,0.297990263,-0.044183228,-0.409091711,0.201365581,37.6777514,33.18552876,92.57804181,-1.867183096,0.43087626
2021,7,95,0.309701502,-0.045060363,-0.456021637,0.205505279,30.61875698,528.6216888,33.18552876,-1.574269296,0.46008538
2021,8,95,0.362275451,0.07173913,-0.386490613,0.311088102,30.15962989,219.2848969,528.6216888,-0.749566346,0.542324072
2021,9,95,0.592018902,0.099746101,-0.592490315,0.403683497,28.43378492,617.6865807,219.2848969,0.442798094,0.661225661
2022,6,95,0.404807687,-0.01183632,-0.479493678,0.266118837,39.00093575,64.98036206,617.6865807,-0.900678228,0.527255321
2022,8,95,0.578380287,0.080840349,-0.571231484,0.403123884,31.09451816,284.4584217,64.98036206,0.102657725,0.627307146
2022,9,95,0.526126742,0.130962819,-0.465693474,0.401486619,29.16686453,147.0433069,284.4584217,0.036439746,0.620703945
2023,6,95,0.478672981,-0.009174312,-0.536525309,0.302435454,34.6739176,133.2932158,147.0433069,-0.74180093,0.543098433
2023,7,95,0.535496294,0.094467744,-0.480280936,0.311751945,31.63137803,449.4423237,133.2932158,-0.292930281,0.58785944
2023,8,95,0.602127671,0.134160087,-0.592307687,0.391673144,29.30324721,209.5350704,449.4423237,0.603993908,0.677299973
2023,9,95,0.618880749,0.127670676,-0.568940043,0.411450785,29.24333101,399.7545414,209.5350704,0.496045203,0.666535418
2024,6,95,0.422720611,-0.033884697,-0.511134148,0.260234168,39.58598464,34.23858566,399.7545414,-1.022652702,0.515092128
2024,7,95,0.4334656,0.012474603,-0.430403978,0.305836827,33.01445065,370.4573355,34.23858566,-1.01393988,0.515960963
2024,8,95,0.53290993,0.042812254,-0.550364971,0.321737312,29.13579143,391.0010366,370.4573355,-0.115173889,0.605585159
2024,9,95,0.57284236,0.124929897,-0.563070834,0.346907372,29.29755587,254.1713947,391.0010366,0.314293306,0.64841127
2025,6,95,0.343598455,-0.036764562,-0.428416163,0.229702653,35.54770251,62.37173505,254.1713947,-1.501764583,0.46731549
2025,7,95,0.433656961,0.06768427,-0.42291221,0.295849279,28.89092179,491.2784567,62.37173505,-0.775927474,0.539695362
2025,8,95,0.530511379,0.098629601,-0.505010724,0.355737657,28.21930168,564.3207607,491.2784567,0.154461973,0.632473023
2025,9,95,0.530294299,0.060587883,-0.542308807,0.363873587,29.02562849,272.6205692,564.3207607,0.110824742,0.628121555
2019,7,96,0.570967376,0.072053209,-0.507637024,0.426610081,27.1021547,114.9966297,45.1382488,-0.037384663,0.613342236
2019,8,96,0.718973875,0.187802032,-0.581611454,0.574048126,26.57812155,138.9759846,114.9966297,1.224778372,0.739204083
2019,9,96,0.590564668,0.065907083,-0.530724049,0.383648934,28.00993785,165.0989437,138.9759846,0.001887301,0.617258404
2020,6,96,0.574326396,0.052560475,-0.555300534,0.3201089,31.01078729,46.38940035,165.0989437,-0.204700334,0.596657657
2020,7,96,0.476709694,0.011116497,-0.443635225,0.344612493,32.45877072,75.01863962,46.38940035,-0.851899518,0.532119493
2020,8,96,0.406323195,0.004410838,-0.397730589,0.260521852,29.78496547,155.4212055,75.01863962,-1.253680805,0.492054198
2020,9,96,0.365463853,-0.075678937,-0.38342002,0.172627296,30.46499309,67.63242032,155.4212055,-1.812614379,0.436317807
2021,6,96,0.499097019,0.028989162,-0.470235258,0.348708902,32.06777624,35.10641313,67.63242032,-0.661482581,0.551107711
2021,7,96,0.455331415,0.008809811,-0.426553667,0.353387315,29.34669199,171.5161991,35.10641313,-0.875916931,0.529724497
2021,8,96,0.296050191,-0.098175369,-0.315278381,0.171843798,31.20203039,67.36055946,171.5161991,-2.200782955,0.39760996
2021,9,96,0.319932133,-0.082993716,-0.326943099,0.204194863,29.64069751,178.8245468,67.36055946,-2.022593646,0.41537885
2022,6,96,0.265224963,-0.079232998,-0.313548386,0.189884681,33.0723826,42.05355966,178.8245468,-2.193099096,0.398376188
2022,7,96,0.305284768,-0.073730201,-0.307969153,0.225157042,28.88187845,129.2273002,42.05355966,-2.038448161,0.413797851
2022,8,96,0.50098449,0.033247586,-0.442196518,0.368687837,28.47491022,120.7289615,129.2273002,-0.564928669,0.560735987
2022,9,96,0.266883045,-0.120417327,-0.313337922,0.152152882,28.18845994,111.5505095,120.7289615,-2.371294022,0.380606739
2023,6,96,0.471389651,0.060127098,-0.434262961,0.379165141,27.23349448,91.70297813,111.5505095,-0.536675239,0.563553396
2023,7,96,0.628514647,0.133920506,-0.519078314,0.524761911,25.51661602,168.1005592,91.70297813,0.596627067,0.676565358
2023,8,96,0.612132788,0.138064921,-0.55687803,0.448075451,26.09004834,125.8367023,168.1005592,0.527397114,0.669661805
2023,9,96,0.525606453,0.065311499,-0.491707742,0.368381213,27.28642956,170.777626,125.8367023,-0.265318554,0.590612858
2024,6,96,0.542323351,0.074647531,-0.512133777,0.437125258,29.6361326,24.94038773,170.777626,-0.028665149,0.614211739
2024,7,96,0.529832959,0.05793035,-0.482766598,0.386894388,28.51411602,89.34289932,24.94038773,-0.355657547,0.581604329
2024,8,96,0.474040627,0.027537372,-0.445889831,0.311067699,26.26390193,127.8951151,89.34289932,-0.756372483,0.54164537
2024,9,96,0.45265606,0.0003085,-0.413069218,0.234910349,27.40082182,180.9542345,127.8951151,-1.118625629,0.505521787
2025,6,96,0.496965289,0.081426121,-0.492616802,0.357579569,29.00884669,42.83589885,180.9542345,-0.308303494,0.586326436
2025,7,96,0.348171711,-0.022953067,-0.342480212,0.24448331,27.41236648,154.8108362,42.83589885,-1.6277523,0.4547521
2025,8,96,0.493863225,0.001371205,-0.430028319,0.319543186,27.20879144,243.1374769,154.8108362,-0.767387313,0.54054698
2025,9,96,0.569702327,0.100563154,-0.539700806,0.36646434,24.22695442,161.8262696,243.1374769,0.167198693,0.633743118
2019,7,97,0.295745164,0.156993181,-0.279046178,0.316276889,22.01929825,328.6640501,76.46572921,-1.011048119,0.516249327
2019,8,97,0.000872347,0.170551583,0.010350776,0.16489765,20.93347415,246.6266623,328.6640501,-2.470763613,0.370687714
2019,9,97,0.724467456,0.155876637,-0.644874871,0.544590773,22.97469529,172.1734295,246.6266623,1.349177849,0.751609095
2020,6,97,0.706859827,0.124927394,-0.689673722,0.410407568,26.99915512,86.61729491,172.1734295,0.904264103,0.707242667
2020,7,97,-0.011309374,0.129594445,0.024547484,0.51987397,22.989012,183.3107555,86.61729491,-2.075058285,0.41014712
2020,8,97,0.403973401,0.199890897,-0.33740586,0.23704914,21.33306094,441.7656803,183.3107555,-0.571306616,0.560099984
2020,9,97,0.280127704,0.112858467,-0.261336833,0.49416634,25.34032548,62.15288544,441.7656803,-0.709144051,0.546354949
2021,6,97,0.683257937,0.092992507,-0.631221235,0.511171293,27.06888504,79.43311501,62.15288544,0.759196069,0.692776603
2021,7,97,0.725075483,0.200380027,-0.648300052,0.600840953,20.4241482,403.730402,79.43311501,1.604536381,0.777073235
2021,8,97,0.429345638,0.146004766,-0.362475425,0.491832434,20.25463296,165.8841467,403.730402,0.020872779,0.61915162
2021,9,97,0.228686884,0.079765461,-0.206020206,0.508875254,20.56707064,302.8352346,165.8841467,-1.093989378,0.507978494
2022,6,97,0.461746186,-0.044565376,-0.504565656,0.328972682,29.20259695,105.2938998,302.8352346,-0.753331731,0.541948591
2022,7,97,0.003243017,0.064609237,0.018122248,0.016250786,19.8356602,364.9467864,105.2938998,-3.266193089,0.291368149
2022,8,97,0.863036633,0.294151872,-0.738518655,0.719951083,21.45789474,226.5207148,364.9467864,2.822605223,0.898538046
2022,9,97,0.033883579,0.10063035,0.0041841,0.059252011,22.31509695,108.7910662,226.5207148,-2.958379815,0.322063032
2023,6,97,0.264098883,0.058624104,-0.272102237,1.002487933,24.39046399,206.4812756,108.7910662,0.053028426,0.622358154
2023,7,97,0.784402728,0.212101892,-0.691874027,0.613881671,22.15812789,430.0465088,206.4812756,1.967145544,0.813232319
2023,8,97,0.365450352,0.153951287,-0.303142905,0.311485346,19.7499169,238.8015261,430.0465088,-0.591884585,0.558047966
2023,9,97,0.6159091,0.06301792,-0.620051265,0.444126074,23.38122576,199.9339752,238.8015261,0.519260058,0.668850384
2024,6,97,0.476853669,-0.040061954,-0.526393175,0.358704023,31.87777008,47.96580606,199.9339752,-0.697563088,0.547509793
2024,7,97,0.734646976,0.154773027,-0.648684204,0.586268454,21.75182133,235.3758912,47.96580606,1.372461009,0.753930872
2024,8,97,0.706428707,0.249833271,-0.623072922,0.715233986,22.21766851,330.1067332,235.3758912,1.980984061,0.814612284
2024,9,97,0.439457864,0.143871874,-0.380281806,0.649178113,22.90684903,191.8872759,330.1067332,0.350274341,0.651999269
2025,6,97,0.61310178,0.056283288,-0.597348809,0.458294991,23.41966066,81.95483051,191.8872759,0.41499698,0.658453357
2025,8,97,0.042052042,0.060758222,-0.026357342,0.120426614,21.72171745,538.7485523,81.95483051,-2.863661824,0.331508231
2025,9,97,0.535416365,-0.033845607,-0.582823157,0.345441609,20.93230609,203.7848568,538.7485523,-0.065266297,0.610561903
2019,6,98,0.647801101,0.107229069,-0.590402246,0.395562961,38.96147373,44.47644204,79.05183554,0.232476891,0.640252606
2019,7,98,0.639035225,0.166074947,-0.543200195,0.486820985,30.26532078,586.6453476,44.47644204,0.694266059,0.686301837
2019,8,98,0.818616271,0.340363741,-0.689085662,0.787263001,30.05593445,277.9417963,586.6453476,2.951617369,0.91140303
2019,9,98,0.862254739,0.351777494,-0.755213082,0.784224524,27.80876801,297.3525372,277.9417963,3.073886608,0.923595616
2020,6,98,0.455708653,0.091512918,-0.587096751,0.433358293,34.40255927,73.24758607,297.3525372,0.036773849,0.620737261
2020,7,98,0.420621902,0.096278563,-0.438384414,0.42475509,30.17868898,290.9910942,73.24758607,-0.437834217,0.57340974
2020,8,98,0.577552438,0.110330187,-0.515078843,0.377346854,28.72525337,655.7854376,290.9910942,0.254093601,0.642408206
2020,9,98,0.639991224,0.203236252,-0.610680461,0.494209671,30.2592887,99.73230909,655.7854376,1.280559906,0.744766571
2021,6,98,0.407052994,0.043986864,-0.442119569,0.258065914,34.98007671,45.13999653,99.73230909,-1.092466861,0.508130318
2021,7,98,0.490498215,0.129337534,-0.495490849,0.365166655,30.18642957,668.7969971,45.13999653,-0.114272056,0.605675089
2021,8,98,0.111831442,0.130812153,-0.071038254,0.37311698,28.61869828,233.5553932,668.7969971,-1.597736749,0.457745226
2021,9,98,0.812553763,0.267588705,-0.711091995,0.67553469,27.32746165,610.3136253,233.5553932,2.382222098,0.854623407
2022,6,98,0.538740933,0.064565718,-0.55281502,0.341190436,36.21274059,87.85805833,610.3136253,0.018973062,0.618962182
2022,8,98,0.853375971,0.269611537,-0.739726782,0.725423918,29.29085774,295.3240204,87.85805833,2.477165689,0.864091103
2022,9,98,0.687502801,0.252146006,-0.583147109,0.68486291,28.07567643,204.5798283,295.3240204,1.724984688,0.78908424
2023,6,98,0.636137068,0.068348251,-0.623995066,0.392361111,32.51272664,166.6318474,204.5798283,0.333643986,0.650340904
2023,7,98,0.778834701,0.187394097,-0.657311678,0.565011212,28.66433752,645.0222263,166.6318474,1.619491199,0.778564517
2023,8,98,0.836806297,0.304715842,-0.721274436,0.661568342,27.79523013,250.0500755,645.0222263,2.731103547,0.889413575
2023,9,98,0.865623891,0.337485045,-0.76413554,0.705323562,28.43574616,393.5712681,250.0500755,2.874845105,0.903747363
2024,6,98,0.67795527,0.077534795,-0.657298267,0.392502756,37.05585774,41.91237776,393.5712681,0.570302437,0.673940288
2024,7,98,0.480790585,0.217692092,-0.390159458,0.66249284,30.03383078,459.5390444,41.91237776,0.522703912,0.669193802
2024,8,98,0.881315827,0.303635269,-0.757381022,0.694110475,28.31963738,449.4922211,459.5390444,2.898805434,0.906136667
2024,9,98,0.740565717,0.24806346,-0.654011548,0.617499902,28.70701534,279.5942568,449.4922211,1.949298958,0.811452672
2025,6,98,0.442934126,0.073263206,-0.420873344,0.367562118,31.74629707,79.16927622,279.5942568,-0.566447105,0.56058457
2025,7,98,0.815324187,0.283511609,-0.679389298,0.769658754,28.46607159,659.5720384,79.16927622,2.472735777,0.863649356
2025,8,98,0.857970953,0.300360382,-0.737755835,0.745406072,28.25688982,625.1620188,659.5720384,3.064122574,0.922621955
2025,9,98,0.828571439,0.270675361,-0.752858162,0.624276411,28.11198745,343.0458679,625.1620188,2.594530174,0.875794592
2019,6,99,0.429891318,-0.005036808,-0.477790445,0.272214288,39.60678354,65.97416664,113.7654142,-1.135788492,0.503810321
2019,7,99,0.299699694,-0.036431883,-0.343596071,0.198527949,31.39907901,650.4819946,65.97416664,-1.813738452,0.436205716
2019,8,99,0.617301643,0.174781516,-0.533379197,0.471925368,28.77719495,325.7671986,650.4819946,0.964744346,0.713273706
2019,9,99,0.52058655,0.167973384,-0.407098114,0.42419073,27.57588359,277.7580147,325.7671986,0.130802811,0.630113751
2020,6,99,0.484162897,0.036499139,-0.551900148,0.273077747,33.98931276,98.40843667,277.7580147,-0.522788428,0.564938177
2020,7,99,0.345841795,0.068739772,-0.290228486,0.318197722,30.06258532,320.8214375,98.40843667,-1.254309224,0.491991532
2020,8,99,0.615400434,0.161306486,-0.52488029,0.454059553,28.94548387,753.5401917,320.8214375,0.733630308,0.690227207
2020,9,99,0.602901816,0.133681402,-0.528454483,0.30536045,29.45185835,97.43858541,753.5401917,0.428479904,0.659797863
2021,6,99,0.371590912,-0.051751591,-0.432136327,0.217141264,37.10545582,69.96483421,97.43858541,-1.625468955,0.454979793
2021,7,99,0.330033004,-0.043512657,-0.407450527,0.193297311,31.07405797,737.3770714,69.96483421,-1.607925504,0.456729211
2021,8,99,0.217379123,0.144625962,-0.176733777,0.496283982,27.53320243,265.943882,737.3770714,-0.737972835,0.543480167
2021,9,99,0.722222209,0.163434908,-0.62724936,0.393407762,27.23556101,522.3871918,265.943882,1.023042109,0.719087111
2022,6,99,0.469245732,0.033485442,-0.534409821,0.293806454,36.40105189,111.5280554,522.3871918,-0.436135236,0.573579161
2022,7,99,0.14032869,0.066824362,-0.085765876,0.386221294,29.55458626,716.3720322,111.5280554,-1.94849908,0.422767498
2022,8,99,0.754755616,0.196328804,-0.648611486,0.497991813,27.91720664,344.1595936,716.3720322,1.72114608,0.788701457
2022,9,99,0.565616786,0.206662551,-0.458435208,0.434725962,27.20202665,222.3324904,344.1595936,0.507445478,0.667672244
2023,6,99,0.573058128,0.08933609,-0.560669482,0.366650448,31.8330575,225.6485758,222.3324904,0.091245879,0.626169167
2023,7,99,0.551059723,0.126290709,-0.433659852,0.263869785,26.79464703,750.7996864,225.6485758,-0.190456821,0.598078008
2023,8,99,0.076531909,0.082799859,-0.068202846,0.418680434,27.75275596,341.6915874,750.7996864,-1.657312677,0.451804364
2023,9,99,0.771511197,0.227156475,-0.671214163,0.423715352,27.8057223,363.2028656,341.6915874,1.521703386,0.768813198
2024,6,99,0.329696983,-0.096022502,-0.477490783,0.184892975,38.77342216,55.16476122,363.2028656,-1.685939205,0.44894975
2024,7,99,0.562711358,0.123730712,-0.483390659,0.460964055,28.72863488,469.7802124,55.16476122,0.191461811,0.636162616
2024,8,99,0.76098752,0.24526976,-0.652432323,0.537735917,28.1899252,485.7876986,469.7802124,1.865221362,0.803068524
2024,9,99,0.555367947,0.163030431,-0.465886295,0.429388294,27.77256662,289.6631381,485.7876986,0.440238526,0.660970423
2025,6,99,0.391975313,-0.005147059,-0.458085448,0.25557435,33.52291725,101.6912088,289.6631381,-1.108629257,0.506518617
2025,7,99,0.571428597,0.130524158,-0.501364887,0.445599703,31.4369986,730.853549,101.6912088,0.288661071,0.645855245
2025,8,99,0.670400023,0.25433293,-0.509397566,0.293966324,28.0942777,758.8148422,730.853549,1.041528153,0.720930524
2025,9,99,0.656059146,0.182848692,-0.58718425,0.408375469,26.7015381,310.4375572,758.8148422,1.153905808,0.73213673
2019,7,100,0.339621544,0.095992915,-0.344871432,0.358481488,27.02491667,225.0726423,63.75418824,-0.961570753,0.521183169
2019,8,100,0.694130301,0.184265018,-0.5860852,0.54519308,25.65107639,203.4859939,225.0726423,1.199132104,0.736646658
2019,9,100,0.627998471,0.107234351,-0.588915944,0.363543736,24.46248611,146.2758675,203.4859939,0.395469421,0.656506085
2020,6,100,0.463384151,0.091096871,-0.566360772,0.227365378,28.42815972,69.15674164,146.2758675,-0.470507341,0.570151603
2020,7,100,0.485148519,0.087187886,-0.515151501,0.331798638,27.02132639,139.9140953,69.15674164,-0.343718951,0.582794836
2020,8,100,0.718858182,0.222840145,-0.64274621,0.520371254,25.93919444,317.3416896,139.9140953,1.426730125,0.759342544
2020,9,100,0.615539193,0.062555067,-0.611760795,0.351878087,25.57254861,59.67428493,317.3416896,0.287727886,0.645762189
2021,6,100,0.466844916,0.134611502,-0.53884995,0.296989284,28.68222222,62.90838814,59.67428493,-0.288256143,0.588325541
2021,7,100,0.441915542,0.098548807,-0.496318519,0.285279391,25.57854167,312.0256052,62.90838814,-0.498451224,0.567365063
2021,8,100,0.406269222,0.138902888,-0.360560685,0.350658916,23.40428472,127.1785078,312.0256052,-0.472853177,0.569917679
2021,9,100,0.652994454,0.150447458,-0.622605801,0.370342637,23.59713889,253.7415094,127.1785078,0.673128097,0.684193977
2022,6,100,0.422649145,0.069352083,-0.50122118,0.277261873,29.64268056,76.62856996,253.7415094,-0.622551998,0.554989837
2022,7,100,0.449999988,0.137254909,-0.426229507,0.108733954,25.08770833,293.3329349,76.62856996,-0.895470216,0.527774659
2022,8,100,0.885828495,0.336797357,-0.772812724,0.722882831,24.53107639,183.472343,293.3329349,3.009983293,0.917223231
2022,9,100,0.750859082,0.224759609,-0.692599595,0.50289616,23.42271528,85.51448584,183.472343,1.594891718,0.776111478
2023,6,100,0.560624897,0.151080191,-0.568896055,0.409144584,25.64611806,164.1298733,85.51448584,0.363082107,0.653276449
2023,7,100,0.707496345,0.230042383,-0.662538171,0.474244038,25.18842361,317.5857582,164.1298733,1.395844747,0.756262679
2023,8,100,0.737406015,0.253603518,-0.663430929,0.463135957,22.51856944,187.7771573,317.5857582,1.620504183,0.778665531
2023,9,100,0.723451316,0.232887968,-0.673469365,0.478647491,24.22904861,185.6681519,187.7771573,1.476159877,0.764271637
2024,6,100,0.51460278,0.102740452,-0.565766931,0.329864066,29.06320139,35.93771315,185.6681519,-0.086016935,0.608492666
2024,7,100,0.257412493,0.074752085,-0.272891134,0.335249672,27.22939583,174.5941525,35.93771315,-1.462588233,0.471222123
2024,8,100,0.716894984,0.214862674,-0.659128487,0.473283593,24.19571528,238.7254536,174.5941525,1.358863485,0.752574939
2024,9,100,0.786800981,0.225700319,-0.707402229,0.494121197,24.26672222,166.2170243,238.7254536,1.731829065,0.789766756
2025,6,100,0.567433774,0.128119797,-0.587070882,0.379090326,25.15622222,63.2623842,166.2170243,0.314662812,0.648448117
2025,8,100,0.833758891,0.238314182,-0.739504814,0.572681216,22.79678704,399.1966438,63.2623842,2.080314797,0.824517463
2025,9,100,0.58665216,0.025249841,-0.601624906,0.319920249,22.43488889,172.5939102,399.1966438,0.119213081,0.628958033
2019,7,101,0.413600206,0.101797804,-0.356251538,0.375591843,28.42946528,172.5596552,61.52907819,-0.746167657,0.542662986
2019,8,101,0.720186174,0.163695961,-0.609689713,0.504976342,26.08720139,136.4247901,172.5596552,1.103018484,0.727062288
2019,9,101,0.689431369,0.155624777,-0.617776513,0.425582549,26.19385417,131.456274,136.4247901,0.828666657,0.699704153
2020,6,101,0.742997229,0.155913308,-0.68747437,0.396347512,30.40816667,58.524684,131.456274,0.976115161,0.714407595
2020,7,101,0.658385098,0.115881458,-0.574290931,0.473137478,29.62541667,99.01915783,58.524684,0.532399857,0.670160674
2020,8,101,0.715866387,0.121112421,-0.610136569,0.455870451,27.01993056,220.9660206,99.01915783,0.803925047,0.69723694
2020,9,101,0.752869666,0.162041187,-0.652976751,0.436416298,26.51014583,48.21034098,220.9660206,1.127388665,0.729492462
2021,6,101,0.649932861,0.14878504,-0.587293386,0.457310162,30.54354861,56.2320652,48.21034098,0.593043216,0.676207979
2021,7,101,0.619021893,0.117108621,-0.553098381,0.428773379,27.99816667,240.0448446,56.2320652,0.350096003,0.651981485
2021,8,101,0.644399405,0.114087954,-0.567558587,0.40459263,27.06991667,88.65416718,240.0448446,0.472414567,0.664178991
2021,9,101,0.662054598,0.093911134,-0.587960839,0.360536856,25.73267361,225.7245464,88.65416718,0.344519083,0.65142536
2022,6,101,0.558667898,0.039219756,-0.539419115,0.337013255,31.26383333,61.47370601,225.7245464,-0.245922896,0.592546977
2022,7,101,0.689149559,0.155571774,-0.588367999,0.52186377,26.86675926,216.724679,61.47370601,0.932060975,0.710014548
2022,8,101,0.812315166,0.220130339,-0.670798242,0.58790332,26.28829861,127.8740168,216.724679,1.841933668,0.800746295
2022,9,101,0.740062237,0.158573076,-0.655921042,0.430767374,24.893125,74.64759922,127.8740168,1.050014802,0.721776805
2023,6,101,0.680228472,0.161205664,-0.571791708,0.520573177,26.60673611,140.0259647,74.64759922,0.885590258,0.705380527
2023,7,101,0.757355869,0.207629278,-0.640955925,0.555638554,25.76088889,237.5462227,140.0259647,1.519678219,0.76861125
2023,8,101,0.764007449,0.191271126,-0.6624282,0.490230989,24.82193056,140.5082302,237.5462227,1.439760631,0.760641935
2023,9,101,0.726027369,0.17339246,-0.649355412,0.432619427,24.62780556,145.2797461,140.5082302,1.082653853,0.725031544
2024,6,101,0.652261734,0.115679398,-0.600764334,0.445292901,30.1215,32.27053118,145.2797461,0.554322734,0.672346805
2024,7,101,0.666833758,0.120439187,-0.598674834,0.44641537,27.61196528,130.3251638,32.27053118,0.579965967,0.674903927
2024,8,101,0.763117492,0.174810871,-0.645946741,0.486445253,24.49972685,169.5930928,130.3251638,1.278624502,0.744573574
2024,9,101,0.729548633,0.1201327,-0.641765893,0.393019547,25.47705556,150.4789667,169.5930928,0.816253354,0.698466308
2025,6,101,0.676695585,0.165008575,-0.609397948,0.500679143,25.05754167,53.47338957,150.4789667,0.985285553,0.715322058
2025,8,101,0.786619484,0.209497213,-0.664927244,0.508652234,23.53327083,304.6726127,53.47338957,1.530181592,0.769658638
2025,9,101,0.713005304,0.089509301,-0.665135741,0.359956912,22.82201389,115.0246778,304.6726127,0.771305294,0.693984125
2019,7,102,0.290216833,-0.07561776,-0.339284271,0.201568359,30.26342837,145.5913982,55.11166674,-2.061338096,0.411515285
2019,8,102,0.561004102,-0.020692181,-0.478573412,0.365250574,29.6805007,174.26473,145.5913982,-0.529830102,0.564235987
2019,9,102,0.435955316,-0.077704355,-0.445092261,0.256110682,31.42531989,168.4323711,174.26473,-1.316536642,0.485786266
2020,6,102,0.485729039,-0.084250316,-0.52382344,0.223583357,33.9402573,62.08967459,168.4323711,-1.171811272,0.500218159
2020,7,102,0.427450985,-0.102118723,-0.43721357,0.268982536,34.62639777,112.3128356,62.08967459,-1.528021462,0.464697176
2020,8,102,0.480377257,-0.090556793,-0.452320188,0.304825105,31.77154381,206.4076176,112.3128356,-1.173776306,0.500022208
2020,9,102,0.47379455,-0.105977111,-0.491168469,0.230544924,32.88200278,57.42645931,206.4076176,-1.296017406,0.487832427
2021,6,102,0.397856236,-0.110531598,-0.433559656,0.232678196,36.16913074,50.49476814,57.42645931,-1.743610286,0.443198838
2021,7,102,0.309770107,-0.147394851,-0.359725118,0.187561877,30.60331711,230.2875013,50.49476814,-2.230680762,0.394628576
2021,8,102,0.506624341,0.009513431,-0.462296963,0.330472335,31.25116829,83.28346252,230.2875013,-0.647618367,0.552490239
2021,9,102,0.430946738,-0.078139111,-0.429558933,0.268542547,32.31397079,161.8812943,83.28346252,-1.407474841,0.476717985
2022,6,102,0.313119173,-0.153276131,-0.387220442,0.189244112,35.23005563,58.17619479,161.8812943,-2.197140498,0.397973183
2022,7,102,0.501657128,-0.065791942,-0.465882361,0.340031859,29.2387529,171.7210941,58.17619479,-0.944212291,0.52291414
2022,8,102,0.65276593,0.097588547,-0.531143248,0.456457052,29.006363,154.9690075,171.7210941,0.40994608,0.657949685
2022,9,102,0.446127474,-0.019940916,-0.510342896,0.277678953,29.81134214,107.8486581,154.9690075,-0.903933581,0.5269307
2023,6,102,0.45305568,-0.075164497,-0.454781801,0.285993923,29.89557719,119.4596481,107.8486581,-1.214089656,0.496002194
2023,7,102,0.55983901,0.000154122,-0.50999552,0.36367152,27.02261474,230.6697598,119.4596481,-0.363740424,0.580798311
2023,8,102,0.516545773,0.018969974,-0.509082794,0.343634922,29.39066064,164.2412186,230.6697598,-0.415141789,0.57567261
2023,9,102,0.471987307,-0.014159292,-0.494712114,0.308174268,29.90670376,161.9425278,164.2412186,-0.782897892,0.539000278
2024,6,102,0.371925741,-0.083570413,-0.416320384,0.274019004,33.92652295,32.32592322,161.9425278,-1.570211543,0.460490016
2024,7,102,0.28885746,-0.163458556,-0.376146823,0.187599935,32.95036161,127.1107187,32.32592322,-2.352107959,0.382519957
2024,8,102,0.516120315,-0.027797081,-0.497858673,0.353799866,29.08521558,172.9787208,127.1107187,-0.635040405,0.553744503
2024,9,102,0.499200255,-0.056171715,-0.483715713,0.269490032,29.52613352,164.7684683,172.9787208,-0.964038156,0.520937122
2025,6,102,0.372972965,-0.091590054,-0.4375,0.263024142,32.43706537,61.21852089,164.7684683,-1.542522897,0.463251105
2025,8,102,0.465596318,-0.053858966,-0.448979586,0.30297377,27.83252434,312.3657079,61.21852089,-1.056959306,0.511671102
2025,9,102,0.460375875,-0.024049373,-0.463713825,0.291890572,26.17955494,147.2546082,312.3657079,-0.813985903,0.535900207
2019,6,103,0.464210212,0.056850359,-0.503563702,0.270468621,31.96260287,65.23551152,77.61011982,-0.724469504,0.544826708
2019,7,103,0.434599161,0.080239013,-0.41751042,0.294745835,29.68337032,318.8554544,65.23551152,-0.789734769,0.53831851
2019,8,103,0.543287337,0.108076289,-0.50920248,0.325223342,27.45889736,218.9329128,318.8554544,-0.010236218,0.616049456
2019,9,103,0.556504607,0.081807084,-0.553235888,0.310726778,26.70483356,182.49366,218.9329128,-0.056828981,0.611403265
2020,6,103,0.420982748,0.010707635,-0.499649614,0.223247297,30.83341193,72.27556594,182.49366,-1.004450878,0.516907199
2020,7,103,0.42281878,0.044262998,-0.507108986,0.266145351,29.71495146,190.121228,72.27556594,-0.807824661,0.536514601
2020,8,103,0.485360801,0.045073424,-0.519185245,0.271209167,28.55190707,428.8282032,190.121228,-0.493733439,0.567835516
2020,9,103,0.518885076,0.069265738,-0.564850152,0.274392048,27.27660888,66.83610487,428.8282032,-0.132256094,0.603881736
2021,6,103,0.437699676,0.007505117,-0.501805067,0.252292032,31.75028433,66.13660049,66.83610487,-0.994577893,0.517891724
2021,7,103,0.338139862,0.002463606,-0.430383772,0.194699658,28.55412621,423.4000406,66.13660049,-1.41296506,0.476170505
2021,8,103,0.523809552,0.077224277,-0.499555826,0.330369677,27.70935506,156.5599174,423.4000406,-0.117221255,0.605380998
2021,9,103,0.50541085,0.035281148,-0.528443098,0.266140634,25.89285021,352.9985008,156.5599174,-0.474587297,0.569744754
2022,6,103,0.393647283,0.026886204,-0.503636181,0.23632188,32.44460472,84.25890589,352.9985008,-0.883327717,0.528985499
2022,7,103,0.563084126,0.089354776,-0.517006814,0.395600788,27.39402913,419.8859749,84.25890589,0.038361807,0.620895611
2022,8,103,0.658536613,0.098615192,-0.573790193,0.402364607,26.9612344,223.4080238,419.8859749,0.601809245,0.67708212
2022,9,103,0.621365786,0.104560107,-0.57806915,0.367953235,25.39768377,100.3943957,223.4080238,0.347725755,0.651745126
2023,6,103,0.454599947,0.050218794,-0.502321243,0.3134273,28.49981969,166.0901604,100.3943957,-0.598026205,0.557435528
2023,7,103,0.525854766,0.064678706,-0.546203136,0.319472989,29.04586454,453.1507263,166.0901604,-0.186493235,0.598473254
2023,8,103,0.629714966,0.154070988,-0.610108316,0.396239342,25.97275312,226.3856144,453.1507263,0.830027165,0.699839821
2023,9,103,0.6238994,0.133347735,-0.600244105,0.394590294,25.80967406,223.5860291,226.3856144,0.581428725,0.675049792
2024,6,103,0.348441929,-0.047285464,-0.47482571,0.185080691,31.5229889,38.82687378,223.5860291,-1.487912437,0.468696814
2024,7,103,0.478494972,0.037089951,-0.482774854,0.309049531,28.00861304,252.2005138,38.82687378,-0.660753307,0.551180434
2024,8,103,0.676342726,0.159785777,-0.585855186,0.434970686,25.26377254,298.6782586,252.2005138,0.876367977,0.704460888
2024,9,103,0.59962523,0.131920993,-0.577777505,0.356784744,25.56660194,200.0548195,298.6782586,0.430933901,0.660042573
2025,6,103,0.45245558,0.080023713,-0.500674784,0.287141074,28.17633842,70.85579675,200.0548195,-0.517900029,0.565425644
2025,7,103,0.550693691,0.116404146,-0.519874454,0.392156863,25.32348128,405.2696738,70.85579675,0.115463859,0.628584163
2025,8,103,0.63918525,0.115020894,-0.603922784,0.384989874,23.8110356,487.4365416,405.2696738,0.730375922,0.689902682
2025,9,103,0.590035558,0.091045901,-0.595505595,0.322671836,23.87683079,198.1701279,487.4365416,0.379332851,0.65489696
2019,7,104,0.582613289,0.183702216,-0.494605213,0.433046418,19.07858333,71.08748722,44.36157085,0.434827569,0.660430847
2019,8,104,0.382119954,0.163174599,-0.316091955,0.528319599,19.7995625,88.58985043,71.08748722,-0.271204857,0.590025881
2019,9,104,0.784703076,0.313590497,-0.650548279,0.51959946,20.13995833,110.9950676,88.58985043,1.888869626,0.80542671
2020,6,104,0.779902518,0.237799406,-0.691070437,0.366328031,23.35461806,37.00841876,110.9950676,1.343190869,0.751012078
2020,7,104,0.780270338,0.292005837,-0.64414537,0.525286555,25.12938194,39.19380081,37.00841876,1.695540035,0.786148044
2020,8,104,0.72383076,0.319736063,-0.614912689,0.520029001,21.16494444,128.6852157,39.19380081,1.653371203,0.781943003
2020,9,104,0.786153853,0.28015852,-0.666666687,0.462316681,21.62199306,48.66713664,128.6852157,1.686646951,0.785261233
2021,6,104,0.739447296,0.225765035,-0.606327951,0.446608708,22.98109028,32.55767632,48.66713664,1.156310298,0.732376504
2021,7,104,0.749847472,0.305240184,-0.606722713,0.485176266,21.26726389,104.9374642,32.55767632,1.555421168,0.772175507
2021,8,104,0.718815506,0.281504065,-0.57255888,0.524547015,20.51777083,49.35340309,104.9374642,1.458214481,0.762482137
2021,9,104,0.66086489,0.202503443,-0.566004694,0.385732945,19.69780556,190.1248646,49.35340309,0.751448684,0.692004041
2022,6,104,0.735883236,0.195078835,-0.595013499,0.437274675,23.26546528,37.07764316,190.1248646,1.084573709,0.725222991
2022,8,104,0.808227658,0.296230584,-0.648153365,0.538962914,20.49513889,74.05930948,37.07764316,1.875254403,0.804069011
2022,9,104,0.760513186,0.225201771,-0.639721274,0.425296937,20.03165278,79.62983394,74.05930948,1.294608286,0.746167464
2023,6,104,0.273556232,0.214492753,-0.164967567,0.428707526,21.30933333,86.32784891,79.62983394,-0.927413434,0.524589308
2023,7,104,0.757173538,0.267465204,-0.620021105,0.324903332,17.86741667,106.3855839,86.32784891,1.200636108,0.736796636
2023,8,104,0.832674146,0.342833549,-0.678801954,0.56453502,19.29314583,86.21518874,106.3855839,2.273248814,0.843756682
2023,9,104,0.685881436,0.247325897,-0.613762617,0.526928666,19.31793056,128.8382835,86.21518874,1.394643454,0.756142887
2024,6,104,0.690480888,0.2550852,-0.583276629,0.468557771,23.77804861,20.77949286,128.8382835,1.178886359,0.73462777
2024,7,104,0.788262367,0.320866972,-0.643140376,0.535353535,22.63852778,50.87633419,20.77949286,1.852361675,0.801786167
2024,8,104,0.780965865,0.318868607,-0.634135842,0.569306507,19.57917361,97.05748489,50.87633419,1.949695642,0.811492229
2024,9,104,0.776175737,0.285440624,-0.656163633,0.486823742,20.81066667,138.1096456,97.05748489,1.719907928,0.78857799
2025,6,104,0.430290431,0.143088013,-0.35433048,0.39966816,22.2685,31.11477542,138.1096456,-0.426785177,0.574511541
2025,7,104,0.682716668,0.30520612,-0.565668464,0.586966843,19.05285417,90.46508586,31.11477542,1.560313501,0.772663367
2025,8,104,0.806439757,0.317573607,-0.651717126,0.582364109,18.2606713,193.5566692,90.46508586,2.131606798,0.829632258
2025,9,104,0.769257128,0.256491154,-0.663526237,0.475237309,19.54172917,108.0778003,193.5566692,1.67049062,0.783650137
2019,7,105,0.248219103,-0.03268208,-0.394279003,0.139607222,33.13008368,575.6506195,83.42978549,-1.948838816,0.42273362
2019,8,105,0.651017189,0.252661079,-0.544655919,0.622594693,29.59672943,314.1457443,575.6506195,1.596675437,0.776289349
2019,9,105,0.35991478,0.185196385,-0.287395209,0.465305763,28.20340307,240.4791965,314.1457443,-0.376600691,0.579515896
2020,6,105,0.162597284,-0.059490308,-0.274185568,0.102546706,34.22204324,99.95948291,240.4791965,-2.600526065,0.35774791
2020,7,105,0.306196302,0.071017988,-0.24215053,0.373744065,29.85262204,330.8030182,99.95948291,-1.318816802,0.48555889
2020,8,105,0.682088494,0.232367232,-0.564101636,0.479199158,28.86685495,660.1447201,330.8030182,1.252212049,0.741939746
2020,9,105,0.553663731,0.093239613,-0.542140543,0.365055878,30.42350767,69.0576929,660.1447201,0.27435015,0.644428172
2021,6,105,0.306226164,-0.011538462,-0.374816269,0.225662474,34.97239191,94.80088806,69.0576929,-1.736523832,0.443905493
2021,7,105,0.236412451,-0.020846481,-0.34098655,0.172053035,30.10291492,654.2169991,94.80088806,-1.928970517,0.42471487
2021,8,105,0.597536743,0.229581133,-0.484964162,0.641218794,27.65754533,219.4498978,654.2169991,1.357769615,0.752465859
2021,9,105,0.455494106,0.155854151,-0.496902108,0.260710797,27.89245467,322.244482,219.4498978,-0.260144308,0.59112883
2022,6,105,0.174161896,-0.069461077,-0.310816973,0.128607656,37.56848675,109.3019317,322.244482,-2.453733262,0.372385966
2022,7,105,0.706959724,0.162987143,-0.604768217,0.470061451,31.10013017,586.4976015,109.3019317,0.970426,0.713840276
2022,8,105,0.809179962,0.258475333,-0.65667063,0.596668695,28.61596932,400.9846039,586.4976015,2.204430331,0.83689416
2022,9,105,0.611320734,0.155020073,-0.500219584,0.440653049,28.04963738,160.4423252,400.9846039,0.559238859,0.672837037
2023,6,105,0.454377711,0.024241086,-0.41919142,0.361011801,32.62983264,203.6804972,160.4423252,-0.783905333,0.538899817
2023,7,105,0.649607956,0.185491338,-0.529635966,0.562115421,27.83,668.4346657,203.6804972,1.061823357,0.722954344
2023,8,105,0.507275343,0.173923895,-0.436405301,0.414540308,27.54312413,420.1683054,668.4346657,0.412217536,0.658176193
2023,9,105,0.627714574,0.175943226,-0.551503181,0.489960877,28.99671548,282.8224869,420.1683054,0.918904617,0.708702607
2024,6,105,0.258565307,-0.054573487,-0.374111921,0.197091592,39.7482357,56.07327676,282.8224869,-1.982541865,0.41937278
2024,7,105,0.609270334,0.170053765,-0.514308453,0.592402509,29.1267457,464.4881325,56.07327676,0.804135694,0.697257945
2024,8,105,0.744038939,0.245742097,-0.627611279,0.584480122,27.99826592,416.1201508,464.4881325,1.859376653,0.802485695
2024,9,105,0.386180431,0.135983542,-0.352648765,0.458243229,28.45795676,197.2279115,416.1201508,-0.2927634,0.587876081
2025,6,105,0.429704726,0.007735149,-0.481278539,0.316908275,35.77880056,132.6206914,197.2279115,-0.873562906,0.529959238
2025,8,105,0.679781437,0.139784947,-0.597713113,0.472554606,27.65415388,802.2614889,132.6206914,0.923574524,0.709168286
2025,9,105,0.332749695,0.035966303,-0.372388721,0.230486725,27.30571827,193.1556931,802.2614889,-0.942459894,0.523088888
2018,6,106,0.613026798,0.068301968,-0.603300512,0.365102305,32.4602381,75.04576564,93.00328827,0.087078824,0.625753631
2019,6,106,0.717904449,0.165709764,-0.633532941,0.429039607,33.86825243,62.74517533,75.04576564,0.820697344,0.698909459
2019,7,106,0.655134261,0.146183699,-0.545619011,0.43374208,26.49412621,407.646616,62.74517533,0.575064965,0.674415203
2019,8,106,0.756180704,0.270709485,-0.608955979,0.585558252,26.97174757,259.7026739,407.646616,1.873536562,0.803897709
2019,9,106,0.829401314,0.282522202,-0.726784289,0.521736661,25.33382108,208.2951775,259.7026739,2.128495681,0.82932202
2020,6,106,0.710857153,0.179359749,-0.637355983,0.457715039,31.57898058,81.17141591,208.2951775,1.038566326,0.720635173
2020,7,106,0.699766338,0.22321777,-0.576132834,0.456763764,28.47314147,225.3046936,81.17141591,1.002009946,0.716989801
2020,8,106,0.820215464,0.255743533,-0.696823537,0.540809934,26.74186546,539.1047325,225.3046936,2.017076005,0.818211343
2020,9,106,0.825530469,0.268646806,-0.736016572,0.488579992,27.43974341,88.25335801,539.1047325,2.146614232,0.831128787
2021,6,106,0.758691192,0.182711199,-0.694076061,0.439343999,29.27624827,76.31160927,88.25335801,1.200635397,0.736796566
2021,7,106,0.788344443,0.210361063,-0.719542801,0.469965469,26.58576976,517.4216681,76.31160927,1.599034229,0.776524565
2021,8,106,0.736516356,0.23109068,-0.628524065,0.470320866,26.12278086,195.1978226,517.4216681,1.557638801,0.772396648
2021,9,106,0.825549424,0.233410671,-0.717054248,0.450356911,25.30011096,453.1140366,195.1978226,1.785216002,0.795090457
2022,6,106,0.707032561,0.112203464,-0.636842132,0.384514925,33.27357836,93.33849835,453.1140366,0.777968907,0.694648615
2022,8,106,0.869513333,0.240319729,-0.738049984,0.517083315,26.46257282,240.425477,93.33849835,1.980030586,0.814517205
2022,9,106,0.783730805,0.222299978,-0.689213872,0.484825155,26.3278086,152.2063571,240.425477,1.622695031,0.778884001
2023,6,106,0.695585072,0.110796027,-0.673369884,0.420524115,28.47624133,169.1970124,152.2063571,0.801774259,0.697022465
2023,7,106,0.781030118,0.240231544,-0.674074054,0.538811337,28.01070042,571.9441319,169.1970124,1.777519132,0.794322931
2023,8,106,0.874067426,0.259493679,-0.766029239,0.544201075,25.78615811,257.2697334,571.9441319,2.490083032,0.86537921
2023,9,106,0.833470464,0.252697319,-0.752243698,0.492980641,25.33499307,259.8752556,257.2697334,2.043639139,0.820860197
2024,6,106,0.787773907,0.157006189,-0.689863026,0.49201155,32.03634535,44.11604373,259.8752556,1.350239814,0.751714993
2024,7,106,0.813901365,0.196966901,-0.695572436,0.537934834,27.23965326,368.6317234,44.11604373,1.645080262,0.781116237
2024,8,106,0.857142866,0.247735962,-0.733727813,0.5284313,25.86631993,420.4724606,368.6317234,2.207597203,0.837209958
2024,9,106,0.854930818,0.241006896,-0.7603423,0.506116258,26.58431345,220.1820052,420.4724606,2.177668475,0.83422549
2025,6,106,0.735438228,0.143494755,-0.695744693,0.431170319,28.15368932,78.53916443,220.1820052,1.102199008,0.726980571
2025,7,106,0.811742783,0.267275095,-0.675862074,0.659124447,25.19357143,526.0556951,78.53916443,2.173304093,0.833790278
2025,8,106,0.854529202,0.246546224,-0.767030597,0.594853613,22.77287101,567.3525848,526.0556951,2.589272107,0.875270262
2025,9,106,0.830712616,0.218715996,-0.758919954,0.501730104,24.64094313,223.9360123,567.3525848,2.154484897,0.831913643
2019,7,107,0.405495137,0.268142074,-0.300732911,0.353087715,15.52921991,128.2508717,52.44449019,-0.242942716,0.592844158
2019,8,107,0.057806101,0.123655267,-0.011314186,0.485103132,18.21471528,152.6217952,128.2508717,-1.856327098,0.431958811
2019,9,107,0.425219655,0.172734156,-0.351496696,0.626316592,16.98972222,144.7755566,152.6217952,0.251292952,0.642128928
2020,6,107,0.474907815,0.196289241,-0.412504077,0.744597863,20.31729861,55.12778144,144.7755566,0.778090218,0.694660712
2020,7,107,0.422375202,0.253169894,-0.342430145,0.567792689,19.74211806,89.67835748,55.12778144,0.256370427,0.642635249
2020,8,107,0.014169655,0.10921596,0.009681072,-0.279689783,17.36626389,178.6455288,89.67835748,-3.741257777,0.243995094
2020,9,107,0.728024364,0.111701339,-0.613119841,0.566339665,20.92522917,51.03803205,178.6455288,1.141788901,0.730928442
2021,6,107,0.341522157,0.064866647,-0.243026108,0.812520539,21.95064583,45.70493507,51.03803205,-0.282146528,0.588934787
2021,7,107,0.668477535,0.277743965,-0.49537313,0.353248243,18.39635417,198.1136293,45.70493507,0.795689424,0.69641569
2021,8,107,0.455949336,0.129514232,-0.385200769,0.370704847,18.51198611,71.57752609,198.1136293,-0.314233832,0.585735068
2021,9,107,0.219512045,0.10775575,-0.137977064,0.199424972,16.23261111,155.0124321,71.57752609,-1.896818185,0.427921074
2022,6,107,0.568688273,0.205375522,-0.381443292,0.732973633,22.10436806,54.1170069,155.0124321,0.897040448,0.70652233
2022,7,107,-0.035890218,0.099430226,0.055563215,1.613924051,18.97882176,154.7277241,54.1170069,0.13104631,0.630138033
2022,8,107,0.861297548,0.11279536,-0.627118647,0.28621698,19.10096528,133.9953079,154.7277241,0.876214389,0.704445573
2022,9,107,0.716076076,0.105820104,-0.555729687,0.714809542,18.00753472,94.3299284,133.9953079,1.304778472,0.747181626
2023,6,107,0.050690982,0.125649244,-0.026480731,0.113743766,18.77194444,118.4657793,94.3299284,-2.681938695,0.34962951
2023,7,107,0.455524564,0.251442343,-0.34802103,0.512186523,19.3409375,195.8513718,118.4657793,0.279191163,0.644910914
2023,8,107,0.440259367,0.1339757,-0.365407586,0.511172655,17.23908333,136.3780661,195.8513718,-0.043561298,0.612726307
2023,9,107,0.757090271,0.191252023,-0.6189906,0.647161152,18.311875,149.1659546,136.3780661,1.687866964,0.785382892
2024,6,107,0.740599871,0.287339061,-0.582949519,0.624375456,23.20503472,29.52109619,149.1659546,1.759311291,0.79250726
2024,7,107,0.487488389,0.178952947,-0.400876105,0.441401697,20.05190278,103.8019104,29.52109619,-0.006277053,0.616444261
2024,8,107,0.765117645,0.244925946,-0.615015149,0.786968521,18.15302778,149.779862,103.8019104,2.164363045,0.832898684
2024,9,107,0.402219266,0.19311823,-0.320055783,0.642571796,18.4485625,153.7981036,149.779862,0.212252142,0.63823581
2025,6,107,0.666609287,0.25200516,-0.503495395,0.688345439,18.2515,52.60326289,153.7981036,1.503252837,0.766973325
2025,8,107,0.381509036,0.240458012,-0.311806262,0.177775577,15.95866667,273.3311844,52.60326289,-0.723611897,0.544912228
2025,9,107,0.588606,-0.011628452,-0.470220774,0.286466204,16.71475,149.9937897,273.3311844,-0.395026561,0.577678484
2019,7,108,0.247917518,-0.047488626,-0.322442412,0.171220963,31.81769553,541.0443993,71.32660776,-2.09709304,0.407949832
2019,8,108,0.317474842,0.228217348,-0.306715071,0.275571792,29.62801676,335.10147,541.0443993,-0.55525955,0.561700184
2019,9,108,0.533300936,0.160912439,-0.467232257,0.42269661,27.18518855,213.2452278,335.10147,0.271816914,0.64417556
2020,6,108,0.317566693,-0.040385127,-0.430094093,0.144658337,35.40740223,99.14169943,213.2452278,-1.770201613,0.440547173
2020,7,108,0.419817477,0.113443278,-0.366802633,0.339419248,30.28359637,294.6237633,99.14169943,-0.724098389,0.544863715
2020,8,108,0.461645842,0.164765179,-0.405641109,0.449524509,28.79738128,678.750823,294.6237633,0.089200686,0.625965222
2020,9,108,0.440906316,0.044385266,-0.424313277,0.290474846,30.16203911,71.4139035,678.750823,-0.561322617,0.56109558
2021,6,108,0.188286439,-0.023192823,-0.311285019,0.134408602,36.54465782,79.86675072,71.4139035,-2.404436202,0.377301828
2021,7,108,0.203669563,-0.045750227,-0.2835958,0.139871721,30.73291899,639.0900478,79.86675072,-2.310039084,0.38671503
2021,8,108,0.610519946,0.239099234,-0.538128078,0.551073899,28.7213757,226.9848289,639.0900478,1.323698243,0.74906829
2021,9,108,0.550858736,0.127939656,-0.508975506,0.354866221,27.44686453,351.0289497,226.9848289,0.106261474,0.627666509
2022,6,108,0.247045577,-0.037358817,-0.357011646,0.155162054,36.78686453,117.8798523,351.0289497,-1.99098792,0.418530546
2022,7,108,0.620085239,0.174652234,-0.564501345,0.488907149,30.78980912,576.8102102,117.8798523,0.773831591,0.694236045
2022,8,108,0.526119411,0.097250171,-0.504598379,0.330184997,29.78081006,326.2378359,576.8102102,0.069438796,0.623994583
2022,9,108,0.531591117,0.086854458,-0.508143306,0.334081743,27.71875,150.2899773,326.2378359,-0.101690554,0.606929706
2023,6,108,0.280036002,-0.039647557,-0.314913422,0.222684562,33.43989525,216.0456581,150.2899773,-1.941368372,0.423478566
2023,7,108,0.469589829,0.081870824,-0.452832937,0.31762445,30.17693669,673.8784542,216.0456581,-0.41575114,0.575611846
2023,8,108,0.662157774,0.212855875,-0.564087987,0.464523569,27.7476257,347.5491638,673.8784542,1.277382206,0.744449693
2023,9,108,0.632759154,0.175133973,-0.607165694,0.409146367,28.04988128,264.2613869,347.5491638,0.843834571,0.701216684
2024,6,108,0.22385937,-0.092266209,-0.340114594,0.139986939,39.70371508,56.8507626,264.2613869,-2.400640236,0.377680359
2024,7,108,0.35508725,-0.012828153,-0.366854787,0.24798285,30.79240223,386.7245064,56.8507626,-1.501217068,0.467370088
2024,8,108,0.493742168,0.094201237,-0.450622916,0.31979572,28.34712756,419.1007225,386.7245064,-0.243801226,0.592758548
2024,9,108,0.47082001,0.142494693,-0.452544272,0.329039418,27.63151536,231.3917333,419.1007225,-0.116052269,0.605497568
2025,6,108,0.307096779,-0.1289462,-0.380108982,0.178712221,34.18430866,100.1829527,231.3917333,-2.104358433,0.407225333
2025,8,108,0.668700457,0.17055425,-0.581839204,0.445148451,27.45198324,719.5744419,100.1829527,0.869923291,0.70381823
2025,9,108,0.610891104,0.107063875,-0.548235059,0.36943562,26.37157123,255.1470985,719.5744419,0.593975791,0.676300975
2019,7,109,0.389106572,0.194219679,-0.336217731,0.329153119,19.82335674,362.1591721,132.6927783,-0.450982619,0.572098592
2019,8,109,0.02432886,0.061910376,-0.002463054,0.134695773,15.54213483,321.1099472,362.1591721,-2.714348968,0.346397585
2019,9,109,0.326280326,0.163333237,-0.254144788,0.226094738,17.10292135,205.1083708,321.1099472,-0.991175616,0.518230997
2020,6,109,0.424199939,0.150746927,-0.427142471,0.03228498,17.91452481,156.2860096,205.1083708,-0.929807268,0.524350597
2020,7,109,0.159899384,0.040115997,-0.152034268,0.238069762,17.33848315,276.4575738,156.2860096,-2.070389048,0.410612732
2020,9,109,0.874614596,0.11096774,-0.759916484,0.189523852,18.23468399,54.69136763,497.0453186,1.208982999,0.737628981
2021,6,109,0.486874163,0.120340787,-0.383530587,0.108796409,18.73768258,148.1080589,54.69136763,-0.935229269,0.52380992
2021,7,109,0.671104252,0.236944035,-0.590165317,0.467006694,15.20463717,515.0301132,148.1080589,1.307257293,0.747428812
2021,8,109,0.035485659,0.096210882,-0.024302324,0.106587916,15.33174157,164.9290733,515.0301132,-2.519113366,0.365866317
2021,9,109,0.03983324,0.178120837,-0.01206536,0.103985114,14.16406601,220.6466541,164.9290733,-2.464095223,0.37135268
2022,6,109,0.023185443,0.098075733,-0.19744204,0.270404272,18.71527388,143.6817353,220.6466541,-1.999712668,0.417660522
2022,7,109,-0.074226037,0.237376258,0.095810562,0.54473643,16.35304307,427.8432274,143.6817353,-1.799127987,0.437662659
2022,8,109,0.829899609,0.179434791,-0.72940588,0.361132821,14.82426264,353.9677114,427.8432274,1.70468124,0.787059597
2022,9,109,0.031333335,0.184586525,0.010553246,-0.300884956,16.67389747,110.4993854,353.9677114,-3.341590326,0.283849599
2023,6,109,-0.023569645,0.322767466,0.044130381,0.01878045,18.78551264,270.595089,110.4993854,-2.522859184,0.365492787
2023,7,109,0.758716881,0.200626925,-0.663079858,0.463980116,18.85752809,592.8564186,270.595089,1.588702222,0.775494266
2023,8,109,0.533585727,0.131106377,-0.445602924,0.296328738,14.9358427,362.8776112,592.8564186,0.188205825,0.635837932
2023,9,109,0.764959097,0.239419594,-0.649899423,0.382257257,17.13195927,200.4795427,362.8776112,1.521575815,0.768800477
2024,6,109,0.691467702,0.133491158,-0.569541633,0.442234092,19.39282303,84.74607563,200.4795427,0.798055189,0.696651602
2024,7,109,0.163117841,0.050785147,-0.094402574,0.210788118,15.03719101,369.9419365,84.74607563,-2.221365676,0.395557468
2024,8,109,0.827931166,0.24400872,-0.740853667,0.431617156,15.71564607,342.2607461,369.9419365,2.048137693,0.821308789
2024,9,109,0.41925177,0.193116859,-0.358405024,0.228119749,17.66303371,177.1282022,342.2607461,-0.437987663,0.573394439
2025,6,109,-0.028645592,0.249612406,0.058313332,0.314604861,16.79594101,184.024662,177.1282022,-2.110421891,0.40662069
2025,8,109,0.036496349,-0.020689655,-0.025270758,0.084198709,17.02808989,669.4726477,184.024662,-3.080748,0.309860579
2025,9,109,0.538936913,0.14808102,-0.523475826,0.337530603,16.85918539,185.2303801,669.4726477,0.519623558,0.668886632
2019,7,110,0.371183693,0.147435039,-0.330620706,0.196283657,17.90279696,102.6143608,70.47079305,-1.017927447,0.515563326
2019,8,110,0.714910328,0.269546777,-0.573607087,0.355691151,17.16123619,124.3942151,102.6143608,1.096222454,0.726384594
2019,9,110,0.497172654,0.099889368,-0.423266709,0.221991926,16.19710635,176.8878231,124.3942151,-0.556567888,0.561569717
2020,6,110,0.689659595,0.158507615,-0.692241192,0.292138964,20.30373389,64.1087172,176.8878231,0.806966815,0.697540262
2020,7,110,0.67902571,0.127428323,-0.613509893,0.307666813,20.5529558,66.36983693,64.1087172,0.455209127,0.662463279
2020,8,110,0.752717376,0.244050026,-0.676767647,0.122214403,18.59792818,142.5276756,66.36983693,0.786448171,0.69549416
2020,9,110,0.778339028,0.076613247,-0.710853159,0.228863516,17.19462707,84.82112312,142.5276756,0.653572771,0.682243936
2021,6,110,0.406606972,0.113096803,-0.358021647,0.33414891,21.1021547,49.3701973,84.82112312,-0.728699676,0.544404879
2021,7,110,0.752551019,0.14882943,-0.608899295,0.147146848,19.16316989,147.7884188,49.3701973,0.346575774,0.651630451
2021,8,110,0.642281711,0.204818189,-0.49666667,0.304850371,17.26141575,63.30057144,147.7884188,0.44338554,0.66128424
2021,9,110,0.680497348,0.208081618,-0.530412138,0.062326408,15.21476519,179.3331604,63.30057144,0.079322639,0.624980191
2022,6,110,0.651052296,0.205570057,-0.596324265,0.428071458,20.10466851,60.07215261,179.3331604,0.955359131,0.712337821
2022,7,110,0.442268729,0.098200515,-0.387012988,0.160523478,17.84120166,113.9135885,60.07215261,-0.97606965,0.519737351
2022,8,110,0.75189811,0.222588792,-0.684451044,0.395721552,18.38679558,109.7938185,113.9135885,1.35938774,0.752627217
2022,9,110,0.367447644,0.119520389,-0.327027977,0.14771554,16.18813536,119.642067,109.7938185,-1.18502151,0.498900846
2023,6,110,0.544459641,0.146572888,-0.55724138,0.276168405,17.83697514,123.8995018,119.642067,0.103949993,0.62743601
2023,7,110,0.787827492,0.279874176,-0.656336665,0.511300683,18.53225138,151.3974857,123.8995018,1.829040566,0.799460606
2023,8,110,0.813868642,0.19167085,-0.694799662,0.435350813,17.08195442,109.0681479,151.3974857,1.542600928,0.770897083
2023,9,110,0.759259284,0.193333328,-0.687009573,0.356213812,15.27478591,182.4541016,109.0681479,1.247551623,0.741475013
2024,6,110,0.700226128,0.185318515,-0.642233849,0.399672521,19.90910221,35.74669218,182.4541016,1.040530031,0.720830992
2024,7,110,0.779458106,0.219405174,-0.684003949,0.440116547,19.56176105,76.89688492,35.74669218,1.435375533,0.760204656
2024,8,110,0.05000389,0.05011655,-0.042867072,0.192077907,18.11000691,121.2261083,76.89688492,-2.725795413,0.345256155
2024,9,110,0.341945291,0.058118634,-0.293772906,0.237696829,16.43957873,194.0682295,121.2261083,-1.306809699,0.486756229
2025,6,110,0.698279023,0.226165622,-0.631481469,0.40641606,19.7715953,57.0692015,194.0682295,1.174984196,0.734238649
2025,7,110,0.214182347,0.077367574,-0.154852033,0.367336808,15.89209945,141.6406527,57.0692015,-1.607421017,0.456779518
2025,8,110,0.667673707,-0.010989011,-0.475935817,0.044204322,17.5307942,226.5648766,141.6406527,-0.81795335,0.535504577
2025,9,110,0.701892734,0.064102568,-0.692753613,0.219814798,15.51142956,173.2333775,226.5648766,0.473988822,0.664335974
2019,6,111,0.619392157,0.172061861,-0.609579802,0.437080283,42.25992119,30.26639872,61.60853171,0.468259747,0.663764676
2019,7,111,0.518263102,0.187138006,-0.483182073,0.489387361,33.13019935,550.9798393,30.26639872,0.313369681,0.648319167
2019,8,111,0.449367732,0.224097416,-0.352303833,1.113909064,31.39580668,256.7905889,550.9798393,1.640169725,0.780626563
2019,9,111,0.716259301,0.234709486,-0.601388216,0.537094589,28.66858832,278.2402916,256.7905889,1.430414058,0.759709902
2020,6,111,0.565323591,0.152394205,-0.63416189,0.434337798,37.98141168,62.25970428,278.2402916,0.532479128,0.670168579
2020,7,111,0.642383337,0.220404714,-0.582707763,0.517951276,31.74096662,262.2954087,62.25970428,0.972570149,0.714054089
2020,8,111,0.797765315,0.280042052,-0.680471182,0.606816439,29.89774687,667.8175373,262.2954087,2.164839867,0.832946232
2020,9,111,0.778007209,0.269096911,-0.679108083,0.576886269,31.21206537,96.77272425,667.8175373,2.139097067,0.830379182
2021,6,111,0.760678113,0.179620236,-0.699801862,0.486141335,37.6466064,31.14956284,96.77272425,1.202387017,0.736971236
2021,7,111,0.772637546,0.210324004,-0.680213928,0.521211915,30.66100834,660.5209904,31.14956284,1.533614482,0.770000963
2021,8,111,0.574188054,0.217723459,-0.479999989,0.53126163,29.6948331,240.9811897,660.5209904,0.996222779,0.716412709
2021,9,111,0.75327009,0.267071873,-0.680019677,0.552836652,28.47718359,631.2465668,240.9811897,1.902185566,0.806754564
2022,6,111,0.649298608,0.169657126,-0.628090978,0.454788121,38.57288595,68.57833123,631.2465668,1.01735666,0.718520163
2022,8,111,0.803011596,0.251657128,-0.676941872,0.593035645,31.10486092,310.8153439,68.57833123,1.835999445,0.800154539
2022,9,111,0.696022451,0.266095638,-0.588469028,0.583141638,29.40904729,160.3834044,310.8153439,1.562711773,0.77290252
2023,6,111,0.715489984,0.153378755,-0.651115596,0.449546329,35.17491655,138.7719812,160.3834044,0.91304685,0.708118475
2023,7,111,0.650349677,0.186440676,-0.560846567,0.552407932,30.35590635,557.3086319,138.7719812,1.0247273,0.719255157
2023,8,111,0.780369282,0.270237476,-0.681119502,0.604552939,29.31758693,246.9336376,557.3086319,2.198463255,0.836299129
2023,9,111,0.723297477,0.274206638,-0.630940259,0.621383232,29.42988873,381.7788315,246.9336376,1.837683457,0.800322467
2024,6,111,0.696791589,0.183868766,-0.684824884,0.45453093,38.87082754,35.71818984,381.7788315,1.13579766,0.730331
2024,7,111,0.682851434,0.23822099,-0.582974792,0.573225945,31.84400093,459.8312216,35.71818984,1.263746804,0.743089982
2024,8,111,0.769946158,0.285003543,-0.689719617,0.552084796,28.41736671,446.9370045,459.8312216,2.120085436,0.828483358
2024,9,111,0.711441517,0.267305672,-0.619145334,0.574690925,29.46342142,260.3992269,446.9370045,1.758367726,0.792413169
2025,6,111,0.588111103,0.160212427,-0.574303031,0.514996232,33.76976356,66.59190119,260.3992269,0.686755777,0.685552918
2025,7,111,0.664206624,0.252125621,-0.585237265,0.536073263,29.92779323,659.8005943,66.59190119,1.276159624,0.744327779
2025,8,111,0.740577638,0.277704537,-0.630900383,0.571420814,29.11290682,644.5625134,659.8005943,2.090594596,0.825542556
2025,9,111,0.71106559,0.248831555,-0.647171617,0.546286228,28.35515994,310.9853668,644.5625134,1.847024077,0.801253906
2019,7,112,0.32847774,-0.120870017,-0.378606588,0.241377905,28.36702514,129.9192905,51.43253422,-1.929729828,0.424639152
2019,8,112,0.55725193,0.033542976,-0.4939394,0.400678276,28.22825419,159.6776457,129.9192905,-0.237395634,0.593397309
2019,9,112,0.452408165,-0.052160293,-0.459163487,0.280212701,30.45719274,182.4386578,159.6776457,-1.103436741,0.507036411
2020,6,112,0.405850142,-0.094056994,-0.493535548,0.219403779,32.75194832,60.07370305,182.4386578,-1.435856065,0.473887833
2020,7,112,0.345614046,-0.104233578,-0.394545466,0.257138195,34.53461592,102.2521878,60.07370305,-1.842244038,0.433363162
2020,8,112,0.378158867,-0.029945256,-0.382208109,0.178062909,32.25212989,187.0940795,102.2521878,-1.655410038,0.451994093
2020,9,112,0.397099674,-0.126037449,-0.438138872,0.228932017,32.33086592,61.00931263,187.0940795,-1.663116968,0.451225565
2021,6,112,0.299369246,-0.134593636,-0.361464173,0.196847882,35.13697626,46.42385864,61.00931263,-2.27309724,0.39039884
2021,7,112,0.241707593,-0.182967827,-0.326009035,0.166737301,29.5601676,207.1486611,46.42385864,-2.616909182,0.356114199
2021,8,112,0.313907921,-0.059880812,-0.330166131,0.150196884,30.56812849,76.63852024,207.1486611,-2.014774156,0.416158603
2021,9,112,0.315046608,-0.192185,-0.402078658,0.17265192,30.7402933,171.777317,76.63852024,-2.298086773,0.387906905
2022,6,112,0.239773437,-0.160194889,-0.338618338,0.172716008,35.45314944,52.31393385,171.777317,-2.528935138,0.364886898
2022,7,112,0.329233676,-0.137375295,-0.38560158,0.24237359,29.29479749,150.50354,52.31393385,-1.971340764,0.420489744
2022,8,112,0.645228863,0.040681172,-0.561612725,0.416473587,27.99229749,142.5102587,150.50354,0.185059154,0.635524148
2022,9,112,0.538610637,-0.052588332,-0.532668173,0.313130138,27.51874302,115.0767217,142.5102587,-0.658116746,0.55144335
2023,6,112,0.411941707,-0.118296489,-0.430046141,0.29073577,28.96698324,109.3963909,115.0767217,-1.481117678,0.469374382
2023,7,112,0.502091765,-0.049256016,-0.477059305,0.34974548,27.15777933,205.5619507,109.3963909,-0.775522007,0.539735795
2023,8,112,0.466736406,-0.095308989,-0.492698729,0.288222422,28.8938338,153.8219814,205.5619507,-1.076448282,0.509727677
2023,9,112,0.459371954,-0.096412107,-0.489755452,0.267131866,28.41106145,176.180172,153.8219814,-1.171305226,0.500268622
2024,6,112,0.337470651,-0.143833026,-0.409124851,0.232560386,33.20114525,30.84146546,176.180172,-1.936524925,0.423961551
2024,7,112,0.340537161,-0.162772581,-0.401212841,0.222496108,31.30210196,114.6529837,30.84146546,-2.083935893,0.409261852
2024,8,112,0.43163538,-0.118650287,-0.473781049,0.260949431,28.18039106,157.8430714,114.6529837,-1.382312415,0.479227161
2024,9,112,0.377500921,-0.176110864,-0.445466846,0.207867859,28.7946648,170.1621089,157.8430714,-1.853694056,0.432221376
2025,6,112,0.267894626,-0.163823038,-0.37219277,0.202294492,31.93328212,59.00688498,170.1621089,-2.290720542,0.388641459
2025,8,112,0.383299112,-0.184916317,-0.429278642,0.209080048,27.03435754,286.6150026,59.00688498,-1.922399732,0.425370103
2025,9,112,0.577312648,-0.004842822,-0.552682757,0.353384314,25.45040503,142.9936152,286.6150026,-0.157454171,0.601369005
2019,7,113,0.431624025,0.138202354,-0.363029301,0.770630874,26.9051325,266.0963745,60.14883161,0.337089398,0.650684478
2019,8,113,0.709195018,0.170973301,-0.62100184,0.466998755,25.59395397,233.116055,266.0963745,1.13025848,0.729778638
2019,9,113,0.689149439,0.185675249,-0.621304572,0.414515812,25.0991841,158.212244,233.116055,0.991521331,0.715943885
2020,6,113,0.759443998,0.195968196,-0.737582862,0.382217168,27.88355649,70.48879218,158.212244,1.283551669,0.745064907
2020,7,113,0.721526563,0.17845659,-0.638944089,0.483144291,28.95576011,168.0126974,70.48879218,1.08280815,0.725046931
2020,8,113,0.692387998,0.18185854,-0.617636681,0.449329505,26.02926081,356.569418,168.0126974,1.040992181,0.720877077
2020,9,113,0.764396191,0.229791105,-0.684574306,0.447539783,26.00358438,54.91679526,356.569418,1.569673081,0.773596696
2021,6,113,0.692561984,0.171365723,-0.646743476,0.457590098,28.30945607,60.42597294,54.91679526,0.935363553,0.710343878
2021,7,113,0.654599428,0.117165267,-0.590696931,0.398216015,26.45350767,367.8561249,60.42597294,0.496805274,0.666611212
2021,8,113,0.626724839,0.128632024,-0.571213961,0.386305128,26.36665969,128.826046,367.8561249,0.547336773,0.671650171
2021,9,113,0.687717259,0.132891521,-0.620243907,0.392361327,24.93865411,259.0664043,128.826046,0.718315696,0.688700047
2022,6,113,0.632103443,0.162043795,-0.632132947,0.414635833,29.07600418,75.23940289,259.0664043,0.764273734,0.693282944
2022,7,113,0.669837713,0.137845561,-0.600000024,0.471854305,24.06829614,302.2296557,75.23940289,0.809162674,0.697759232
2022,8,113,0.712299764,0.152797565,-0.657209694,0.461108068,25.062894,205.5205493,302.2296557,1.172878689,0.73402869
2022,9,113,0.710979044,0.179487184,-0.658924222,0.446579433,24.37096234,103.3890586,205.5205493,1.159037316,0.732648439
2023,6,113,0.726618946,0.207805276,-0.652028024,0.506730785,25.66910042,154.0642786,103.3890586,1.333591183,0.750054806
2023,7,113,0.792879701,0.21959801,-0.697373152,0.527711462,25.64447466,388.6665802,154.0642786,1.749089991,0.791488001
2023,8,113,0.78561157,0.225853354,-0.706158161,0.508737156,24.63456764,218.7870722,388.6665802,1.858347129,0.802383032
2023,9,113,0.751434028,0.224864408,-0.701969504,0.472812332,24.74335425,182.4078026,218.7870722,1.577119251,0.774339222
2024,6,113,0.765090406,0.206136316,-0.678780675,0.535486099,29.19587169,36.72815561,182.4078026,1.51996388,0.768639736
2024,7,113,0.709329128,0.142571062,-0.639955938,0.460134733,28.09009066,203.9543228,36.72815561,0.885432051,0.70536475
2024,8,113,0.749294877,0.177388743,-0.656379819,0.466227283,24.42078103,258.0330283,203.9543228,1.301810295,0.746885642
2024,9,113,0.763456583,0.195111975,-0.692576408,0.434863367,24.88638773,171.0591542,258.0330283,1.41881005,0.75855276
2025,6,113,0.798752367,0.260454625,-0.714581192,0.588071349,27.29868898,64.11250083,171.0591542,1.996835521,0.816192979
2025,8,113,0.800000012,0.207703456,-0.713781953,0.50963429,23.49492794,440.31252,64.11250083,1.705156279,0.787106968
2025,9,113,0.807536662,0.253811747,-0.721345186,0.506857859,22.96198047,185.0351219,440.31252,2.07749164,0.82423594
2017,9,114,0.752500713,0.246594831,-0.654614151,0.485560432,30.39442254,87.7622261,124.0272474,1.418915132,0.758563239
2018,6,114,0.155535311,-0.178360194,-0.276910245,0.097745679,40.7504507,88.96839619,87.7622261,-3.195469799,0.298420616
2019,6,114,0.13250424,-0.130353391,-0.249664217,0.095158781,45.05052582,40.24547863,88.96839619,-3.218796336,0.296094514
2019,7,114,0.148811176,-0.095071889,-0.203081086,0.114798443,35.3215493,355.0590782,40.24547863,-2.978252201,0.320081374
2019,8,114,0.338815242,0.18978706,-0.24958615,0.049556138,32.1276338,183.3360205,355.0590782,-1.44726941,0.472749703
2019,9,114,0.55070883,0.218697831,-0.462962955,0.479171588,29.483,265.7408409,183.3360205,0.503335985,0.667262449
2020,6,114,0.159679651,-0.142655954,-0.202589929,0.062326247,38.91154225,64.71527332,265.7408409,-3.192035725,0.298763059
2020,7,114,0.241361916,0.014852433,-0.261179268,0.204321911,33.54473944,169.6674988,64.71527332,-2.075438114,0.410109243
2020,8,114,0.636385918,0.168227926,-0.553851426,0.413498527,30.32449296,543.2392654,169.6674988,0.628130296,0.679706834
2020,9,114,0.723706841,0.265304267,-0.606266916,0.475557568,31.73509859,81.55446612,543.2392654,1.525579669,0.769199738
2021,6,114,0.095901005,-0.131011605,-0.187103078,0.071685947,35.87103521,45.41731834,81.55446612,-3.388546549,0.279167164
2021,7,114,0.079282276,-0.084678158,-0.136307269,0.077898362,30.54304225,437.4461136,45.41731834,-3.25445519,0.292538642
2021,8,114,0.530417323,0.146468401,-0.436966836,0.457065444,30.24215493,190.4766102,437.4461136,0.24239293,0.641241425
2021,9,114,0.802973568,0.268747598,-0.668407798,0.476555953,29.11261972,454.147398,190.4766102,1.745758575,0.791155795
2022,6,114,0.127718702,-0.122957155,-0.248696908,0.092940147,39.634,73.22262049,454.147398,-2.90933986,0.326953256
2022,8,114,0.715124846,0.218252927,-0.563587666,0.63472531,30.40790141,241.0326042,73.22262049,1.35491833,0.752181531
2022,9,114,0.696527302,0.312088668,-0.606619179,0.57616349,29.5120493,110.4700318,241.0326042,1.689842917,0.785579932
2023,6,114,0.121457331,-0.126848638,-0.236322805,0.071912763,34.53357746,145.2717667,110.4700318,-3.147430098,0.303211095
2023,7,114,0.141858846,0.011874032,-0.121281467,0.091096751,31.59052113,355.4531193,145.2717667,-2.77036101,0.340812111
2023,8,114,0.834424794,0.371079952,-0.717663467,0.574810375,28.3706338,182.772625,355.4531193,2.546186042,0.870973755
2023,9,114,0.838671744,0.372474462,-0.706182957,0.559702889,29.6736831,289.4239616,182.772625,2.396778006,0.85607491
2024,6,114,0.090150699,-0.126006395,-0.196546555,0.066416726,40.50340141,41.88876213,289.4239616,-3.302911229,0.287706647
2024,7,114,0.339733332,0.073889285,-0.277557939,0.289493865,31.39657277,298.5271168,41.88876213,-1.400076724,0.477455719
2024,8,114,0.822973609,0.415458471,-0.688916445,0.635387229,28.45620188,326.8143088,298.5271168,2.726547129,0.888959213
2024,9,114,0.771115601,0.33411485,-0.666111529,0.5395497,29.48214789,176.4522591,326.8143088,2.052622625,0.821756022
2025,6,114,0.077625573,-0.116749734,-0.192110449,0.06060246,38.6328169,75.9228723,176.4522591,-3.36280942,0.281733649
2025,7,114,0.427207649,0.001640689,-0.354473382,0.291542815,29.95574648,446.3420625,75.9228723,-1.195216784,0.497884181
2025,8,114,0.648302734,0.335790157,-0.555667758,0.480987157,26.75606573,482.34762,446.3420625,1.570428977,0.773672073
2025,9,114,0.793272197,0.313894242,-0.66685617,0.589777927,28.38982394,234.5324421,482.34762,2.268121842,0.843245425
2019,7,115,0.326408327,0.012103348,-0.348548055,0.223740419,29.797338,477.8232212,60.7160209,-1.544215778,0.463082292
2019,8,115,0.444141686,0.148892105,-0.369876534,0.368266405,27.46475524,278.0705614,477.8232212,-0.213974743,0.59573282
2019,9,115,0.410987675,0.113672495,-0.379324019,0.315098615,25.71495804,157.9682827,278.0705614,-0.62463736,0.554781886
2020,6,115,0.351923168,-0.015809758,-0.437493891,0.16534225,33.08294406,77.12387535,157.9682827,-1.560184544,0.4614899
2020,7,115,0.405010432,0.024158265,-0.350050151,0.294642857,29.36075991,248.9941745,77.12387535,-1.203168199,0.497091273
2020,8,115,0.511464357,0.113856055,-0.447837263,0.336545428,27.23862937,539.6709747,248.9941745,-0.157472896,0.601367138
2020,9,115,0.484162897,0.086092718,-0.44972375,0.264862412,28.16616783,61.61270319,539.6709747,-0.388174457,0.57836177
2021,6,115,0.44787848,0.08103627,-0.440333515,0.322362936,31.60506294,62.06810951,61.61270319,-0.720871313,0.545185517
2021,7,115,0.443110377,0.093007267,-0.434066206,0.318024094,27.4850303,547.2051926,62.06810951,-0.56718845,0.560510644
2021,8,115,0.507368624,0.125778317,-0.418461055,0.412727915,25.40753846,198.7303848,547.2051926,0.112779334,0.628316465
2021,9,115,0.553009212,0.114787132,-0.478072494,0.362970739,25.58630769,297.6549454,198.7303848,0.007007403,0.617768976
2022,6,115,0.399614424,0.030948553,-0.436083913,0.278441011,32.79993706,93.34440267,297.6549454,-0.961060249,0.521234076
2022,7,115,0.462583065,0.111062333,-0.433182329,0.30551103,28.06469464,533.3995523,93.34440267,-0.484845793,0.568721785
2022,8,115,0.52740562,0.101207465,-0.535823643,0.335554867,26.3406014,253.2313232,533.3995523,0.172751397,0.634296829
2022,9,115,0.522194147,0.104040407,-0.50696677,0.342238519,26.19326573,138.0996037,253.2313232,-0.078499462,0.609242303
2023,6,115,0.325011194,0.025762249,-0.34039104,0.272947372,30.02615385,182.9829044,138.0996037,-1.425960196,0.47487464
2023,7,115,0.439007461,0.085670106,-0.392043352,0.341240157,26.54744522,592.471077,182.9829044,-0.55264696,0.561960709
2023,8,115,0.553457856,0.10409189,-0.50588733,0.365804212,26.87483916,273.1806335,592.471077,0.268923882,0.643887069
2023,9,115,0.619486511,0.150339022,-0.586073518,0.366276128,26.21848951,210.4558449,273.1806335,0.553995958,0.672314219
2024,6,115,0.3988868,-0.006250151,-0.394670069,0.267021438,34.12755245,46.63808922,210.4558449,-1.290039325,0.488428557
2024,7,115,0.471143633,0.090608634,-0.429262131,0.391471569,27.21618182,316.8014984,46.63808922,-0.415902601,0.575596743
2024,8,115,0.591385961,0.151188344,-0.547798038,0.423086039,26.64006993,387.0215569,316.8014984,0.587257283,0.675631011
2024,9,115,0.534709692,0.111578733,-0.454538286,0.399790754,26.02948951,187.4122017,387.0215569,0.071848907,0.624234917
2025,6,115,0.357331932,0.020700637,-0.377013952,0.247879255,29.98104196,81.51503057,187.4122017,-1.329916833,0.484452005
2025,8,115,0.518652201,0.081405312,-0.494375378,0.335304185,26.68498368,600.1806297,81.51503057,-0.228034257,0.594330817
2025,9,115,0.477175146,0.089628883,-0.46127528,0.276766177,24.79412587,210.1080418,600.1806297,-0.228402265,0.59429412
2019,6,116,0.212747455,-0.078345887,-0.374497026,0.153255849,40.76297852,41.84299319,69.65399098,-2.405568543,0.377188912
2019,7,116,0.259226322,-0.07825359,-0.363505065,0.194359248,32.64134921,608.5424595,41.84299319,-2.042192665,0.413424452
2019,8,116,0.402512491,0.122854158,-0.423458993,0.261478913,29.51684874,288.5845299,608.5424595,-0.44182004,0.573012277
2019,9,116,0.690984368,0.217886448,-0.627627611,0.591326718,28.30151261,212.0778618,288.5845299,1.512158657,0.767861406
2020,6,116,0.210903868,-0.113581732,-0.334841639,0.083103892,36.57423669,72.86765854,212.0778618,-2.627589644,0.355049153
2020,7,116,0.21089597,-0.101123333,-0.355751157,0.141537162,30.40263305,314.6156497,72.86765854,-2.369156803,0.38081986
2020,8,116,0.774245203,0.271478266,-0.67708832,0.618506745,28.95369048,633.5415878,314.6156497,2.140559234,0.830524988
2020,9,116,0.620985031,0.114669614,-0.591589987,0.421787506,30.65912465,82.61783539,633.5415878,0.717250695,0.688593846
2021,6,116,0.105502516,-0.099835381,-0.289926201,0.070474328,36.02513305,46.9197216,82.61783539,-3.024194166,0.31550008
2021,7,116,0.122947827,-0.077199817,-0.327868849,0.084775609,30.57363445,729.9827271,46.9197216,-2.60747135,0.357055332
2021,8,116,0.404454857,0.08744327,-0.431302279,0.345046006,29.05560924,222.9355621,729.9827271,-0.284504725,0.588699629
2021,9,116,0.721377909,0.223146468,-0.647914648,0.561269409,27.31689776,521.3841438,222.9355621,1.610568138,0.777674717
2022,6,116,0.113543093,-0.085521698,-0.298763454,0.08236987,37.13682773,87.4293946,521.3841438,-2.644163255,0.353396446
2022,8,116,0.425419301,0.068311162,-0.470359445,0.308931567,29.55764006,300.6518736,87.4293946,-0.681374466,0.549124109
2022,9,116,0.67885375,0.207307547,-0.568052351,0.510622414,28.05464986,155.428371,300.6518736,1.131244393,0.729876952
2023,6,116,0.388135582,0.007665874,-0.479239434,0.329496403,34.35053221,160.7250614,155.428371,-0.943872144,0.52294806
2023,7,116,0.586763501,0.159539953,-0.563419461,0.478258009,29.28092437,765.7604256,160.7250614,0.708256538,0.687696956
2023,8,116,0.593960643,0.164787337,-0.530020714,0.404398267,27.90372549,265.2325935,765.7604256,0.794875401,0.696334517
2023,9,116,0.82593441,0.29870525,-0.665743113,0.656040554,28.38081232,282.5097542,265.2325935,2.306094755,0.847032052
2024,6,116,0.167502508,-0.088726513,-0.361403495,0.119459215,37.95245098,40.59523328,282.5097542,-2.476141437,0.370151442
2024,7,116,0.539172292,0.113397598,-0.560478151,0.462671518,30.33897759,502.6187801,40.59523328,0.26916375,0.643910989
2024,8,116,0.356888771,0.012743363,-0.463052928,0.225205004,27.75932773,478.6786528,502.6187801,-0.900243345,0.527298687
2024,9,116,0.640071869,0.146014675,-0.572822273,0.500820994,28.2667577,225.6233672,478.6786528,0.954734624,0.712275545
2025,6,116,0.125648722,-0.080420576,-0.306843758,0.094683488,33.3085014,83.45296171,225.6233672,-2.691756117,0.348650525
2025,7,116,0.452186435,0.047487002,-0.445241511,0.319210285,28.90071429,735.8066301,83.45296171,-0.636963495,0.553552734
2025,8,116,0.374886572,0.031933926,-0.445372492,0.24767103,26.92679739,652.9645176,735.8066301,-0.598944064,0.557344
2025,9,116,0.571059406,0.08819133,-0.587125957,0.424335196,28.0380042,248.518734,652.9645176,0.593530856,0.676256606
2018,6,117,0.531468511,0.216908112,-0.515570939,0.37639734,20.22910927,172.2996912,190.8614531,0.456077786,0.662549901
2019,6,117,0.535205543,0.197391301,-0.482238978,0.308352403,20.98191001,199.6457129,172.2996912,0.154913034,0.632518002
2019,7,117,0.267709404,0.231369346,-0.15287444,0.324895428,16.63065197,345.3028383,199.6457129,-0.955941497,0.521744514
2019,8,117,0.535897434,0.305493087,-0.44952178,0.31565103,18.08414601,239.3499994,345.3028383,0.607408646,0.677640488
2019,9,117,0.594187915,0.272330374,-0.52586931,0.276587458,18.36343664,451.8306236,239.3499994,0.691034658,0.685979604
2020,6,117,0.45164004,0.167664677,-0.275212407,0.361957401,22.64036731,223.4624576,451.8306236,-0.339414671,0.583224055
2020,7,117,0.450771391,0.19383429,-0.394822001,0.30768592,18.07455234,185.969734,223.4624576,-0.183181429,0.598803504
2020,8,117,0.305347592,0.189582318,-0.261142462,0.341228003,19.14400367,470.6635437,185.969734,-0.736333294,0.543643661
2020,9,117,0.550882816,0.272885472,-0.531475246,0.280738276,20.8422865,181.3060961,470.6635437,0.680381985,0.684917329
2021,6,117,0.419354826,0.117932148,-0.39986515,0.260619876,20.11433884,225.6439133,181.3060961,-0.64011323,0.553238645
2021,7,117,0.141630903,0.266653329,-0.12371134,0.157454305,17.49629936,400.9566059,225.6439133,-1.53398856,0.464102142
2021,8,117,0.40378949,0.301633954,-0.244933382,0.353232812,18.79589532,206.5927696,400.9566059,-0.074871593,0.609604071
2021,9,117,0.536446154,0.340578347,-0.421602637,0.243636222,15.60792011,782.7215195,206.5927696,0.553539256,0.672268677
2022,6,117,0.512241066,0.20992136,-0.498250872,0.348421147,21.14280992,214.9393573,782.7215195,0.654553724,0.682341756
2022,7,117,0.599247396,0.318596095,-0.484716147,0.552136604,19.19484389,400.9106026,214.9393573,1.329731353,0.749669907
2022,8,117,0.081125826,0.270576388,-0.005001924,0.31981982,16.31639118,234.1737061,400.9106026,-1.484909857,0.468996229
2022,9,117,0.620539665,0.297422051,-0.542884946,0.333007105,18.77128099,290.861665,234.1737061,0.956063698,0.712408079
2023,6,117,0.569634259,0.246698007,-0.443328977,0.411119306,20.23680441,385.4797173,290.861665,0.64857478,0.681745541
2023,7,117,0.602890253,0.266890079,-0.526361048,0.51132896,17.03246097,474.6959267,385.4797173,1.322309053,0.748929761
2023,8,117,0.678388953,0.318090111,-0.566176474,0.442435775,18.04550275,223.7712879,474.6959267,1.592622968,0.77588524
2023,9,117,0.62821734,0.299600542,-0.583208382,0.349729011,18.56061295,336.7870121,223.7712879,1.117534152,0.728509779
2024,6,117,0.552826524,0.231266767,-0.498236954,0.449020393,22.44164601,113.9927468,336.7870121,0.720891342,0.688956888
2024,7,117,0.608282745,0.233205155,-0.526414633,0.46939789,19.6909573,300.4598789,113.9927468,0.892229989,0.706042635
2024,8,117,0.649950266,0.254731745,-0.550260663,0.483866375,18.72973829,404.4486001,300.4598789,1.291933377,0.745900724
2024,9,117,0.651829004,0.277430862,-0.567498386,0.391632098,19.02732782,373.3592547,404.4486001,1.264259399,0.743141098
2025,6,117,0.503907323,0.164159209,-0.453372329,0.367124561,20.0171281,153.0199758,373.3592547,0.165495703,0.633573297
2025,7,117,0.035157666,0.299479574,-0.025493717,0.199287464,17.53181129,425.6062503,153.0199758,-1.837378497,0.43384835
2025,8,117,-0.005817037,0.22652103,0.045784645,0.22563646,18.02143939,477.2754803,425.6062503,-2.106023319,0.407059312
2025,9,117,0.628529966,0.237874985,-0.570573747,0.368187433,17.87610193,388.4898224,477.2754803,1.1003581,0.726796997
2018,6,118,0.350531101,0.010789325,-0.414194912,0.232332037,38.74935664,91.87918758,81.84329605,-1.497982451,0.467692641
2019,6,118,0.243155256,-0.060439914,-0.361239016,0.164759398,39.65443823,44.86764951,91.87918758,-2.257404163,0.39196374
2019,7,118,0.235101849,-0.024997886,-0.303787827,0.15480941,30.99287179,401.3150444,44.86764951,-2.16425624,0.401252374
2019,8,118,0.695177913,0.264564961,-0.594218373,0.514775653,30.36317483,180.9895048,401.3150444,1.467396237,0.763397734
2019,9,118,0.582806587,0.273623675,-0.486935854,0.51888362,28.19338462,219.685276,180.9895048,0.905872754,0.70740308
2020,6,118,0.089983262,-0.088761017,-0.233078226,0.057656212,35.8466993,71.2746473,219.685276,-3.091201967,0.308818118
2020,7,118,0.106844738,-0.038508557,-0.183398768,0.082251639,32.18755245,181.3711754,71.2746473,-2.975175477,0.320388183
2020,8,118,0.433371127,0.084862493,-0.393979013,0.277656555,29.79646853,542.3855476,181.3711754,-0.754826011,0.541799582
2020,9,118,0.724418819,0.315766007,-0.636522651,0.517880072,31.13225874,76.75919476,542.3855476,1.866079557,0.803154103
2021,6,118,0.152640417,-0.05992249,-0.267449886,0.130392731,33.77102098,44.13331604,76.75919476,-2.68580195,0.34924427
2021,7,118,0.084112152,-0.051867586,-0.194270372,0.070345332,29.31804196,515.948801,44.13331604,-2.983947211,0.319513473
2021,8,118,0.274038464,0.100796998,-0.29657796,0.198808757,29.0467972,188.9526939,515.948801,-1.304638531,0.486972736
2021,9,118,0.628766716,0.264636904,-0.535373688,0.521270548,27.81428671,419.549015,188.9526939,1.145264607,0.731275036
2022,6,118,0.099440381,-0.07577119,-0.254640639,0.101727665,36.0922028,70.21916842,419.549015,-2.757938037,0.342050919
2022,8,118,0.225157276,-0.00582383,-0.289858013,0.160790325,30.32508392,252.7054348,70.21916842,-2.147161547,0.402957042
2022,9,118,0.326648533,0.057595085,-0.373258799,0.228347972,28.53088811,118.1108956,252.7054348,-1.259435292,0.491480365
2023,6,118,0.207006365,0.011790879,-0.307638407,0.124212156,31.82241958,174.3215351,118.1108956,-2.170991103,0.400580779
2023,7,118,0.176120609,0.003893198,-0.277967244,0.105100338,29.8666993,353.9335365,174.3215351,-2.281408293,0.389570069
2023,8,118,0.239958808,0.184059769,-0.229442969,0.188374161,28.31960839,166.933279,353.9335365,-1.379523118,0.479505307
2023,9,118,0.683624685,0.185557902,-0.579817295,0.425368652,28.34591608,227.9212646,166.933279,0.836640982,0.700499346
2024,6,118,0.099964991,-0.07783775,-0.233491465,0.072099236,37.00253147,44.68700604,227.9212646,-3.014996124,0.316417301
2024,7,118,0.348547757,0.045664407,-0.376844555,0.250779341,31.06781585,330.49722,44.68700604,-1.313041605,0.486134788
2024,8,118,0.825744271,0.421138436,-0.686521053,0.677681364,28.15681585,370.2696141,330.49722,2.871303481,0.903394195
2024,9,118,0.834040582,0.368647337,-0.713915884,0.703323447,28.69552448,184.105858,370.2696141,2.816778633,0.897957023
2025,6,118,0.11270459,-0.061726473,-0.246689335,0.090384046,32.00346853,77.17834365,184.105858,-2.820166402,0.335845559
2025,7,118,0.458435357,0.235673547,-0.377412587,0.409633844,29.19808392,439.7816889,77.17834365,-0.024394343,0.61463762
2025,8,118,0.805619538,0.345832616,-0.644640207,0.653001792,27.45860606,486.362793,439.7816889,2.523276093,0.868689194
2025,9,118,0.557446837,0.15109098,-0.534591198,0.381152023,27.38358741,212.2776699,486.362793,0.451171413,0.662060641
2019,7,119,0.64195776,0.10596858,-0.588348031,0.45045463,30.58817107,154.246109,56.12708408,0.444338792,0.661379298
2019,8,119,0.783880353,0.279754817,-0.663890064,0.608091205,29.66011822,176.5055194,154.246109,1.93512086,0.810038844
2019,9,119,0.698809862,0.192525893,-0.619060695,0.497113313,30.8375452,147.4555645,176.5055194,1.102356834,0.726996309
2020,6,119,0.640794754,0.089231499,-0.664877057,0.344111239,35.00752434,62.54214001,147.4555645,0.316128732,0.648594297
2020,7,119,0.628230631,0.114285715,-0.579940438,0.467230991,35.62584145,118.0493976,62.54214001,0.392718242,0.65623174
2020,8,119,0.570405066,0.060498938,-0.548886538,0.389572065,32.43316412,213.8088446,118.0493976,-0.06293115,0.610794762
2020,9,119,0.567091703,0.083101392,-0.577970684,0.375551471,33.11188456,54.25276169,213.8088446,0.06254579,0.623307218
2021,6,119,0.63310492,0.081494987,-0.61502856,0.425162843,36.95546592,53.67996025,54.25276169,0.249789358,0.64197899
2021,7,119,0.512411296,0.025132053,-0.539440334,0.335236999,30.93673157,239.9529629,53.67996025,-0.465047734,0.570696031
2021,8,119,0.765143692,0.217991248,-0.677060843,0.554193371,32.91290682,87.42561626,239.9529629,1.595955461,0.776217553
2021,9,119,0.71406275,0.132910028,-0.625851035,0.472626171,32.70630042,167.0088158,87.42561626,0.823943509,0.699233164
2022,6,119,0.653731346,0.0665811,-0.696559191,0.42149158,35.54057719,61.85679793,167.0088158,0.519520695,0.668876375
2022,7,119,0.750766098,0.15304406,-0.713143408,0.520225077,30.75987483,186.6424437,61.85679793,1.294606059,0.746167242
2022,8,119,0.863579452,0.355484754,-0.713792443,0.735006924,30.02120306,155.6463356,186.6424437,2.769816973,0.893274045
2022,9,119,0.724712193,0.22490868,-0.681470871,0.517380053,30.56277469,98.18383169,155.6463356,1.439496759,0.760615622
2023,6,119,0.803175449,0.20913294,-0.692175269,0.604914721,30.862879,130.1057482,98.18383169,1.742460863,0.79082695
2023,7,119,0.853675187,0.267955869,-0.748796523,0.644833136,27.6998331,235.3809643,130.1057482,2.350727842,0.851482826
2023,8,119,0.674701571,0.143280447,-0.650227606,0.433134149,30.10940195,159.1138344,235.3809643,0.866912599,0.703518006
2023,9,119,0.72177881,0.167601004,-0.682168484,0.458845276,30.30172462,155.9865532,159.1138344,1.131920198,0.729944343
2024,6,119,0.769759595,0.168485895,-0.679366291,0.564607395,35.04470793,32.99184448,155.9865532,1.379484638,0.754631263
2024,7,119,0.618942738,0.073041558,-0.623114049,0.400329915,33.50385257,135.3383617,32.99184448,0.201626129,0.637176193
2024,8,119,0.817201674,0.245967746,-0.72064966,0.600533007,29.93650904,177.0549016,135.3383617,1.997548077,0.816264034
2024,9,119,0.802108943,0.27063638,-0.725876987,0.58075522,29.34193324,158.8630213,177.0549016,2.045576212,0.82105336
2025,6,119,0.620305598,0.083548985,-0.618210018,0.420731922,33.55723227,60.58416278,158.8630213,0.335883474,0.650564224
2025,8,119,0.838409245,0.251971215,-0.744863808,0.599510457,28.1068637,312.7612081,60.58416278,2.12208109,0.828682363
2025,9,119,0.784714103,0.240102157,-0.714743555,0.556074134,26.07925591,154.0085144,312.7612081,1.950015823,0.811524158
2019,7,120,0.349948496,0.02973571,-0.408040553,0.258359135,28.45735784,104.8396339,49.76506448,-1.281473019,0.489282781
2019,8,120,0.820015967,0.343362868,-0.681609154,0.675729913,27.99214979,126.6911955,104.8396339,2.396715729,0.8560687
2019,9,120,0.519024432,0.107295118,-0.538067937,0.367386344,29.60229542,153.4184437,126.6911955,-0.064325845,0.610655684
2020,6,120,0.241859168,-0.065572716,-0.391468406,0.125272456,31.28072122,45.11295861,153.4184437,-2.149083675,0.402765369
2020,7,120,0.32712087,-0.007768483,-0.441669673,0.242131576,34.0667337,64.79626489,45.11295861,-1.49360491,0.468129166
2020,8,120,0.394936174,0.182953715,-0.438197225,0.295097342,31.49616505,150.8751364,64.79626489,-0.540630765,0.563158954
2020,9,120,0.637717724,0.132404253,-0.597150385,0.421871394,31.19245492,68.15676451,150.8751364,0.515438972,0.668469349
2021,6,120,0.215717018,-0.036906995,-0.313777894,0.159529754,34.86165742,37.97003508,68.15676451,-2.318441503,0.385877148
2021,7,120,0.244641036,-0.005385487,-0.359395653,0.199301475,29.79699723,152.6371889,37.97003508,-1.887386681,0.428861576
2021,8,120,0.373894036,0.000323721,-0.407452732,0.282117142,33.00912621,65.67866516,152.6371889,-1.277257121,0.489703187
2021,9,120,0.259760737,-0.036274448,-0.345519006,0.176923629,30.84082524,166.8016586,65.67866516,-2.032506323,0.414390366
2022,6,120,0.209010184,-0.071742758,-0.320008248,0.146912576,34.16030513,47.05120087,166.8016586,-2.389969022,0.378744483
2022,7,120,0.278852165,-0.04547571,-0.365149826,0.21672377,30.09635229,123.9794312,47.05120087,-1.898322017,0.427771113
2022,8,120,0.804295838,0.322749913,-0.709332883,0.723240898,29.41805825,113.514657,123.9794312,2.455449272,0.86192556
2022,9,120,0.296936363,-0.020511946,-0.390721351,0.227786014,29.75241331,93.16688585,113.514657,-1.651317287,0.452402219
2023,6,120,0.293971419,-0.006465857,-0.374345541,0.222072678,28.64634535,104.1731629,93.16688585,-1.658902107,0.451645867
2023,7,120,0.537739635,0.102395855,-0.529330969,0.348719194,26.44355756,151.6159687,104.1731629,-0.076406535,0.609451008
2023,8,120,0.673853397,0.272286832,-0.596858621,0.558021927,27.73430652,113.6995287,151.6159687,1.412103474,0.757883986
2023,9,120,0.545053005,0.163866252,-0.528089881,0.425554419,28.15319695,153.3101749,113.6995287,0.295309953,0.646518266
2024,6,120,0.223898858,-0.059436847,-0.345116615,0.167736806,30.48558252,25.80340528,153.3101749,-2.177789835,0.399902815
2024,7,120,0.239627436,-0.066645756,-0.35610199,0.168487483,30.79848821,78.85258675,25.80340528,-2.212851674,0.396406478
2024,8,120,0.387874693,0.007691049,-0.439121276,0.277100807,29.1334258,128.9317109,78.85258675,-1.143155981,0.503075641
2024,9,120,0.465218693,-0.008032169,-0.498016238,0.330905834,28.80407074,165.0583168,128.9317109,-0.726890928,0.544585246
2025,6,120,0.274284422,-0.031035202,-0.403674275,0.192710721,29.9507975,39.10952944,165.0583168,-1.76334018,0.441231389
2025,7,120,0.195652172,-0.077468358,-0.296660125,0.139222503,28.71117429,145.326215,39.10952944,-2.501888104,0.367584005
2025,8,120,0.229292259,-0.112872541,-0.315467805,0.163192452,28.19622746,241.4968367,145.326215,-2.357508117,0.381981458
2025,9,120,0.419676214,0.034588777,-0.44853875,0.323185852,25.21084605,140.5702167,241.4968367,-0.70755478,0.54651343
2019,7,121,0.601763129,0.058159105,-0.562865376,0.408599556,29.37679184,415.6722851,80.12342777,0.127374787,0.629771911
2019,8,121,0.630602062,0.235990256,-0.490894049,0.603648053,26.7200765,297.4134521,415.6722851,1.260861947,0.742802307
2019,9,121,0.657368183,0.194207951,-0.547933519,0.487856713,24.48066064,179.0165367,297.4134521,0.990726895,0.715864664
2020,6,121,0.643417299,0.037523925,-0.668349087,0.318725003,32.90166203,93.78505832,179.0165367,0.154272682,0.632454147
2020,7,121,0.480704874,0.03315175,-0.447133213,0.441423375,26.77078581,229.3549777,93.78505832,-0.416616707,0.575525533
2020,8,121,0.759075701,0.142982349,-0.635858238,0.52076508,26.53497914,542.4534569,229.3549777,1.325863819,0.749284239
2020,9,121,0.739949286,0.136234626,-0.653351367,0.425391591,28.30145341,64.35570852,542.4534569,1.17114458,0.733855766
2021,6,121,0.635312676,0.068891905,-0.572815537,0.419584412,31.0233936,83.27951622,64.35570852,0.187202597,0.635737891
2021,7,121,0.623216331,0.089907423,-0.554287672,0.438463226,26.97687065,493.0901747,83.27951622,0.372799889,0.654245498
2021,8,121,0.395378888,0.136674494,-0.329133242,0.419360249,25.62401947,197.4744473,493.0901747,-0.328024536,0.58435987
2021,9,121,0.789907098,0.194000214,-0.664389968,0.49579882,25.00819889,326.6830788,197.4744473,1.531798535,0.769819878
2022,6,121,0.618372679,0.04679602,-0.611183703,0.401089547,32.98495132,113.7916484,326.6830788,0.271826705,0.644176536
2022,7,121,0.789238751,0.224295899,-0.6703704,0.620322732,26.31490496,450.3395796,113.7916484,1.875579853,0.804101465
2022,8,121,0.881091595,0.270781904,-0.75255394,0.675181119,25.04093185,269.0794649,450.3395796,2.735361005,0.889838125
2022,9,121,0.75016439,0.20354712,-0.651364744,0.531794249,25.7881363,135.9668639,269.0794649,1.52250236,0.768892871
2023,6,121,0.364323407,0.061029863,-0.318457246,0.03457079,28.55100834,220.6716976,135.9668639,-1.775017766,0.44006691
2023,7,121,0.582903326,0.13901256,-0.482277274,0.477996191,24.90482615,545.3940468,220.6716976,0.487494986,0.665682798
2023,8,121,0.806254447,0.2333159,-0.696775258,0.624984873,24.96232962,291.1742663,545.3940468,2.269921614,0.843424897
2023,9,121,0.831800282,0.207762152,-0.737417936,0.54919303,26.57867872,211.4735527,291.1742663,1.974911923,0.814006776
2024,6,121,0.652197838,0.058769137,-0.613946855,0.451116263,34.39771905,54.04798868,211.4735527,0.400496064,0.657007338
2024,7,121,0.681019127,0.155253291,-0.584411979,0.597333977,26.79342605,289.4515533,54.04798868,1.080886468,0.724855302
2024,8,121,0.825539112,0.264730573,-0.713440955,0.642854447,25.83394993,386.2556524,289.4515533,2.3436181,0.850773849
2024,9,121,0.762624025,0.216361463,-0.659676194,0.60000319,26.00004868,206.9701007,386.2556524,1.846695016,0.801221093
2025,6,121,0.700105608,0.107608877,-0.659366131,0.460658803,28.5549096,91.50855864,206.9701007,0.873952385,0.704220008
2025,8,121,0.846607685,0.208070174,-0.743732572,0.612106406,26.3578535,631.2556343,91.50855864,2.123358837,0.828809779
2025,9,121,0.773947835,0.145197764,-0.676524878,0.500759586,24.5948331,224.9970322,631.2556343,1.629672119,0.77957975
2019,7,122,0.794790983,0.159524217,-0.707148075,0.278970559,20.5979219,323.0684471,113.9364273,1.053902643,0.722164497
2019,8,122,0.611015499,0.191344932,-0.5,0.259933613,18.99709205,303.8073435,323.0684471,0.374815688,0.654446512
2019,9,122,0.68400836,0.217005849,-0.570483148,0.256056184,19.10562064,210.8652821,303.8073435,0.7454466,0.691405518
2020,6,122,0.795109153,0.186604023,-0.810055375,0.258503791,21.55951185,130.6041143,210.8652821,1.353277118,0.752017871
2020,7,122,0.678134084,0.185983822,-0.586549044,0.261760072,23.72287308,260.5429444,130.6041143,0.523718022,0.669294929
2020,8,122,0.696623445,0.206989542,-0.625357807,0.303413345,20.81462343,413.8578682,260.5429444,0.965537296,0.713352779
2020,9,122,0.817567587,0.231876612,-0.71310991,0.23745879,22.34305439,60.66470399,413.8578682,1.380112248,0.754693848
2021,6,122,0.731343269,0.153540701,-0.68829596,0.312711224,21.62260112,118.7367783,60.66470399,0.838875818,0.700722202
2021,7,122,0.611854255,0.232544512,-0.478110224,0.233024546,19.45169456,488.9162369,118.7367783,0.306502538,0.647634381
2021,8,122,0.671570301,0.180532575,-0.545177996,0.277272912,20.45396792,150.2370987,488.9162369,0.670193642,0.683901355
2021,9,122,0.72446835,0.183697507,-0.577587128,0.267345489,19.04182008,198.8348045,150.2370987,0.666807932,0.683563735
2022,6,122,0.639620662,0.059748426,-0.536790133,0.251681836,21.23876569,112.0642107,198.8348045,-0.076243073,0.609467308
2022,7,122,0.72764951,0.11843618,-0.595407307,0.298619885,20.20193398,413.4939518,112.0642107,0.571666823,0.674076343
2022,8,122,0.765047133,0.074613683,-0.714084506,0.239685569,19.12138773,319.4522362,413.4939518,0.840931699,0.700927212
2022,9,122,0.700883746,0.18972896,-0.57062149,0.235992828,19.71368201,113.7881479,319.4522362,0.63025631,0.679918838
2023,6,122,0.283899695,0.428098112,-0.208703876,0.216638761,21.4988145,211.0811825,113.7881479,-0.513116728,0.565902631
2023,7,122,0.808382392,0.200322077,-0.67672056,0.334741288,20.43468852,559.6711426,211.0811825,1.37989867,0.75467255
2023,8,122,0.805054128,0.241138563,-0.683614433,0.317668201,18.96555091,350.4517975,559.6711426,1.681610324,0.784758985
2023,9,122,0.793918908,0.259134829,-0.685216427,0.300304273,19.96144351,199.4254122,350.4517975,1.509834871,0.76762968
2024,6,122,0.329377592,0.172318444,-0.295198023,0.171461807,22.59845188,69.75126834,199.4254122,-1.149568458,0.502436194
2024,7,122,0.726964891,0.156534135,-0.649733484,0.300378,20.37805904,353.4382229,69.75126834,0.788928014,0.695741448
2024,8,122,0.787500024,0.135922328,-0.67578125,0.257259528,19.58132961,302.9520024,353.4382229,0.995566552,0.716347271
2024,9,122,0.780049145,0.206800297,-0.643001795,0.257336432,19.82753835,164.9692045,302.9520024,1.076048918,0.724372906
2025,6,122,0.71320349,0.150362939,-0.621042371,0.305530095,20.30080893,166.2547714,164.9692045,0.705027771,0.687374986
2025,8,122,0.753709197,0.079452053,-0.608163238,0.230114151,17.99464203,620.7597871,166.2547714,0.480605514,0.664995785
2025,9,122,0.756744027,0.190951005,-0.62969023,0.256746659,19.03270572,169.5214729,620.7597871,1.148878753,0.731635436
2019,7,123,0.324663609,0.022575533,-0.315695971,0.258500073,29.23398611,210.1460276,62.62239066,-1.559284382,0.461579664
2019,8,123,0.59375,0.150453165,-0.504741848,0.418034298,27.92273611,194.1042409,210.1460276,0.355951101,0.652565351
2019,9,123,0.479491502,0.037232932,-0.46454826,0.295580943,27.56215972,152.2668686,194.1042409,-0.648301086,0.552422159
2020,6,123,0.336822391,-0.045496244,-0.419803709,0.157763424,31.66026389,66.24285793,152.2668686,-1.738306866,0.443727691
2020,7,123,0.327644169,-0.047656249,-0.347860336,0.22809102,31.414125,130.2323619,66.24285793,-1.818650184,0.435715922
2020,8,123,0.418582499,0.001124056,-0.397153288,0.275735563,28.95821528,292.9149656,130.2323619,-1.133646444,0.504023924
2020,9,123,0.489267677,0.049844235,-0.483181387,0.291891078,28.64569444,56.52659129,292.9149656,-0.520095144,0.565206749
2021,6,123,0.304749668,-0.012557305,-0.339836538,0.210872269,32.06414583,58.92141533,56.52659129,-1.836853304,0.433900722
2021,7,123,0.263391644,-0.046818763,-0.313235134,0.179768218,29.30715972,292.0844221,58.92141533,-2.089863352,0.408670771
2021,8,123,0.553117096,0.121721804,-0.490273148,0.378553812,27.96318056,115.963438,292.0844221,0.085734477,0.625619574
2021,9,123,0.349502563,-0.07746844,-0.392250896,0.202272378,27.3609375,248.6621065,115.963438,-1.716726686,0.445879648
2022,6,123,0.232973114,-0.042638779,-0.312320918,0.157385818,32.36788889,71.79040635,248.6621065,-2.157504656,0.401925636
2022,7,123,0.517223358,0.091216214,-0.451685399,0.391869983,27.73158333,263.2553134,71.79040635,-0.261139068,0.591029633
2022,8,123,0.707484782,0.225745201,-0.574634135,0.519578898,27.25197222,175.2651553,263.2553134,1.280954167,0.744805886
2022,9,123,0.325635105,-0.076559141,-0.405564636,0.187963163,26.08808333,93.14756703,175.2651553,-1.743584482,0.443201411
2023,6,123,0.327706546,-0.013780585,-0.350905895,0.227495643,28.40507639,149.855257,93.14756703,-1.641276416,0.453403486
2023,7,123,0.477823704,0.068520993,-0.424413443,0.327186593,26.67602083,296.900589,149.855257,-0.560756064,0.561152076
2023,8,123,0.506360352,0.124143302,-0.463052094,0.350655406,26.73209722,175.4885092,296.900589,-0.103438905,0.606755362
2023,9,123,0.485094845,0.05927835,-0.504683852,0.288224139,27.16506944,179.9554367,175.4885092,-0.48503594,0.568702824
2024,6,123,0.262985229,-0.040179469,-0.318569899,0.18293162,31.41940278,34.40757656,179.9554367,-2.051352738,0.412511017
2024,7,123,0.327327728,-0.025060501,-0.347439915,0.227267101,28.76527083,158.0023651,34.40757656,-1.727922017,0.444763259
2024,8,123,0.452554733,0.03399004,-0.431225657,0.283796155,26.86143056,226.3697062,158.0023651,-0.821462701,0.535154627
2024,9,123,0.441285461,0.015329118,-0.446018457,0.258557402,27.30579167,175.8127372,226.3697062,-0.901717827,0.527151653
2025,6,123,0.308581263,-0.008753958,-0.336755633,0.213988542,26.95049306,60.15359639,175.8127372,-1.677361287,0.449805133
2025,8,123,0.615954399,0.133719772,-0.542981505,0.406543813,24.72345139,385.2150631,60.15359639,0.398350799,0.656793414
2025,9,123,0.306472987,-0.075238019,-0.390223801,0.177394874,24.48565278,164.503418,385.2150631,-1.675153633,0.450025278
2019,7,124,0.302823156,-0.020742759,-0.362110168,0.23970793,30.268,521.586113,72.24293768,-1.627720076,0.454755313
2019,8,124,-0.01410679,0.123738103,0.021844342,0.279566387,25.60935417,310.3705659,521.586113,-2.359748772,0.381758021
2019,9,124,-0.030038359,0.168225825,0.044812158,-0.864183189,22.91533333,255.3409729,310.3705659,-4.927815659,0.12567253
2020,6,124,0.240592733,0.025098221,-0.277628869,0.128445301,29.4369375,87.29896533,255.3409729,-2.016999788,0.415936664
2020,7,124,-0.048968431,0.197871014,0.067056812,0.59030837,25.29346528,298.0263649,87.29896533,-1.88075057,0.429523323
2020,8,124,0.283982694,0.10776934,-0.258568048,0.148326145,24.95056481,696.9912949,298.0263649,-1.444249113,0.473050885
2020,9,124,0.011296882,0.115583524,-0.004037685,0.141083521,26.28038889,80.78777887,696.9912949,-2.520032751,0.365774636
2021,6,124,0.464516133,0.009066183,-0.499339491,0.272263188,29.31121528,78.89772987,80.78777887,-0.850998786,0.532209313
2021,7,124,0.470071018,0.016985277,-0.480163306,0.286881221,26.34128472,639.9192104,78.89772987,-0.677974479,0.549463153
2021,9,124,0.340163171,0.192978591,-0.285763204,0.252652105,24.59139583,390.2291985,223.068222,-0.847382249,0.532569951
2022,6,124,0.345008761,-0.044281218,-0.453380316,0.201789129,31.90024306,103.7146821,390.2291985,-1.387212849,0.478738494
2022,7,124,0.493927121,0.023815028,-0.514363885,0.278454047,24.97565278,559.8416638,103.7146821,-0.524253063,0.564792125
2022,8,124,0.61938256,0.058492977,-0.601236463,0.316518891,24.85264815,385.9336796,559.8416638,0.405000127,0.657456479
2022,9,124,0.000510465,0.147440434,0.040252566,0.0390625,23.49565972,179.4631338,385.9336796,-2.906193354,0.327267023
2023,6,124,0.294109493,0.015300547,-0.323086858,0.249585746,27.37522917,198.8535442,179.4631338,-1.558146698,0.461693113
2023,7,124,-0.036064945,0.124154694,0.053561825,1.028251137,23.27833333,675.9472961,198.8535442,-0.931920712,0.524139846
2023,8,124,0.331507832,0.143594474,-0.296715081,-0.999539279,23.21415972,395.5255175,675.9472961,-3.461183355,0.271923882
2023,9,124,0.717451513,0.196911201,-0.635883927,0.365338164,25.20155556,351.1974125,395.5255175,1.155131101,0.732258915
2024,6,124,0.424370766,-0.012114154,-0.476003885,0.260370771,32.94615972,53.5367009,351.1974125,-0.972352863,0.520107986
2024,7,124,0.189133182,0.085252501,-0.196277648,0.326877597,24.70542593,411.868413,53.5367009,-1.685953723,0.448948302
2024,8,124,0.017618148,0.032292705,-0.001861088,0.186998395,25.19226852,445.2182996,411.868413,-2.779454478,0.339905318
2024,9,124,0.41746226,0.226709619,-0.32151109,0.276801272,24.45061806,225.5937417,445.2182996,-0.321515368,0.585008959
2025,6,124,0.48967889,0.051779937,-0.545968473,0.299376008,30.19256944,105.5864824,225.5937417,-0.399404838,0.577241886
2025,8,124,0.517779708,0.094776355,-0.457119077,0.27823088,23.06344444,774.8848505,105.5864824,-0.30392348,0.586763207
2025,9,124,0.000715051,0.147990018,0.023457503,0.426213871,22.53963194,239.2992935,774.8848505,-1.745195963,0.443040716
2019,7,125,0.721491933,0.192270339,-0.626404762,0.49550149,28.51401947,432.8318367,72.08027256,1.185511354,0.735288409
2019,8,125,0.731235981,0.309981287,-0.591735542,0.752543941,27.51799722,312.8425779,432.8318367,2.296444996,0.846069786
2019,9,125,0.692794383,0.307061374,-0.583379507,0.636416514,25.08684979,183.5274296,312.8425779,1.857602827,0.80230881
2020,6,125,0.757307887,0.217557594,-0.748146474,0.38431924,32.65369958,94.71940696,183.5274296,1.341100546,0.750803633
2020,7,125,0.689320385,0.283907235,-0.600175142,0.589578407,27.75405424,256.6218274,94.71940696,1.554486184,0.772082271
2020,8,125,0.534172535,0.252538472,-0.451612592,0.455172016,27.08578581,585.9610538,256.6218274,0.639920074,0.680882501
2020,9,125,0.787397265,0.320950657,-0.688405812,0.542036697,28.00030598,57.40537983,585.9610538,2.258994576,0.842335261
2021,6,125,0.639371872,0.164309904,-0.647688866,0.402442899,33.13703755,79.34827614,57.40537983,0.621588213,0.679054463
2021,7,125,0.622760117,0.158344507,-0.553195953,0.424531029,27.86977051,515.7346373,79.34827614,0.557348538,0.672648536
2021,9,125,0.842497706,0.282729149,-0.758295059,0.582024323,25.64036857,274.5591164,187.3818016,2.329192449,0.849335335
2022,6,125,0.658536613,0.160654366,-0.623542488,0.428618895,34.24349096,108.9304745,274.5591164,0.779043913,0.694755814
2022,7,125,0.193022728,0.128528014,-0.149745628,0.360202159,27.39995828,446.0585036,108.9304745,-1.562554119,0.461253608
2022,8,125,0.894159555,0.295816928,-0.77766341,0.625695537,26.76046592,299.5573292,446.0585036,2.77940856,0.894230511
2022,9,125,0.674188673,0.28399539,-0.535580516,0.553529241,25.7397427,126.9021572,299.5573292,1.416942148,0.758366495
2023,6,125,0.594954729,0.194225952,-0.494885623,0.526682556,30.79128651,198.5737743,126.9021572,0.633216764,0.680214052
2023,7,125,0.828161836,0.280980259,-0.725675941,0.563280001,27.45741771,588.3844814,198.5737743,2.220302026,0.838476873
2023,8,125,0.819732666,0.309379995,-0.71617049,0.629738224,25.20249652,301.9192047,588.3844814,2.634906967,0.879820932
2023,9,125,0.855783999,0.304291576,-0.766355157,0.537070456,26.47493046,199.8060837,301.9192047,2.396092319,0.856006534
2024,6,125,0.694783211,0.1562583,-0.623324931,0.455298898,35.61807371,53.17808038,199.8060837,0.826502833,0.699488378
2024,7,125,0.745002687,0.284696043,-0.625023842,0.649135544,27.5984191,307.6324244,53.17808038,1.854377395,0.801987173
2024,8,125,0.785730779,0.306418926,-0.682401538,0.669170567,26.75474733,373.7198659,307.6324244,2.377664705,0.854168948
2024,9,125,0.688508749,0.269043922,-0.582855701,0.630041502,25.93563282,188.1445954,373.7198659,1.734584499,0.790041525
2025,6,125,0.740935683,0.178003445,-0.686207891,0.463932625,31.42635605,93.87793091,188.1445954,1.220628469,0.738790258
2025,8,125,0.872858226,0.297660023,-0.759682715,0.67069913,26.12582754,631.6741104,93.87793091,2.650131185,0.881339078
2025,9,125,0.776347339,0.24628225,-0.673549294,0.595492139,24.50133519,228.0679207,631.6741104,2.175215047,0.833980837
2019,7,126,0.437119573,0.237413928,-0.390191168,0.425223049,16.68763292,75.17706966,43.51201521,0.063287887,0.623381219
2019,8,126,0.168995634,0.154635489,-0.094139554,0.380837504,16.58235784,86.53849506,75.17706966,-1.570589437,0.460452333
2019,9,126,0.118443601,0.101849593,-0.07104817,0.219589633,18.14886963,119.3253975,86.53849506,-2.272169987,0.390491305
2020,6,126,0.800902486,-0.141233802,-0.878797054,0.158702116,20.66251734,39.08055272,119.3253975,0.152664568,0.632293787
2020,7,126,0.471740663,0.259114623,-0.311090291,0.522672621,19.75903606,41.60621396,39.08055272,0.190299756,0.636046737
2020,8,126,0.18087557,0.047493402,-0.278054863,0.065919301,18.50120897,131.5117431,41.60621396,-2.196075705,0.398079363
2020,9,126,0.787896693,0.240405336,-0.752067626,0.326871734,21.04053398,46.73625468,131.5117431,1.470503335,0.763707572
2021,6,126,0.773165643,0.10357675,-0.652088821,0.173138731,21.04209431,36.45313168,46.73625468,0.352690768,0.652240233
2021,7,126,-0.048246928,0.06891039,0.024096385,-0.206010206,17.52450994,110.3211346,36.45313168,-3.931962218,0.224978206
2021,8,126,0.630191565,0.226610407,-0.513183594,0.253073668,15.52859223,51.83367634,110.3211346,0.410867838,0.658041602
2021,9,126,0.525938749,0.17786634,-0.460440457,0.328413086,16.44262829,207.686636,51.83367634,0.045822864,0.621639621
2022,6,126,0.780985892,0.198578194,-0.701023877,0.434561129,22.1601387,38.97836632,207.686636,1.464401324,0.763099084
2022,7,126,0.118716575,0.130810812,0.04822566,0.037883959,15.09528433,99.72527921,38.97836632,-2.852562011,0.332615096
2022,8,126,0.815685272,0.24197419,-0.714695156,0.442931074,17.35629681,74.2532897,99.72527921,1.73527543,0.790110424
2022,9,126,0.804646254,0.188924953,-0.711575389,0.273088279,18.75986824,74.14383078,74.2532897,1.119638052,0.728719578
2023,6,126,0.03495118,0.106949948,0.000478305,-0.030095982,18.4688835,90.2125268,74.14383078,-3.173374681,0.300623923
2023,7,126,0.776791751,0.239452824,-0.684465766,0.459942264,18.37815534,106.5052137,90.2125268,1.595838361,0.776205876
2023,8,126,0.845112145,0.241028532,-0.781773627,0.405079339,15.50762829,83.23736572,106.5052137,1.90074258,0.806610671
2023,9,126,0.829323649,0.222454667,-0.727389634,0.370332792,17.19488211,122.677927,83.23736572,1.571480464,0.773776927
2024,6,126,0.324936152,0.148777112,-0.273560971,0.444558116,23.53060333,21.5440855,122.677927,-0.756678075,0.541614896
2024,7,126,0.799185872,0.244697839,-0.639060557,0.162352071,18.7806172,53.81479311,21.5440855,0.840979455,0.700931974
2024,8,126,0.79289943,0.32190761,-0.685674548,0.349930362,16.20381415,102.3755848,53.81479311,1.6699745,0.78359867
2024,9,126,0.792383254,0.249242827,-0.733704746,0.313121632,18.71395284,140.7113343,102.3755848,1.465743564,0.763232931
2025,6,126,0.01678809,0.197890818,-0.005954247,0.323772915,18.84339112,32.80452979,140.7113343,-2.090159186,0.40864127
2025,7,126,0.517531574,0.19166106,-0.429326296,0.339043259,17.36096394,93.98729491,32.80452979,-0.022744519,0.614802139
2025,8,126,0.762376249,0.122059323,-0.684262931,0.308207491,16.21501618,187.5426512,93.98729491,0.884498266,0.705271634
2025,9,126,0.730198026,0.078003123,-0.679056048,0.260726795,17.77784327,104.2669902,187.5426512,0.573014947,0.674210777
2019,7,127,0.841844499,0.294715166,-0.722882628,0.605140508,21.27638003,78.35585594,53.47750888,2.267118899,0.843145412
2019,8,127,0.848114192,0.298015654,-0.73958075,0.618131868,20.68160888,102.170423,78.35585594,2.38759241,0.85515893
2019,9,127,0.800105274,0.220223159,-0.701493144,0.513238868,20.57065881,122.2000504,102.170423,1.723167733,0.788903055
2020,6,127,0.842662692,0.301758051,-0.77707845,0.47730845,23.67795423,44.52348723,122.2000504,2.145051584,0.830972961
2020,7,127,0.836349726,0.282712877,-0.723444998,0.595549263,24.34507628,46.1156348,44.52348723,2.144830892,0.830950954
2020,8,127,0.803889811,0.258113712,-0.700967908,0.531068204,24.00629681,125.5969677,46.1156348,1.818170056,0.798376607
2020,9,127,0.795242369,0.284918338,-0.701219499,0.534725025,22.28751734,60.11656857,125.5969677,1.9554431,0.812065361
2021,6,127,0.790709019,0.278854549,-0.702929795,0.56,25.13245492,36.07307625,60.11656857,1.903701932,0.806905775
2021,7,127,0.804949045,0.279864758,-0.712312996,0.571005713,21.74500693,106.5042219,36.07307625,2.026065265,0.819107745
2021,8,127,0.739379585,0.251262188,-0.666909099,0.534055316,23.51204577,55.3127346,106.5042219,1.610893906,0.777707202
2021,9,127,0.757602096,0.282491654,-0.644033372,0.539573216,20.5799792,136.5354767,55.3127346,1.733675488,0.789950879
2022,6,127,0.541208267,0.144322872,-0.494510978,0.392888379,25.17460472,46.0765363,136.5354767,0.100824464,0.627124335
2022,8,127,0.807186246,0.306144834,-0.703721344,0.591639156,22.14366158,92.49207497,46.0765363,2.142023685,0.830671022
2022,9,127,0.805068254,0.280110598,-0.697136283,0.59978942,20.44228155,87.47469902,92.49207497,2.102395352,0.826719317
2023,6,127,0.451090783,0.128626168,-0.396073133,0.257388371,21.71410541,92.19927216,87.47469902,-0.656703479,0.55158428
2023,7,127,0.784553409,0.338264972,-0.687724769,0.599507022,20.92379334,113.8554993,92.19927216,2.227606011,0.83920522
2023,8,127,0.61376673,0.178281173,-0.589453876,0.48764309,20.05669209,94.77696419,113.8554993,0.864919374,0.703319243
2023,9,127,0.629125595,0.17944257,-0.600524783,0.477765931,20.20556865,135.0772591,94.77696419,0.900891624,0.706906366
2024,6,127,0.740306258,0.208044097,-0.655463278,0.523125842,23.17677531,26.03124619,135.0772591,1.434013575,0.760068843
2024,7,127,0.729845166,0.182922333,-0.650534868,0.514907562,23.59818308,57.19246817,26.03124619,1.230702371,0.739794819
2024,8,127,0.7033391,0.176972091,-0.648470044,0.46976222,21.79062413,112.8303161,57.19246817,1.102141764,0.726974862
2024,9,127,0.73578316,0.177373782,-0.648863554,0.452616858,21.23180999,142.8638037,112.8303161,1.184945654,0.735231997
2025,6,127,0.708579242,0.243861511,-0.634819627,0.530593775,23.08522885,37.26382185,142.8638037,1.460144787,0.762674626
2025,7,127,0.533392727,0.191170976,-0.438596487,0.499296765,18.99487517,107.1873097,37.26382185,0.369798937,0.653946246
2025,8,127,0.791978776,0.276106179,-0.700075924,0.565696788,21.48431345,203.3720369,107.1873097,2.011586428,0.817663927
2025,9,127,0.768399358,0.282807529,-0.678139091,0.538464313,19.22205964,131.4248567,203.3720369,1.944860859,0.811010109
2018,6,128,0.527190745,0.118217453,-0.582481742,0.325867354,29.15609116,82.79578352,155.3933067,0.012938301,0.6183604
2019,6,128,0.573051631,0.12526612,-0.607476413,0.31296688,31.54593002,80.61655337,82.79578352,0.091172914,0.626161891
2019,7,128,0.581367135,0.158656538,-0.544065952,0.339428807,27.55066989,320.3230953,80.61655337,0.225276033,0.639534542
2019,8,128,0.679189742,0.206209421,-0.586746454,0.343351009,26.69624309,234.648016,320.3230953,0.849325459,0.701764231
2019,9,128,0.739739716,0.208668724,-0.652091265,0.329147336,25.26184392,358.3350964,234.648016,1.101760317,0.726936825
2020,6,128,0.485475838,0.132590458,-0.494595915,0.295254751,31.25104972,91.73087033,358.3350964,-0.203234673,0.596803811
2020,7,128,0.476837724,0.137582421,-0.449496329,0.364813243,28.58543508,172.5149624,91.73087033,-0.275652222,0.589582394
2020,8,128,0.639365852,0.120564602,-0.567375064,0.32907183,26.95286602,440.826602,172.5149624,0.345714391,0.651544555
2020,9,128,0.70487982,0.164892957,-0.630820394,0.299506258,27.48042127,155.0247288,440.826602,0.824783664,0.699316944
2021,6,128,0.597160041,0.149440855,-0.594477594,0.332008319,29.61655387,95.43824482,155.0247288,0.307575847,0.647741411
2021,7,128,0.561996758,0.105876751,-0.602206111,0.295363117,27.45577348,386.0078001,95.43824482,0.071336757,0.624183846
2021,8,128,0.646887541,0.170305684,-0.562166274,0.361295341,26.37857044,176.910408,386.0078001,0.674285928,0.684309435
2021,9,128,0.738660932,0.116744019,-0.627906978,0.304659498,24.94744475,763.706234,176.910408,0.730639329,0.689928949
2022,6,128,0.502152085,0.073160835,-0.54304105,0.258579291,31.76353591,96.0349021,763.706234,-0.083808777,0.608712862
2022,8,128,0.752932966,0.168164685,-0.651930928,0.383276717,27.0155663,210.7678118,96.0349021,0.976500854,0.714446056
2022,9,128,0.772497416,0.156627715,-0.68083787,0.327277826,25.28404696,245.4824784,210.7678118,1.025946206,0.719376705
2023,6,128,0.604109049,0.122884884,-0.582620144,0.32052031,28.94665055,182.0289097,245.4824784,0.262950403,0.643291399
2023,7,128,0.690697253,0.143862903,-0.648179889,0.373010279,28.06510129,436.0250492,182.0289097,0.813917242,0.698233353
2023,8,128,0.753086448,0.165714279,-0.662207365,0.374140303,25.57912293,233.7477617,436.0250492,1.207551041,0.737486188
2023,9,128,0.776272535,0.149865046,-0.697642922,0.325381843,25.32030387,413.8406448,233.7477617,1.09457977,0.726220787
2024,6,128,0.547865689,0.100846864,-0.612124503,0.319160263,32.21663674,47.94722891,413.8406448,0.171221645,0.634144284
2024,7,128,0.615245759,0.121577427,-0.603370667,0.350360489,28.02859116,281.008852,47.94722891,0.305638347,0.647548205
2024,8,128,0.704241991,0.117535196,-0.631280899,0.366341702,25.41486188,347.7893734,281.008852,0.77851627,0.694703198
2024,9,128,0.795585394,0.132937714,-0.690505922,0.359367403,25.47933011,342.3532956,347.7893734,1.193073259,0.736042475
2025,6,128,0.589355528,0.127464175,-0.610118508,0.365425799,27.52123619,69.57826524,342.3532956,0.466005326,0.663539867
2025,7,128,0.691717029,0.16322723,-0.619327605,0.419971056,24.92246547,407.4049599,69.57826524,0.879450312,0.704768256
2025,8,128,0.739463627,0.149949342,-0.630630612,0.417645217,24.02082413,485.116684,407.4049599,1.198221072,0.736555811
2025,9,128,0.796531796,0.069465883,-0.727626443,0.323077564,24.20673343,371.598465,485.116684,1.099077717,0.726669318
2019,7,129,0.549438,0.042167969,-0.540924013,0.35507367,24.14329593,374.8289108,106.7810688,-0.135227348,0.603585445
2019,8,129,0.612752736,0.079184636,-0.525747895,0.393510846,25.11615708,309.049787,374.8289108,0.316441716,0.648625508
2019,9,129,0.45686236,0.06476853,-0.430442452,0.311125838,23.36924264,206.0052366,309.049787,-0.517189785,0.565496469
2020,6,129,0.550492048,0.012478925,-0.578733623,0.287409702,26.97935484,112.0868873,206.0052366,-0.317388105,0.585420526
2020,7,129,0.479518086,0.023290759,-0.473835826,0.365518043,27.06159888,310.8198607,112.0868873,-0.532046974,0.564014923
2020,8,129,0.273236483,0.046977915,-0.25173372,0.219073118,21.88773726,461.4830761,310.8198607,-1.530894347,0.464410694
2020,9,129,0.60898447,0.038595058,-0.576763511,0.356125356,26.78173212,56.82368231,461.4830761,0.194352534,0.636450876
2021,6,129,0.506354868,0.0132626,-0.50605464,0.33607006,26.09325386,104.2719498,56.82368231,-0.559067447,0.561320463
2021,7,129,0.534920037,0.051123369,-0.498748749,0.38078354,22.46639785,504.1029348,104.2719498,-0.13492452,0.603615643
2021,8,129,0.577397823,0.062761553,-0.520728171,0.418851405,23.68467742,161.7480488,504.1029348,0.298058665,0.646792365
2021,9,129,0.601326227,0.066417173,-0.554381609,0.378512596,24.45435484,205.9544992,161.7480488,0.13867331,0.630898591
2022,6,129,0.456730783,0.016264722,-0.473909557,0.328917487,27.43491585,89.09796572,205.9544992,-0.675692009,0.549690759
2022,7,129,0.455292493,0.069907941,-0.378173053,0.56012902,24.42672277,427.5827465,89.09796572,-0.185265869,0.598595645
2022,8,129,0.649430335,0.075838417,-0.575774491,0.420847374,23.33134642,335.5924692,427.5827465,0.624250912,0.679319985
2022,9,129,0.571291268,0.025451381,-0.547095478,0.334371015,24.18220196,121.7258067,335.5924692,-0.082468892,0.608846474
2023,6,129,0.010493458,0.339790285,0.017062731,0.146745368,27.30280505,185.8114452,121.7258067,-2.163145361,0.40136315
2023,7,129,0.575052798,0.038475718,-0.540780187,0.358250948,25.70045582,559.6186352,185.8114452,-0.01866131,0.615209313
2023,8,129,0.615379274,0.049046535,-0.555378377,0.418054224,23.2063324,371.5722718,559.6186352,0.497600405,0.666690502
2023,9,129,0.593515456,0.028482853,-0.572558045,0.363125413,24.00666199,215.5229244,371.5722718,0.142839248,0.631314014
2024,6,129,0.430426359,-0.036268979,-0.476363808,0.319654953,27.95887097,60.51694527,215.5229244,-0.928807715,0.524450272
2024,7,129,0.231878906,0.062557764,-0.214748532,0.104520075,25.89131837,408.0608768,60.51694527,-2.125772262,0.405089964
2024,8,129,0.610112369,0.017755682,-0.557608724,0.406589292,26.00062179,340.1377696,408.0608768,0.226039293,0.639610654
2024,9,129,0.60530591,0.052106112,-0.558776021,0.450839964,24.87749649,151.1484604,340.1377696,0.364361994,0.653404078
2025,6,129,0.513633013,0.019990088,-0.53162986,0.35925366,25.87889201,158.5786382,151.1484604,-0.336940786,0.583470749
2025,8,129,0.150943398,0.04012036,-0.140814081,0.29004052,23.17122721,675.2200317,158.5786382,-1.994525133,0.418177818
2025,9,129,0.514134169,-0.035221275,-0.530744374,0.318951034,23.52115708,159.8062973,675.2200317,-0.253849295,0.591756563
2019,7,130,0.290531963,0.036322035,-0.386636525,0.21392961,28.94182241,500.309267,72.95063752,-1.450235326,0.472453945
2019,8,130,0.742471814,0.33540988,-0.649239361,0.720967173,27.91923291,341.9545307,500.309267,2.514941883,0.867858114
2019,9,130,0.672383368,0.244480923,-0.588559747,0.597453392,25.32222455,224.206336,341.9545307,1.554486537,0.772082307
2020,6,130,0.593707442,0.159916759,-0.615484595,0.335719564,32.21764296,97.54426551,224.206336,0.403709664,0.657327795
2020,7,130,0.548929036,0.218770653,-0.526490092,0.468927011,27.89612273,301.4764968,97.54426551,0.600978649,0.676999294
2020,8,130,0.406153649,0.164089411,-0.3420901,0.516580331,26.63009763,647.3258686,301.4764968,-0.0112173,0.615951624
2020,9,130,0.588989079,0.20931913,-0.595045269,0.438546894,28.42295676,66.91528845,647.3258686,1.041579395,0.720935634
2021,6,130,0.467858672,0.137015671,-0.506992996,0.360729994,33.16499303,80.92860413,66.91528845,-0.261293063,0.591014277
2021,7,130,0.430907667,0.122521102,-0.460534722,0.325464971,28.15603905,614.818943,80.92860413,-0.399642114,0.577218225
2021,8,130,0.642754555,0.275653571,-0.563757122,0.671317757,26.89342399,221.9370899,614.818943,1.847824584,0.801333732
2021,9,130,0.719499826,0.254877031,-0.621342838,0.558646401,25.877894,333.5389957,221.9370899,1.623639765,0.778978209
2022,6,130,0.467401296,0.091609739,-0.511649609,0.299042359,33.88458159,116.2648275,333.5389957,-0.374068139,0.57976844
2022,7,130,0.761299133,0.309191376,-0.655083656,0.711282539,28.09664807,539.8197002,116.2648275,2.258657113,0.84230161
2022,8,130,0.812355995,0.313999385,-0.727000594,0.68172232,27.42760112,356.4058514,539.8197002,2.726913501,0.888995747
2022,9,130,0.718066156,0.273522198,-0.631706119,0.577563311,25.65591353,139.4523376,356.4058514,1.796855913,0.796251179
2023,6,130,0.524556875,0.182235509,-0.486744881,0.494241969,30.50784519,203.8784943,139.4523376,0.361867721,0.653155351
2023,7,130,0.785043776,0.324933052,-0.667360246,0.677101397,27.6918503,679.5124016,203.8784943,2.404054896,0.856800556
2023,8,130,0.766170561,0.304278672,-0.659698606,0.603410572,25.92193863,359.9606247,679.5124016,2.369153169,0.853320185
2023,9,130,0.654488027,0.250383496,-0.611387491,0.56463538,26.40243375,247.9051743,359.9606247,1.51932591,0.768576118
2024,6,130,0.371574491,0.078175955,-0.459549069,0.281569196,35.25743375,55.05942672,247.9051743,-0.871876318,0.530127423
2024,7,130,0.677485049,0.265351713,-0.596205652,0.645201749,28.77811715,389.5155573,55.05942672,1.568839469,0.773513569
2024,8,130,0.771918535,0.320025563,-0.675993502,0.640861363,26.88196188,406.0259543,389.5155573,2.371344743,0.853538727
2024,9,130,0.713656187,0.290590644,-0.636403561,0.637997211,25.652894,218.9136592,406.0259543,2.035093822,0.820008065
2025,6,130,0.528673112,0.164657414,-0.535744309,0.419308788,30.72218271,99.03292681,218.9136592,0.289207195,0.645909704
2025,8,130,0.800924897,0.307643116,-0.694220006,0.660984298,26.03819154,724.119566,99.03292681,2.373327705,0.853736466
2025,9,130,0.661827207,0.196546614,-0.619164228,0.482290593,24.82453278,224.0515556,724.119566,1.435261423,0.760193277
2019,7,131,0.178872257,0.080174752,-0.20951879,0.046830515,19.94821296,328.6640501,76.46572921,-2.252967598,0.392406151
2019,8,131,0.100845806,0.140743867,-0.027946537,0.108710899,20.97098843,246.6266623,328.6640501,-2.386134204,0.379126888
2019,9,131,0.193107396,0.084817484,-0.178786889,0.207993573,23.26105556,172.1734295,246.6266623,-1.89099637,0.42850162
2020,6,131,0.461253315,0.061157323,-0.538531244,0.22325457,26.6695,86.61729491,172.1734295,-0.608036203,0.55643734
2020,7,131,0.325905293,0.051980678,-0.339228302,0.25608283,22.81830787,183.3107555,86.61729491,-1.318024424,0.485637906
2020,8,131,0.277402997,0.062674284,-0.278448224,0.318818999,20.94361111,441.7656803,183.3107555,-1.258299608,0.491593615
2020,9,131,0.349700361,0.05142517,-0.366073161,0.236330636,25.26493056,62.15288544,441.7656803,-1.081420264,0.509231876
2021,6,131,0.448174328,0.069688387,-0.486984819,0.277982204,27.15045139,79.43311501,62.15288544,-0.685611001,0.548701646
2021,7,131,0.426284105,0.064602904,-0.459104508,0.283472987,20.80704861,403.730402,79.43311501,-0.649040159,0.552348459
2021,8,131,0.273570567,0.08607848,-0.257020682,0.234790634,20.07949306,165.8841467,403.730402,-1.330924493,0.484351522
2021,9,131,0.011281077,0.086004518,0.001899966,0.353371664,20.13967593,302.8352346,165.8841467,-2.375131187,0.3802241
2022,6,131,0.320980936,0.01021046,-0.415474445,0.204159445,29.16460417,105.2938998,302.8352346,-1.362244596,0.481228307
2022,7,131,0.307245642,0.118841834,-0.345284492,0.230474964,20.40389815,364.9467864,105.2938998,-1.099837938,0.50739528
2022,8,131,0.559322059,0.176107556,-0.537752151,0.35637149,21.15722222,226.5207148,364.9467864,0.496850216,0.666615693
2022,9,131,0.493996561,0.160054103,-0.427868843,0.351512409,22.15963889,108.7910662,226.5207148,-0.091763769,0.607919597
2023,6,131,0.324810565,0.03648581,-0.363388926,0.297756797,24.92038889,206.4812756,108.7910662,-1.231079649,0.494307966
2023,7,131,0.428990215,0.045487303,-0.470326483,0.274785299,21.39310185,430.0465088,206.4812756,-0.622296881,0.555015277
2023,8,131,0.258597046,0.099538542,-0.23599799,0.198960476,19.90947222,238.8015261,430.0465088,-1.414239621,0.476043406
2023,9,131,0.501928031,0.082754262,-0.532961607,0.32778545,22.88929861,199.9339752,238.8015261,-0.119003316,0.605203292
2024,6,131,0.333493382,-0.015606998,-0.413417429,0.215296943,31.89124306,47.96580606,199.9339752,-1.511217405,0.466372863
2024,7,131,0.387563109,0.030075973,-0.421068549,0.272959983,21.42313194,235.3758912,47.96580606,-1.022286211,0.515128674
2024,8,131,0.522783756,0.147674054,-0.512757182,0.439323261,20.98390741,330.1067332,235.3758912,0.38812563,0.655773768
2024,9,131,0.010414007,0.074766606,-0.009319983,0.218893814,22.90929861,191.8872759,330.1067332,-2.638462262,0.353964944
2025,6,131,0.343316704,0.031955689,-0.408139527,0.22026902,23.14648611,81.95483051,191.8872759,-1.221305201,0.495282666
2025,8,131,0.03374083,0.072824158,-0.025715671,0.09478022,21.92446296,538.7485523,81.95483051,-2.902088528,0.327676352
2025,9,131,0.268848032,0.066592328,-0.276278049,0.292070154,20.43515278,203.7848568,538.7485523,-1.147143482,0.502678011
2019,7,132,0.096730754,0.140095413,-0.055046111,0.145176037,10.11269587,318.7026482,157.988499,-2.208499975,0.396840425
2019,8,132,0.088812716,0.117722332,-0.070386268,0.247148289,17.75185675,221.138206,318.7026482,-2.054599446,0.412187258
2019,9,132,0.400651455,-0.006008584,-0.393841177,0.286624204,16.87853964,383.6907825,221.138206,-0.953709356,0.521967101
2020,6,132,0.263207555,-0.013357899,-0.275733769,0.139797406,18.24389893,174.8389813,383.6907825,-1.837248645,0.433861299
2020,7,132,0.085951284,0.068069518,-0.061058149,0.284136024,15.57789291,164.7610297,174.8389813,-2.240472193,0.393652182
2020,8,132,0.10671816,0.148804352,-0.089004256,0.339221841,15.51239685,406.6379147,164.7610297,-1.696298324,0.447916747
2020,9,132,0.388470948,-0.030196968,-0.372874528,0.264030937,19.20616829,176.5797341,406.6379147,-1.11488168,0.505895131
2021,6,132,0.244897962,-0.014072247,-0.196665034,0.18018018,18.53131433,174.5234051,176.5797341,-2.110457502,0.406617139
2021,7,132,0.028658312,0.084483899,-0.009657335,0.301152844,13.37543347,355.3534107,174.5234051,-2.3291839,0.384805925
2021,8,132,0.001862197,0.105466776,0.013206162,0.110837438,17.00760779,184.163744,355.3534107,-2.757643821,0.342080258
2021,9,132,0.213411391,0.097890005,-0.1464497,0.275782347,14.09463143,718.9572296,184.163744,-1.545513029,0.462952931
2022,6,132,0.291646421,-0.065605178,-0.305338264,0.235503108,18.71924896,167.3403318,718.9572296,-1.466994256,0.470782758
2022,7,132,0.045264848,0.017420514,-0.032667302,0.264044944,13.00912842,356.5979805,167.3403318,-2.543349899,0.36344947
2022,8,132,0.602826118,0.178286731,-0.4772093,0.492353984,14.66938108,200.3124247,356.5979805,0.826067434,0.69944496
2022,9,132,0.228910595,0.064358935,-0.189192072,0.400271445,16.48562587,259.8561406,200.3124247,-1.359551471,0.481496863
2023,6,132,-0.03292181,0.118079029,0.053136531,0.254574383,15.85282337,296.919323,259.8561406,-2.591902886,0.358607806
2023,7,132,0.063024573,0.031407952,-0.075949162,0.083734207,17.35062123,432.9161377,296.919323,-2.711310208,0.346700608
2023,8,132,0.056796376,0.105221771,-0.047689043,0.373310865,16.5867733,197.5196266,432.9161377,-1.860612197,0.431531505
2023,9,132,0.281566501,0.086155675,-0.247043371,0.375659382,16.44540334,312.8282585,197.5196266,-1.08041389,0.50933223
2024,6,132,-0.029921968,0.022587098,0.044933598,-0.112925189,19.15078581,90.7057955,312.8282585,-3.742688623,0.243852411
2024,7,132,0.282428771,0.054498971,-0.229744315,0.42300168,17.75755216,259.2460041,90.7057955,-1.214442618,0.495966997
2024,8,132,0.652151883,0.163969398,-0.56283927,0.54548787,16.14662958,340.6938728,259.2460041,1.153903393,0.732136489
2024,9,132,0.484309286,-0.002414929,-0.44968152,0.339805825,17.09622392,332.9079472,340.6938728,-0.4487877,0.572317468
2025,6,132,0.061350621,-0.012300249,-0.092315547,0.214445413,19.50393602,117.9985885,332.9079472,-2.601270239,0.357673702
2025,7,132,-0.045422286,0.151358739,0.046800382,0.355618777,15.70134214,385.0920329,117.9985885,-2.339799963,0.3837473
2025,8,132,0.008604206,0.12992838,0.013557738,0.208887201,15.13910987,381.9532299,385.0920329,-2.365053166,0.381229071
2025,9,132,0.381254405,-0.053027455,-0.367759943,0.238151195,16.07619611,349.374733,381.9532299,-1.217407851,0.495671307
2019,6,133,0.467067063,-0.026423251,-0.473423481,0.258036321,40.3829702,45.1632669,89.46871376,-1.196745125,0.497731776
2019,7,133,0.420175701,0.036785964,-0.381261051,0.237666679,31.57730912,497.3451195,45.1632669,-1.178120698,0.499588989
2019,8,133,0.668400645,0.210482046,-0.561057925,0.57564146,29.84892458,243.6414037,497.3451195,1.363375157,0.753024839
2019,9,133,0.618969738,0.28379932,-0.496033251,0.345393986,27.74479749,288.2999916,243.6414037,0.716325313,0.688501567
2020,6,133,0.55584085,0.052540164,-0.627053142,0.393174506,35.99495112,75.27484967,288.2999916,0.105596903,0.627600239
2020,7,133,0.628445208,0.161440685,-0.541803896,0.421415598,31.61313547,226.5422316,75.27484967,0.439111938,0.66085808
2020,9,133,0.762651682,0.249947533,-0.65628475,0.467251935,30.10315642,107.3986363,620.4945011,1.733033982,0.789886909
2021,6,133,0.509529054,0.002612635,-0.525199592,0.284109767,35.42082402,51.62024879,107.3986363,-0.752909761,0.541990669
2021,7,133,0.543167889,0.023814632,-0.574397862,0.303715843,31.3733054,555.7499256,51.62024879,-0.33318242,0.58384553
2021,8,133,0.55587256,0.201526433,-0.417063653,0.528628723,27.98782123,227.0913353,555.7499256,0.701072704,0.68698059
2021,9,133,0.749417245,0.225538641,-0.610947132,0.552192022,27.44349162,617.7844315,227.0913353,1.59227356,0.775850397
2022,6,133,0.22948961,-0.195871666,-0.411376745,0.111294312,37.52971369,83.79514444,617.7844315,-2.374917302,0.380245428
2022,8,133,0.771624863,0.173604459,-0.629439056,0.513831081,29.07196927,275.6349611,83.79514444,1.24897178,0.741616629
2022,9,133,0.51846081,0.188113138,-0.420563102,0.413724736,27.71761872,180.1195794,275.6349611,0.149603804,0.63198857
2023,6,133,0.520805359,-0.012814848,-0.537508607,0.296687026,33.35682263,170.2098598,180.1195794,-0.628066627,0.554439923
2023,7,133,0.527798951,0.16233018,-0.416166604,0.44166487,29.00913408,505.0515594,170.2098598,0.117799542,0.628817076
2023,8,133,0.75927645,0.189275712,-0.655970335,0.50865065,27.78104283,261.1556778,505.0515594,1.601760916,0.776796468
2023,9,133,0.761137605,0.218572691,-0.686724544,0.486440093,28.53396648,428.1839066,261.1556778,1.598888796,0.776510063
2024,6,133,0.334317356,-0.157600001,-0.48379156,0.167950637,39.10425978,44.45501901,428.1839066,-1.869164601,0.430678666
2024,7,133,0.481915772,0.149510831,-0.371345073,0.405024934,28.95630121,387.6951742,44.45501901,-0.312560211,0.58590196
2024,8,133,0.845773399,0.252670139,-0.696631551,0.673807136,29.01183426,404.0511573,387.6951742,2.400733668,0.856469366
2024,9,133,0.703298092,0.310263544,-0.586925328,0.599110232,28.41921089,272.889163,404.0511573,1.850150268,0.801565648
2025,6,133,0.298048973,0.025337869,-0.234642521,0.31350796,34.30969972,77.27754144,272.889163,-1.637686146,0.453761505
2025,7,133,0.484848499,0.164587051,-0.385159016,0.615680616,28.85706937,533.1381097,77.27754144,0.291215082,0.646109929
2025,8,133,0.537531257,0.211069062,-0.438093096,0.577777543,27.65018622,602.5602055,533.1381097,0.915750759,0.708388107
2025,9,133,0.66106385,0.239303634,-0.621621609,0.572353102,27.44457402,298.1716919,602.5602055,1.686147166,0.785211395
2019,6,134,0.481419623,0.26533246,-0.405705243,0.599842767,21.378407,68.33663049,67.56539154,0.628559478,0.679749631
2019,7,134,0.106086954,0.295571893,-0.072254337,0.439242504,17.62421271,199.188055,68.33663049,-1.156110509,0.501783826
2019,8,134,0.757640541,0.314432979,-0.63012886,0.598794923,17.80015193,156.3951435,199.188055,2.066290018,0.823118923
2019,9,134,0.72940737,0.261885583,-0.644067824,0.499373885,18.55779006,126.5466862,156.3951435,1.60173338,0.776793722
2020,6,134,0.79799062,0.306198061,-0.675016463,0.411167397,22.33190608,68.44466739,126.5466862,1.699945833,0.786587386
2020,7,134,0.730161905,0.281404614,-0.619697928,0.568785881,19.38122238,114.2450755,68.44466739,1.695928028,0.786186734
2020,8,134,0.716897905,0.255384207,-0.604499519,0.578934173,19.95857735,259.2922487,114.2450755,1.616945472,0.778310659
2020,9,134,0.700426996,0.250310183,-0.629286528,0.447440774,19.71089779,53.2492907,259.2922487,1.385910481,0.755272043
2021,6,134,0.770417452,0.29452166,-0.653039634,0.590690879,22.26694061,69.58122635,53.2492907,1.899687891,0.806505498
2021,7,134,0.072749689,0.176713526,-0.061799623,0.221622729,19.1696616,271.0104504,69.58122635,-2.132842905,0.404384885
2021,8,134,0.73522985,0.282540441,-0.624962032,0.550939916,17.7989779,100.606782,271.0104504,1.827414257,0.799298431
2021,9,134,0.711558104,0.224987805,-0.615737677,0.43118053,17.22399862,238.1389914,100.606782,1.226973788,0.739423008
2022,6,134,0.71889168,0.242128119,-0.614265621,0.539866168,21.80892265,71.24963176,238.1389914,1.530824394,0.769722737
2022,7,134,-0.014721459,0.401954174,0.048493937,0.173733744,17.43913904,259.6943898,71.24963176,-1.918688424,0.425740192
2022,8,134,0.774854302,0.241493404,-0.648361921,0.555113204,16.62433011,155.9627028,259.6943898,1.8601549,0.802563301
2022,9,134,0.724581718,0.199000001,-0.645107806,0.35405836,18.65123619,74.02631283,155.9627028,1.052354092,0.722010077
2023,6,134,0.006169844,0.204638243,0.038107231,0.226851852,19.58121547,156.4006643,74.02631283,-2.43471612,0.37428234
2023,7,134,0.763887644,0.286988407,-0.628532052,0.672901425,18.99926105,284.9342804,156.4006643,2.131669149,0.829638476
2023,8,134,0.787223339,0.28629458,-0.678538382,0.539478379,16.26955801,166.0741363,284.9342804,2.095479319,0.826029656
2023,9,134,0.404043406,0.228103504,-0.370186538,0.434597561,18.12526934,136.9431305,166.0741363,0.004290518,0.617498051
2024,6,134,0.714511216,0.213170931,-0.637875676,0.536904203,23.3807942,37.41654968,136.9431305,1.384565215,0.755137894
2024,7,134,0.756780326,0.257126987,-0.64813906,0.586343598,21.24738029,153.8163681,37.41654968,1.743979856,0.790978422
2024,8,134,0.798991621,0.285196811,-0.669890821,0.469101575,17.87736878,206.9698685,153.8163681,1.848151547,0.801366337
2024,9,134,0.712195098,0.225589231,-0.635274529,0.413346815,19.41957873,137.0585055,206.9698685,1.255956999,0.74231319
2025,6,134,0.734395385,0.259296775,-0.615633965,0.585113708,19.56983425,59.28351635,137.0585055,1.687326977,0.785329045
2025,7,134,0.552968025,0.310354263,-0.44578892,0.683099005,17.00375691,254.5443803,59.28351635,1.299199516,0.746625297
2025,8,134,0.829293966,0.303517967,-0.697782099,0.613035019,17.59451657,346.2424383,254.5443803,2.452105456,0.861592118
2025,9,134,0.679962456,0.133867621,-0.626235425,0.314832651,17.74940608,120.2830124,346.2424383,0.746513352,0.691511893
2019,7,135,0.458442062,0.204236805,-0.40316695,0.398955426,17.4891148,199.188055,68.33663049,0.002098892,0.617279503
2019,8,135,0.025999304,0.132789373,-0.004575055,0.156844179,17.18164592,156.3951435,199.188055,-2.575861834,0.360207407
2019,9,135,0.560673416,0.204801455,-0.433165044,0.294739566,18.51753112,126.5466862,156.3951435,0.095446885,0.626588087
2020,6,135,0.875989735,0.155819625,-0.825131118,0.390774057,21.95639696,68.44466739,126.5466862,1.683669618,0.784964336
2020,7,135,0.738864243,0.136375785,-0.609357297,0.461470999,19.67899032,114.2450755,68.44466739,0.967252739,0.713523841
2020,8,135,-0.002453474,0.122779101,0.000121847,0.05222525,19.85603043,259.2922487,114.2450755,-2.97870869,0.320035854
2020,9,135,0.817752004,0.137120888,-0.755038679,0.24908205,19.86255878,53.2492907,259.2922487,1.122950901,0.729049932
2021,6,135,0.765941739,0.118080147,-0.614884496,0.473759223,21.91191563,69.58122635,53.2492907,0.958929223,0.712693827
2021,7,135,0.106751956,0.053443376,-0.091852479,0.090373045,18.30006224,271.0104504,69.58122635,-2.676463849,0.350175458
2021,8,135,0.072288066,0.167201802,-0.017250681,0.447146377,17.54634855,100.606782,271.0104504,-1.662197599,0.451317243
2021,9,135,0.247917727,0.181701317,-0.165887624,0.378822102,16.26959198,238.1389914,100.606782,-1.093474863,0.508029801
2022,6,135,0.829344451,0.181682795,-0.714545429,0.553224761,21.78117566,71.24963176,238.1389914,1.83678425,0.800232799
2022,7,135,-0.058662094,0.224180236,0.07640525,1.379032258,16.2399124,259.6943898,71.24963176,-0.003474163,0.616723763
2022,8,135,0.819496572,0.129421368,-0.673776627,0.475115768,16.77807054,155.9627028,259.6943898,1.466004359,0.763258937
2022,9,135,0.773553371,0.221460029,-0.627362311,0.364567377,18.47334025,74.02631283,155.9627028,1.21711119,0.738439518
2023,6,135,0.032999631,0.149687588,-0.013459439,0.076461088,19.78728907,156.4006643,74.02631283,-2.771132097,0.340735219
2023,7,135,0.805173218,0.120462015,-0.664897203,0.437022718,18.12805671,284.9342804,156.4006643,1.244373348,0.741158078
2023,8,135,0.870451212,0.23946096,-0.750084877,0.497586953,16.73506224,166.0741363,284.9342804,2.19171832,0.835626529
2023,9,135,0.260958195,0.19156909,-0.220169634,0.499592723,17.6530083,136.9431305,166.0741363,-0.634569974,0.553791414
2024,6,135,0.816949844,0.132721841,-0.720982432,0.472638977,23.86625864,37.41654968,136.9431305,1.38845682,0.755525961
2024,7,135,0.66051662,0.047581673,-0.525423706,0.284358267,18.76579991,153.8163681,37.41654968,-0.087545697,0.60834022
2024,8,135,0.718120813,0.127224788,-0.620253146,0.448705079,17.28295297,206.9698685,153.8163681,0.991111212,0.715902988
2024,9,135,0.743315399,0.119776607,-0.628438711,0.307464812,19.14500692,137.0585055,206.9698685,0.72532847,0.689399355
2025,6,135,0.305665731,0.116521321,-0.25278607,0.487150052,19.52318811,59.28351635,137.0585055,-0.794576506,0.537835696
2025,7,135,0.268543094,0.137741044,-0.187406793,0.475327742,16.80157676,254.5443803,59.28351635,-0.96082832,0.521257204
2025,8,135,0.736326516,0.090489618,-0.58849889,0.4,17.28161826,346.2424383,254.5443803,0.816531705,0.698494065
2025,9,135,0.691809356,0.102200784,-0.569974542,0.335585964,17.70715076,120.2830124,346.2424383,0.57993162,0.674900502
2019,6,136,0.422413051,0.044662185,-0.423857123,0.295434694,43.36569174,48.0268866,98.11136055,-1.123544037,0.505031328
2019,7,136,0.324228615,0.042183623,-0.324228615,0.262618814,36.52479109,453.0075846,48.0268866,-1.518082989,0.465688232
2019,8,136,0.281306833,0.09576159,-0.245152175,0.230684656,33.16080084,226.0444069,453.0075846,-1.440654456,0.473409341
2019,9,136,0.4069812,0.243811458,-0.313283205,0.389530723,30.70368152,310.7792912,226.0444069,-0.256942388,0.591448123
2020,6,136,0.307302237,-0.019810509,-0.361859471,0.20060911,38.93530641,74.39729559,310.7792912,-1.750649491,0.442496894
2020,7,136,0.449174702,0.096111856,-0.405903071,0.34384727,34.58406685,190.7517803,74.39729559,-0.70584856,0.546683573
2020,8,136,0.63662833,0.224894688,-0.567986488,0.460642444,32.02979109,614.0265341,190.7517803,0.960466655,0.712847139
2020,9,136,0.596782863,0.216006532,-0.548621953,0.449152542,33.47866295,105.9025494,614.0265341,0.917786524,0.708591111
2021,6,136,0.361163229,-0.010426303,-0.369581848,0.229809938,38.33163649,53.51050949,105.9025494,-1.643994351,0.453132456
2021,7,136,0.478081793,0.06224424,-0.445339471,0.3,36.89699164,511.2170181,53.51050949,-0.737375755,0.543539707
2021,8,136,0.479729742,0.181298092,-0.409655184,0.456684492,32.64310585,224.898571,511.2170181,0.205368865,0.637549416
2021,9,136,0.733071089,0.248582989,-0.660094857,0.507824665,30.45415738,619.3885384,224.898571,1.613165803,0.777933754
2022,6,136,0.431052089,0.096486531,-0.477848113,0.298341001,39.92380223,82.05302763,619.3885384,-0.422828154,0.574906132
2022,8,136,0.647386968,0.084718518,-0.534344077,0.380371515,33.75858635,282.1124897,82.05302763,0.105048461,0.627545549
2022,9,136,0.426591992,0.124115102,-0.370402008,0.39503411,31.08190111,150.7882309,282.1124897,-0.46735512,0.57046594
2023,6,136,0.457230151,-0.000900901,-0.437468618,0.268241995,35.67504178,171.6430931,150.7882309,-1.073146051,0.510056973
2023,7,136,0.270453364,0.093272805,-0.261904776,0.326461203,32.96712163,452.7549267,171.6430931,-1.350000904,0.482449238
2023,8,136,0.704918027,0.182533219,-0.612403095,0.450947911,30.19747911,256.8563404,452.7549267,1.167066697,0.733449123
2023,9,136,0.598697662,0.207214728,-0.555493474,0.434120629,31.12172006,447.0240974,256.8563404,0.750519492,0.691911382
2024,6,136,0.262448132,-0.029499199,-0.349972278,0.169563652,41.28993036,45.97505781,447.0240974,-1.927258339,0.424885607
2024,7,136,0.350791097,0.079542622,-0.301706821,0.277570738,32.06079851,366.153204,45.97505781,-1.318657748,0.485574751
2024,8,136,0.798277318,0.276528597,-0.719447374,0.531387563,30.7553389,393.7897862,366.153204,2.079865307,0.82447264
2024,9,136,0.61663723,0.260221422,-0.557201684,0.450078403,30.7243454,244.0704727,393.7897862,1.05533352,0.722307183
2025,6,136,0.15717262,0.054449029,-0.176445067,0.136111757,35.58288997,79.69896877,244.0704727,-2.409000039,0.376846726
2025,7,136,0.375075251,0.071294561,-0.369304568,0.252594875,30.55772981,496.1572618,79.69896877,-1.122590244,0.505126439
2025,8,136,0.661480904,0.228302971,-0.568113446,0.500270234,29.73979573,595.7299709,496.1572618,1.329078437,0.749604799
2025,9,136,0.612240016,0.230456024,-0.532727301,0.476085827,29.43243268,285.1443787,595.7299709,1.096342665,0.726396581
2019,6,137,0.120373696,-0.081520937,-0.263653487,0.094095837,43.83724395,39.62772637,79.40750599,-3.042606297,0.313664038
2019,7,137,0.198669985,-0.076676808,-0.254762948,0.154542733,33.39039339,475.9578094,39.62772637,-2.550787763,0.362707772
2019,8,137,0.479010165,0.21341984,-0.373428047,0.65525305,31.80018855,216.059514,475.9578094,0.649172614,0.681805156
2019,9,137,0.387461454,0.102501228,-0.309582323,0.297345338,29.30986732,258.9479313,216.059514,-0.980889428,0.519256727
2020,6,137,0.512222826,0.041166104,-0.50393337,0.390543817,37.20080307,67.87638143,258.9479313,-0.359186984,0.581252377
2020,7,137,0.606285214,0.208899498,-0.491645336,0.557162266,32.25708799,222.2520344,67.87638143,0.715667323,0.688435953
2020,8,137,0.494088084,0.178987131,-0.400470644,0.286373876,30.71420391,600.8287888,222.2520344,-0.249045115,0.592235632
2020,9,137,0.382380217,-0.016494391,-0.398373991,0.246218153,32.99746508,89.58429657,600.8287888,-1.130889872,0.504298807
2021,6,137,0.14420028,-0.159721002,-0.265957892,0.093191041,38.22223464,39.22908497,89.58429657,-3.170965162,0.300864198
2021,7,137,0.297208548,-0.025497513,-0.354364723,0.243492298,31.79911778,560.8428249,39.22908497,-1.697790715,0.447767927
2021,8,137,0.479185939,0.098862022,-0.394390881,0.423583286,30.56038408,207.5285378,560.8428249,-0.125741798,0.604531336
2021,9,137,0.351393193,0.05169173,-0.387365907,0.181723572,29.17562151,508.7337494,207.5285378,-1.253134992,0.492108626
2022,6,137,0.23820141,-0.066591419,-0.352566808,0.185518192,39.15018855,71.08004642,508.7337494,-1.991925773,0.418437024
2022,8,137,0.489296079,0.014269084,-0.462314904,0.345365279,32.01601955,274.1704502,71.08004642,-0.707587479,0.546510169
2022,9,137,0.404392123,0.061586801,-0.367031217,0.323286644,29.74790503,137.8287051,274.1704502,-0.88066502,0.529251021
2023,6,137,0.082469955,-0.10656549,-0.193891719,0.070238599,34.54901536,149.9720058,137.8287051,-3.250951149,0.292888062
2023,7,137,0.166220859,-0.013415226,-0.1269584,0.337261591,30.94860335,444.5242004,149.9720058,-2.217419542,0.395950974
2023,8,137,0.738951683,0.31546393,-0.662082493,0.596577548,29.68756285,188.1744881,444.5242004,2.109723849,0.827450109
2023,9,137,0.56798172,0.190130666,-0.538346231,0.388375215,29.61353352,323.8739166,188.1744881,0.43710936,0.660658385
2024,6,137,0.054721978,-0.10938029,-0.208073035,0.043358946,40.14236732,40.29980691,323.8739166,-3.322403002,0.285762943
2024,7,137,0.271979243,-0.029232781,-0.30197829,0.213498206,32.35921788,385.8269777,40.29980691,-1.996284916,0.418002334
2024,8,137,0.802845538,0.342922032,-0.70004791,0.583628842,29.33495345,392.0527024,385.8269777,2.409880003,0.857381431
2024,9,137,0.394350082,0.075496145,-0.427260429,0.247616296,29.99039106,229.6855875,392.0527024,-0.791561541,0.538136346
2025,6,137,0.14419575,-0.126525328,-0.273022026,0.086519516,35.10195531,72.26866876,229.6855875,-2.925203775,0.325371319
2025,7,137,0.406234533,0.05084119,-0.384990245,0.320590417,30.98187151,503.7989995,72.26866876,-0.944546576,0.522880806
2025,8,137,0.727880776,0.283202052,-0.63874346,0.547615832,29.28873371,551.7963657,503.7989995,1.929457247,0.809474073
2025,9,137,0.112676054,-0.072076879,-0.236543909,0.070227785,28.89232542,263.4920731,551.7963657,-2.617592788,0.356046031
2019,7,138,0.354765594,0.141814813,-0.294396132,-0.051996141,16.53319001,145.8700056,62.65040171,-1.683818466,0.449161228
2019,8,138,0.694772959,0.223354444,-0.553146839,0.367604825,16.71669209,146.8761306,145.8700056,0.913406234,0.708154313
2019,9,138,0.394909382,0.199763551,-0.31903851,0.107058049,16.74801664,183.2526989,146.8761306,-0.937655257,0.523568002
2020,6,138,0.746759415,0.222045466,-0.671574533,0.321915095,20.01605409,61.59882164,183.2526989,1.166606596,0.733403242
2020,7,138,0.689927816,0.213410869,-0.566103876,0.410490308,19.15269071,92.48062515,61.59882164,0.900828219,0.706900043
2020,8,138,0.079699732,0.146022618,-0.055313453,0.307082378,16.98694868,198.7705679,92.48062515,-2.019781476,0.415659277
2020,9,138,0.813219607,0.344907403,-0.677091479,0.406956893,19.8160749,71.73321669,198.7705679,1.934981672,0.810024965
2021,6,138,0.618392229,0.153880462,-0.505382597,0.382973631,19.59891123,56.6377399,71.73321669,0.336231523,0.650598931
2021,7,138,0.681136549,0.229444101,-0.560759187,0.412985299,17.57192094,213.4840927,56.6377399,0.968799814,0.713678114
2021,8,138,0.34078759,0.279706985,-0.244551018,-0.521344058,17.57965326,82.94739294,213.4840927,-2.337867956,0.383939958
2021,9,138,0.373429924,0.254264802,-0.286673337,0.401841793,15.24872399,231.5907478,82.94739294,-0.241736279,0.592964463
2022,6,138,0.664096534,0.236363634,-0.553677619,0.386480041,21.39038835,66.24960804,231.5907478,0.911508685,0.707965091
2022,7,138,-0.016732357,0.084125943,0.032276951,-0.606796117,17.13038835,180.8527794,66.24960804,-4.676992096,0.150684447
2022,8,138,0.756901145,0.222807556,-0.639385104,0.370903696,17.35318308,133.0980368,180.8527794,1.269117218,0.743625516
2022,9,138,0.751247585,0.30822143,-0.606338024,0.430393666,18.03787101,116.020643,133.0980368,1.552361756,0.771870425
2023,6,138,0.333601952,0.161860049,-0.26433444,-0.113431611,17.5860957,141.6845188,116.020643,-1.850261183,0.432563699
2023,7,138,0.437169999,0.13235417,-0.36806953,0.307304752,18.54515025,202.7048531,141.6845188,-0.535291738,0.563691357
2023,8,138,0.419635743,0.20350951,-0.357280999,0.388956871,16.30861304,134.1341305,202.7048531,-0.129618855,0.604144719
2023,9,138,0.7940678,0.331290215,-0.654552579,0.396613757,17.46513176,199.272583,134.1341305,1.786456037,0.795214112
2024,6,138,0.724938095,0.258060813,-0.574790478,0.42492044,21.30791956,34.88755835,199.272583,1.225386027,0.739264678
2024,7,138,0.674721897,0.240571901,-0.566212952,0.44105353,19.34905687,112.3218231,34.88755835,1.010594889,0.717845884
2024,8,138,0.699607313,0.236666664,-0.592762947,0.449121923,16.79664355,165.810589,112.3218231,1.223320107,0.739058666
2024,9,138,0.779472828,0.307683557,-0.631376624,0.396382957,18.375638,195.2361496,165.810589,1.628241047,0.779437045
2025,6,138,0.461139888,0.231611893,-0.320224732,0.246742445,18.15179612,53.68524368,195.2361496,-0.390341369,0.578145687
2025,8,138,0.013613648,0.042722922,-0.007364275,0.076020015,16.43885576,287.8317204,53.68524368,-3.129473446,0.305001718
2025,9,138,0.776358366,0.298200667,-0.627949357,0.371312996,16.21429958,188.4824829,287.8317204,1.628494075,0.779462277
2019,7,139,0.38374728,0.338140249,-0.323008329,0.158991226,15.76070005,273.477354,71.25607592,-0.394061695,0.5777747
2019,8,139,-0.009714453,0.145191491,0.033055477,-0.204580546,16.2486509,247.1374035,273.477354,-3.420988146,0.275932115
2019,9,139,0.434913546,0.148519769,-0.41065082,0.209056099,17.47594576,149.0390949,247.1374035,-0.53341303,0.5638787
2020,6,139,0.425666928,0.152637362,-0.444302201,0.194698761,19.90716968,84.14536691,149.0390949,-0.596466404,0.557591071
2020,7,139,0.717073143,0.250956804,-0.640143394,0.394183168,17.75545897,181.2206597,84.14536691,1.273482936,0.744060861
2020,8,139,0.369117498,0.161465004,-0.338216037,0.210767148,15.99342837,394.4236774,181.2206597,-0.774710322,0.539816736
2020,9,139,0.769265056,0.23177442,-0.707826078,0.324087411,19.03596662,45.26234505,394.4236774,1.479306094,0.764585375
2021,6,139,0.710704625,0.291229874,-0.628506958,0.410262427,21.01039638,78.8724575,45.26234505,1.316139946,0.748314583
2021,7,139,0.487348825,0.158398792,-0.413281143,0.282950646,16.68335883,358.428175,78.8724575,-0.27083264,0.590062998
2021,8,139,0.357129753,0.172256932,-0.311075002,0.128614598,16.77561892,140.2434578,358.428175,-0.95980367,0.521359381
2021,9,139,0.048365373,0.110212766,-0.009597898,0.16798174,15.79307371,245.9943113,140.2434578,-2.567491235,0.361042116
2022,6,139,0.756183743,0.234325334,-0.655287266,0.370558996,21.25487483,93.4871285,245.9943113,1.32650176,0.749347854
2022,7,139,-0.048649274,0.160621032,0.066363893,0.487479712,14.01841446,295.4232903,93.4871285,-2.083877944,0.40926763
2022,8,139,0.211279467,0.024017079,-0.169918701,0.301973051,17.42935327,224.5799294,295.4232903,-1.753887677,0.442173985
2022,9,139,0.736559153,0.183583736,-0.635443032,0.296507081,16.76506259,91.95390296,224.5799294,0.947541854,0.711558288
2023,6,139,0.348263115,0.225958169,-0.295861483,0.240226397,18.15435327,184.0077629,91.95390296,-0.765272455,0.540757872
2023,7,139,0.603841126,0.22644569,-0.536118746,0.383042292,20.53057487,410.3545074,184.0077629,0.747837775,0.691643964
2023,8,139,0.72832948,0.304905117,-0.645011008,0.384582754,16.13484701,220.1517839,410.3545074,1.699633254,0.786556216
2023,9,139,0.807869196,0.246789306,-0.75757575,0.331321514,16.5411822,166.5460243,220.1517839,1.693715786,0.785966131
2024,6,139,0.76785022,0.281479001,-0.687208831,0.293304875,21.91231572,47.69846034,166.5460243,1.347445433,0.75143634
2024,7,139,0.340597093,0.169212684,-0.299268901,0.112532378,17.74426287,212.187417,47.69846034,-1.260929939,0.49133132
2024,8,139,0.015311667,0.044299938,0.003973253,0.128609359,16.7900765,280.814458,212.187417,-2.938498274,0.324045603
2024,9,139,0.737085938,0.19302018,-0.627940357,0.32512265,17.82223227,159.5857556,280.814458,1.060622699,0.722834616
2025,6,139,0.058742225,0.142750576,-0.006570302,0.172373901,18.22668985,82.17826203,159.5857556,-2.485123977,0.36925571
2025,8,139,0.761165023,0.225675672,-0.693744183,0.328514561,14.49000695,472.1897283,82.17826203,1.365096365,0.753196476
2025,9,139,0.027953224,0.058240682,-0.002483614,-0.015296614,16.71517385,169.3931332,472.1897283,-3.025199444,0.315399834
2019,6,140,0.596607447,0.172440633,-0.573853552,0.406266904,39.38651282,80.76145878,200.8034601,0.400557122,0.657013426
2019,7,140,0.618095756,0.176740631,-0.600416243,0.403743015,32.19186014,673.5950832,80.76145878,0.652381061,0.6821251
2019,8,140,0.767408311,0.267596215,-0.662530303,0.56785217,28.87699301,399.4664612,673.5950832,2.14508536,0.830976329
2019,9,140,0.540159881,0.290089428,-0.40168497,0.447316586,26.75630769,325.118433,399.4664612,0.683972393,0.685275361
2020,6,140,0.568711936,0.165793464,-0.523185074,0.34673965,32.1151049,105.9874362,325.118433,0.240720817,0.641074683
2020,7,140,0.452283651,0.226209745,-0.347897172,0.517438963,29.34159441,443.3151441,105.9874362,0.115115895,0.628549465
2020,8,140,0.702652216,0.246564269,-0.610031784,0.397416896,26.40155245,757.0708065,443.3151441,1.393265166,0.756005446
2020,9,140,0.735823095,0.258884549,-0.647036791,0.49995491,28.97217483,93.83937816,757.0708065,1.851267533,0.80167706
2021,6,140,0.523137331,0.122531958,-0.554701805,0.325591614,32.66557343,95.41239929,93.83937816,-0.127825076,0.604323593
2021,7,140,0.502532899,0.141962007,-0.480203032,0.319886492,30.09359907,786.7357769,95.41239929,-0.125923091,0.604513258
2021,8,140,0.45313701,0.202195495,-0.386294365,0.59897667,27.57873427,289.0741348,786.7357769,0.723432234,0.689210263
2021,9,140,0.721852124,0.28031078,-0.65463388,0.512893252,27.09117483,398.7114792,289.0741348,1.731084682,0.789692526
2022,6,140,0.528120816,0.133437946,-0.526471496,0.363009432,35.4373007,105.9208894,398.7114792,0.09236472,0.626280737
2022,7,140,0.640443981,0.319384009,-0.542548299,0.505060228,29.70329604,674.7789402,105.9208894,1.30955627,0.747658064
2022,8,140,0.776505888,0.29002139,-0.682498693,0.537031627,27.82524476,490.4439545,674.7789402,2.251007948,0.841538842
2022,9,140,0.687660813,0.298988849,-0.594306588,0.53082989,27.25287413,197.7086444,490.4439545,1.69927621,0.786520612
2023,6,140,0.600665569,0.17940335,-0.517350137,0.44646906,32.61982517,191.3679619,197.7086444,0.492539197,0.666185802
2023,7,140,0.439005017,0.2298944,-0.415650636,0.486601942,26.49786014,813.3384094,191.3679619,0.353481242,0.652319059
2023,8,140,0.73850131,0.2993294,-0.634876013,0.530151247,26.69723776,569.1780453,813.3384094,2.187775558,0.83523336
2023,9,140,0.799279749,0.32680741,-0.688122749,0.540228586,27.66952448,317.4512444,569.1780453,2.345119909,0.850923608
2024,6,140,0.566080987,0.178023681,-0.530231416,0.415035935,37.93976923,59.27945888,317.4512444,0.355514274,0.652521791
2024,7,140,0.561371863,0.234051123,-0.454392612,0.477177619,29.71218182,633.3200626,59.27945888,0.545869658,0.671503871
2024,8,140,0.789749861,0.317811489,-0.688974261,0.598352818,27.852331,484.5297454,633.3200626,2.495361504,0.865905575
2024,9,140,0.750213861,0.281419635,-0.641615391,0.537399404,27.59486014,200.2985497,484.5297454,1.895761064,0.806113918
2025,6,140,0.683053136,0.208328605,-0.635934889,0.462465356,34.62772028,184.521377,200.2985497,1.058924145,0.722665237
2025,8,140,0.776909709,0.280966341,-0.677288175,0.560478682,27.38882517,1063.825417,184.521377,2.074772624,0.823964802
2025,9,140,0.678008437,0.229928195,-0.589474559,0.441132305,26.40768531,188.3582306,1063.825417,1.60568672,0.777187946
2019,6,141,0.44712913,0.061154507,-0.47590518,0.306140601,41.04477855,56.92535005,90.99032831,-0.841629587,0.533143602
2019,7,141,0.382571727,0.02739726,-0.391443849,0.279457769,30.99132867,569.8055401,56.92535005,-1.145985544,0.50279348
2019,8,141,0.752412915,0.308663338,-0.61860466,0.653713593,28.20423776,331.0539989,569.8055401,2.264511481,0.842885403
2019,9,141,0.521718383,0.286733836,-0.392747939,0.47322065,26.73541259,204.0772419,331.0539989,0.602083193,0.677109438
2020,6,141,0.489957392,0.103188075,-0.550363421,0.146571501,35.28966434,81.79674383,204.0772419,-0.635827902,0.553665975
2020,7,141,0.652885437,0.199931353,-0.56048578,0.52640063,28.91716783,304.3207916,81.79674383,0.949286738,0.711732287
2020,8,141,0.815399468,0.359325647,-0.653917015,0.452281224,28.77616783,671.2538948,304.3207916,2.105206054,0.826999598
2020,9,141,0.769343376,0.248041958,-0.661055326,0.508783442,29.45028671,70.60059876,671.2538948,1.876525429,0.804195757
2021,6,141,0.433439225,0.011068625,-0.480277032,0.266352447,35.05741259,59.60765457,70.60059876,-1.052460202,0.512119749
2021,7,141,0.476018578,0.083885625,-0.460949451,0.337959064,29.85764569,668.3539104,59.60765457,-0.425737107,0.574616054
2021,8,141,0.415716857,0.266189635,-0.286103547,0.622187608,26.37781119,240.1655483,668.3539104,0.600797173,0.676981197
2021,9,141,0.759682238,0.258855581,-0.661950111,0.550533936,26.69218182,394.314621,240.1655483,1.815745092,0.798134792
2022,6,141,0.576177359,0.114817046,-0.564952672,0.376408799,35.83797902,97.46819544,394.314621,0.245973719,0.641598498
2022,7,141,0.799741924,0.262262434,-0.647531331,0.60069781,29.41618182,663.253521,97.46819544,1.920851393,0.808615905
2022,8,141,0.884238243,0.337007344,-0.742920339,0.691351726,27.82395338,313.6077604,663.253521,3.082307857,0.924435376
2022,9,141,0.704048932,0.273911566,-0.605378687,0.583971166,27.16702098,174.2527462,313.6077604,1.680718216,0.784670024
2023,6,141,0.552319288,0.129328892,-0.548560679,0.358686559,32.03747552,181.5941648,174.2527462,0.091842285,0.62622864
2023,7,141,0.089014955,0.17005901,-0.063135639,0.440715884,27.84478322,703.723629,181.5941648,-1.587127058,0.458803215
2023,8,141,0.803492308,0.245799139,-0.671489835,0.581018706,27.04613287,299.3709793,703.723629,2.223063212,0.838752216
2023,9,141,0.83090204,0.275668949,-0.725741804,0.541956094,27.65744056,264.5925293,299.3709793,2.157725045,0.832236748
2024,6,141,0.499862611,0.064013518,-0.508568287,0.334508816,38.0218042,47.75992679,264.5925293,-0.433189261,0.573872931
2024,7,141,0.494688243,0.168628201,-0.397755325,0.543218857,28.18695804,406.598999,47.75992679,0.161171139,0.633142055
2024,8,141,0.815073788,0.35518983,-0.697141051,0.61505153,28.04599534,482.4688429,406.598999,2.586802623,0.875024007
2024,9,141,0.712517023,0.287914425,-0.58904165,0.522763162,27.06223077,221.1016727,482.4688429,1.68832214,0.785428281
2025,6,141,0.506663203,0.058937199,-0.49649623,0.350025549,32.21388112,86.26652308,221.1016727,-0.376171981,0.579558647
2025,7,141,0.75220418,0.256781489,-0.602036476,0.648659464,28.50638462,644.9449568,86.26652308,1.79795031,0.796360311
2025,8,141,0.865647197,0.269652486,-0.727433622,0.616781101,27.22190676,706.9556961,644.9449568,2.691045598,0.88541903
2025,9,141,0.707383454,0.167791486,-0.599617481,0.515935904,26.11220979,251.869606,706.9556961,1.445076589,0.761172038
2019,6,142,0.088230349,-0.053563312,-0.185480505,0.057562884,40.88397759,33.89351873,65.18116927,-3.257688727,0.292216197
2019,7,142,0.17184943,0.203361347,-0.13470681,0.097979751,32.36133053,525.9290848,33.89351873,-2.065578879,0.411092398
2019,8,142,0.744006217,0.346954972,-0.608416021,0.585903228,30.91130252,258.3086119,525.9290848,2.124500664,0.828923641
2019,9,142,0.743362844,0.340751052,-0.611356199,0.639579719,27.9139986,262.0059071,258.3086119,2.099063285,0.826387046
2020,6,142,0.122132674,-0.061566781,-0.169811323,0.054021609,37.58677871,63.71653316,262.0059071,-3.085320791,0.309404584
2020,7,142,0.383715302,0.159073487,-0.315642416,0.21452005,31.38060924,253.0561796,63.71653316,-1.090845683,0.508291981
2020,8,142,0.726050675,0.267340094,-0.609254837,0.507374993,29.28403361,670.5311871,253.0561796,1.581549501,0.774781003
2020,9,142,0.746870637,0.275802255,-0.616889775,0.530572509,30.85588936,97.40174229,670.5311871,1.850812491,0.801631684
2021,6,142,0.057608306,-0.105014317,-0.169310138,0.037613115,37.2767437,32.17426491,97.40174229,-3.512794379,0.266777274
2021,7,142,0.18376255,0.080739737,-0.206445113,0.068251086,29.77869748,624.1538067,32.17426491,-2.292946773,0.388419461
2021,8,142,0.580137908,0.221843004,-0.477503628,0.528645711,29.35321429,234.102684,624.1538067,0.991466436,0.715938411
2021,9,142,0.788306475,0.309950143,-0.635399878,0.58447546,28.46930672,587.419281,234.102684,2.07244258,0.823732452
2022,6,142,0.135112241,-0.04934464,-0.222627744,0.079176054,37.86917367,65.47790539,587.419281,-2.636259238,0.354184628
2022,8,142,0.855702043,0.333086371,-0.74265337,0.589362542,30.51066527,304.0105362,65.47790539,2.373435035,0.853747169
2022,9,142,0.728248537,0.346093982,-0.61851728,0.633590405,29.07846639,151.8010187,304.0105362,2.079681102,0.824454271
2023,6,142,0.062383264,-0.031335149,-0.167967141,0.051011057,34.33472689,137.2624912,151.8010187,-3.13884183,0.30406751
2023,7,142,-0.030955585,0.244869277,-0.05109489,0.348299383,30.45207283,503.7506523,137.2624912,-1.931115846,0.42450094
2023,8,142,0.830634475,0.357480317,-0.71884346,0.567768595,28.77213585,234.6667099,503.7506523,2.57769763,0.874116065
2023,9,142,0.792210519,0.398338467,-0.652933359,0.602939419,28.98377451,353.3728142,234.6667099,2.404835009,0.856878348
2024,6,142,0.088407002,-0.056162547,-0.182624936,0.067684056,38.67773109,36.045642,353.3728142,-3.042523974,0.313672247
2024,7,142,0.493363261,0.162124768,-0.387458831,0.302392527,31.49009337,427.1547022,36.045642,-0.462741869,0.57092597
2024,8,142,0.846736073,0.359016001,-0.754343927,0.510805875,28.75831933,437.329805,427.1547022,2.569113557,0.873260068
2024,9,142,0.811512053,0.409649581,-0.693682492,0.658564472,29.35623249,246.0514813,437.329805,2.803769514,0.896659765
2025,6,142,0.081762828,-0.060378402,-0.186195508,0.079484724,34.12483894,68.68020358,246.0514813,-3.03982121,0.313941764
2025,7,142,0.240506336,0.230323508,-0.141065836,0.116027809,29.49393091,595.6468377,68.68020358,-1.700005107,0.44754711
2025,8,142,0.788566828,0.318757653,-0.673269689,0.534970275,28.552493,639.5249672,595.6468377,2.317756415,0.848194943
2025,9,142,0.739739716,0.337967306,-0.645443797,0.606861231,28.08690476,299.5971298,639.5249672,2.333586795,0.849773535
2019,6,143,0.545647562,0.045740664,-0.512166142,0.329258026,40.64598338,65.97416664,113.7654142,-0.520926657,0.565123831
2019,7,143,0.508879364,0.054481547,-0.436734706,0.305935403,32.07030471,650.4819946,65.97416664,-0.607381564,0.55650262
2019,8,143,0.51672864,0.185023397,-0.431578934,0.584420356,29.44459141,325.7671986,650.4819946,0.778529197,0.694704487
2019,9,143,0.420740753,0.207203791,-0.327865988,0.53780563,28.12038781,277.7580147,325.7671986,0.100134501,0.627055533
2020,6,143,0.616797924,0.119076066,-0.605641723,0.181096598,35.19605263,98.40843667,277.7580147,-0.049706638,0.612113499
2020,7,143,0.418264836,0.12958695,-0.335913986,0.509709726,30.39866113,320.8214375,98.40843667,-0.368503482,0.580323343
2020,8,143,0.415536165,0.223272085,-0.340330392,0.153926479,28.99960295,753.5401917,320.8214375,-0.592940278,0.557942693
2020,9,143,0.75876224,0.257629514,-0.633122385,0.571100524,30.07362881,97.43858541,753.5401917,2.005404285,0.817047449
2021,6,143,0.486301363,-0.022783669,-0.480723292,0.25997803,37.43635042,69.96483421,97.43858541,-1.074292692,0.509942631
2021,7,143,0.44922775,0.001362398,-0.433214158,0.226780057,31.69220222,737.3770714,69.96483421,-1.072205678,0.510150746
2021,8,143,0.422068954,0.197106689,-0.334627837,0.518919834,28.07713527,265.943882,737.3770714,0.298728086,0.64685912
2021,9,143,0.821835935,0.24199222,-0.677419364,0.5969455,27.6000277,522.3871918,265.943882,2.063732111,0.822863851
2022,6,143,0.606641591,0.050797835,-0.574970365,0.359906404,36.71764543,111.5280554,522.3871918,0.157985943,0.63282443
2022,7,143,0.78622818,0.20673494,-0.634995282,0.5931612,30.0711557,716.3720322,111.5280554,1.671334003,0.783734239
2022,8,143,0.826997221,0.211899981,-0.69313252,0.557323676,28.6373615,344.1595936,716.3720322,2.157107791,0.832175196
2022,9,143,0.656739831,0.24838832,-0.547584176,0.55355799,27.70139889,222.3324904,344.1595936,1.310977817,0.74779982
2023,6,143,0.693079233,0.080777712,-0.609663069,0.388391352,32.46614958,225.6485758,222.3324904,0.479685441,0.664904036
2023,7,143,0.690048933,0.182791978,-0.561809063,0.498605163,27.33904894,750.7996864,225.6485758,1.113342874,0.728091828
2023,8,143,0.64985162,0.222222224,-0.547668755,0.2656,28.1976108,341.6915874,750.7996864,0.846110509,0.701443639
2023,9,143,0.822562993,0.251413494,-0.685063303,0.566497093,28.2541482,363.2028656,341.6915874,2.055098333,0.822002898
2024,6,143,0.574712634,0.037509978,-0.567469895,0.365469917,39.29692521,55.16476122,363.2028656,-0.104152208,0.606684232
2024,7,143,0.707058847,0.220664829,-0.5709337,0.626316186,29.51851339,469.7802124,55.16476122,1.389680523,0.755647988
2024,8,143,0.801176429,0.197540671,-0.672099233,0.561668316,28.80548476,485.7876986,469.7802124,1.885156799,0.80505647
2024,9,143,0.608290195,0.206036791,-0.54026252,0.394830632,28.10555402,289.6631381,485.7876986,0.794316512,0.696278785
2025,6,143,0.493770897,-0.00632266,-0.508901179,0.301182489,34.11109418,101.6912088,289.6631381,-0.67782101,0.549478457
2025,7,143,0.438293546,0.172670811,-0.344091117,0.420033096,29.39823638,730.853549,101.6912088,-0.263346214,0.590809538
2025,8,143,0.765487909,0.175504372,-0.623868942,0.553282643,27.8834349,758.8148422,730.853549,1.83027391,0.799583594
2025,9,143,0.713593543,0.230655313,-0.606358826,0.528719585,26.81931671,310.4375572,758.8148422,1.74719934,0.791299467
2019,7,144,0.689817309,0.254959524,-0.653785169,0.474952108,22.05565741,237.7280998,78.94988245,1.391591792,0.755838578
2019,8,144,0.823452473,0.323943675,-0.670193672,0.689642583,20.79448611,230.889143,237.7280998,2.537202539,0.870077928
2019,9,144,0.664975286,0.362847269,-0.551323473,0.396377138,20.51874306,173.5589304,230.889143,1.382835001,0.754965358
2020,6,144,0.755784988,0.229640052,-0.714461386,0.436487716,23.645875,94.52322352,173.5589304,1.520164417,0.768659733
2020,7,144,0.782935739,0.28705883,-0.673255324,0.640336075,23.38624306,201.3695537,94.52322352,2.097094301,0.826190701
2020,8,144,0.014981627,0.244807541,0.01146549,0.343427776,20.91473611,313.2797976,201.3695537,-1.868146239,0.430780216
2020,9,144,0.783549786,0.346946478,-0.702081025,0.583014209,20.9884375,51.15785217,313.2797976,2.376599676,0.854062744
2021,6,144,0.777170479,0.276653588,-0.654764354,0.622032289,23.40023611,83.1956501,51.15785217,1.915111906,0.808043568
2021,7,144,0.53421104,0.244361281,-0.408915639,0.610502645,21.24208333,375.0016212,83.1956501,0.777086918,0.694560664
2021,8,144,0.787280262,0.338349134,-0.663147151,0.699812889,21.51577083,107.6337967,375.0016212,2.564253444,0.872775422
2021,9,144,0.754421115,0.325766921,-0.63774538,0.572800318,18.68509028,189.3327866,107.6337967,1.996146258,0.816124246
2022,6,144,0.149797574,0.23119393,-0.146322459,0.472740627,24.44372917,82.82521772,189.3327866,-1.059854893,0.511382356
2022,7,144,0.775015533,0.278615147,-0.655332327,0.694733323,22.18190741,284.35044,82.82521772,2.153456988,0.831811141
2022,8,144,0.832587302,0.321071327,-0.682696283,0.68191817,21.05213889,240.4775734,284.35044,2.58782729,0.875126186
2022,9,144,0.763401091,0.278653681,-0.669220388,0.608451936,19.17813194,94.57132769,240.4775734,2.069521656,0.82344118
2023,6,144,0.374823987,0.43149361,-0.28661716,0.397977101,22.20820833,160.2647438,94.57132769,0.248620224,0.641862405
2023,7,144,0.854721248,0.362768859,-0.695116401,0.753604934,22.24132407,396.4736462,160.2647438,2.900800901,0.906335654
2023,8,144,0.827224672,0.377593011,-0.702631712,0.733852268,20.31251389,253.0681038,396.4736462,3.007689796,0.916994525
2023,9,144,0.816810727,0.334025264,-0.707814634,0.621375018,18.46877778,170.4320564,253.0681038,2.521788944,0.868540897
2024,6,144,0.607601643,0.239061743,-0.544095874,0.36067478,24.50145833,50.3222216,170.4320564,0.637680081,0.68065913
2024,7,144,0.834344387,0.180711329,-0.803956807,0.298895745,24.80797222,245.4777346,50.3222216,1.375411668,0.75422511
2024,8,144,0.697536111,0.31257391,-0.566567361,0.817729084,20.26410417,230.0006694,245.4777346,2.273579162,0.843789624
2024,9,144,0.784852028,0.396619469,-0.6664868,0.681391649,19.032375,163.6813568,230.0006694,2.672331006,0.883552826
2025,6,144,0.751727045,0.302981019,-0.638135254,0.681851232,21.8149375,110.3195532,163.6813568,2.135332737,0.830003806
2025,8,144,0.836742878,0.351335406,-0.706671655,0.721874243,18.66916667,460.201745,110.3195532,2.807485762,0.897030346
2025,9,144,0.74417001,0.296828032,-0.681573451,0.594445376,18.92967361,158.1700907,460.201745,2.239425781,0.840383877
2019,6,145,-0.218577981,-0.039678063,0.158312693,-0.081083938,41.12701214,41.29983091,78.28431034,-4.99097533,0.1193743
2019,7,145,-0.001908397,0.299782544,-0.066258922,-0.001585163,32.63788982,593.2294807,41.29983091,-2.489063451,0.368862869
2019,8,145,-0.173662364,0.155539379,0.144456804,0.006021073,32.06940476,276.0267181,593.2294807,-3.536681005,0.264395319
2019,9,145,-0.152582154,0.08881548,-0.03073624,-0.136432317,29.95808123,289.0277748,276.0267181,-3.78101566,0.240030471
2020,6,145,0.006937562,0.032317635,-0.089544237,0.00555732,36.58534314,74.75743849,289.0277748,-3.288179151,0.289175717
2020,7,145,-0.0007751,0.38393569,-0.125315145,0.039868507,32.84585434,284.3593439,74.75743849,-2.01846778,0.415790278
2020,8,145,-0.389748901,0.160365179,0.304107606,-0.164086252,30.75673436,680.062006,284.3593439,-4.838782086,0.134550884
2020,9,145,-0.189889818,0.115506329,0.187256172,-0.065943464,32.94969188,97.47869471,680.062006,-3.957470662,0.222434525
2021,6,145,-0.025181385,0.029411791,-0.134962365,-0.009824978,36.39667367,43.55668163,97.47869471,-3.41747108,0.276282834
2021,7,145,0.057192374,0.218551457,-0.168087691,0.050072073,31.47671335,673.792469,43.55668163,-2.244396873,0.393260817
2021,8,145,-0.032329988,0.321987361,0.025889968,-0.021194183,29.99165266,252.9165382,673.792469,-2.382394111,0.379499847
2021,9,145,-0.214953274,0.668571413,0.012947449,-0.096815204,29.13930672,603.2898712,252.9165382,-1.943216162,0.423294306
2022,6,145,-0.214240313,-0.00420926,0.134453788,-0.064090373,38.28909664,88.84981823,603.2898712,-4.396940898,0.178610919
2022,8,145,-0.034410641,0.607641339,-0.175347105,-0.018360524,31.60511204,313.9292412,88.84981823,-1.326049004,0.484837701
2022,9,145,-0.068094246,0.343765467,0.058806479,-0.040970626,29.8887535,204.6799631,313.9292412,-2.741836844,0.343656517
2023,6,145,-0.129436329,0.397435904,-0.008464329,-0.046966139,34.06692577,160.1356535,204.6799631,-2.680082612,0.349814598
2023,7,145,-0.165363804,0.352601171,0.015602837,-0.090474565,30.05413866,629.8503685,160.1356535,-2.944258855,0.323471163
2023,8,145,-0.025728988,-0.032779906,-0.077163711,-0.02032658,29.26002101,263.4036217,629.8503685,-3.320215226,0.285981106
2023,9,145,0.016195809,-0.050732341,-0.101088874,0.0117213,30.26328431,415.8709316,263.4036217,-3.37247905,0.280769401
2024,6,145,0.005291005,-0.071063302,-0.059533387,0.005077861,38.9340056,40.8177126,415.8709316,-3.66533992,0.251565559
2024,7,145,0.081742898,0.085035205,-0.062888242,0.281957672,31.76605042,476.0360279,40.8177126,-2.418703857,0.375879069
2024,8,145,-0.00456621,-0.072121069,-0.075068496,-0.003143117,30.25730159,455.9575463,476.0360279,-3.442512685,0.273785706
2024,9,145,0.043706357,-0.08803793,-0.092351705,0.03678921,30.36845238,289.3058197,455.9575463,-3.308761793,0.287123233
2025,6,145,0.050659958,-0.047893263,-0.103501201,0.051000125,34.06,79.46534088,289.3058197,-3.294317202,0.288563636
2025,7,145,0.068317287,-0.049949031,-0.104788996,0.059141065,29.50609944,672.5001001,79.46534088,-3.197468652,0.298221292
2025,8,145,0.069000967,-0.126389369,-0.100365363,0.05225149,28.2832493,649.7290668,672.5001001,-3.095515773,0.308387949
2025,9,145,0.009640666,-0.083134517,-0.056880735,0.008655284,29.21579132,336.5702972,649.7290668,-3.367659493,0.281250004
2019,6,146,0.479433566,-0.015025791,-0.511019289,0.263487827,39.29503952,80.76145878,200.8034601,-0.940731515,0.52326124
2019,7,146,0.491056353,0.007305936,-0.521349847,0.261587142,32.17495119,673.5950832,80.76145878,-0.68827227,0.548436266
2019,8,146,0.815356791,0.248050049,-0.659696937,0.607383526,28.85011855,399.4664612,673.5950832,2.26497448,0.842931573
2019,9,146,0.707070112,0.217832804,-0.567606688,0.570743641,26.78801953,325.118433,399.4664612,1.470326474,0.763689935
2020,6,146,0.615210652,0.088490024,-0.584490418,0.291220174,32.12062762,105.9874362,325.118433,0.107096263,0.627749754
2020,7,146,0.412038773,0.208551183,-0.298270315,0.460780056,29.42877266,443.3151441,105.9874362,-0.27452439,0.58969486
2020,8,146,0.780918717,0.26765877,-0.634745061,0.520174051,26.31639005,757.0708065,443.3151441,1.963651181,0.812883864
2020,9,146,0.807771623,0.248676136,-0.679254651,0.529220287,28.99831939,93.83937816,757.0708065,2.11412931,0.827889418
2021,6,146,0.64303124,0.087597862,-0.615297437,0.362339379,32.71107392,95.41239929,93.83937816,0.240353463,0.641038051
2021,7,146,0.597842395,0.083351955,-0.536156714,0.349605195,30.04419805,786.7357769,95.41239929,0.08463445,0.62550988
2021,8,146,0.477606207,0.215075463,-0.404621452,0.648731353,27.59247559,289.0741348,786.7357769,0.972313573,0.714028503
2021,9,146,0.857776284,0.241841584,-0.703456998,0.550234573,27.16656904,398.7114792,289.0741348,2.095444464,0.82602618
2022,6,146,0.520300746,-0.029933436,-0.569029808,0.262755347,35.47119944,105.9208894,398.7114792,-0.589349653,0.558300747
2022,7,146,0.595987737,0.22442919,-0.498512268,0.403801395,29.70501627,674.7789402,105.9208894,0.569367377,0.673847044
2022,8,146,0.871506751,0.232618347,-0.719883502,0.57685192,27.83672943,490.4439545,674.7789402,2.442462938,0.860630574
2022,9,146,0.430167586,0.234106481,-0.358777285,0.482886848,27.25505579,197.7086444,490.4439545,0.26012815,0.643009966
2023,6,146,0.598981559,0.110276245,-0.535452306,0.373575767,32.58285914,191.3679619,197.7086444,0.141391438,0.63116964
2023,7,146,0.640111148,0.159083471,-0.61800319,0.470979638,26.54021618,813.3384094,191.3679619,0.998928685,0.71668254
2023,8,146,0.794609189,0.269362301,-0.652059138,0.562057161,26.72008136,569.1780453,813.3384094,2.320642361,0.848482727
2023,9,146,0.871670425,0.273224145,-0.723878026,0.551477078,27.71027197,317.4512444,569.1780453,2.432971263,0.859684072
2024,6,146,0.54000628,0.02972973,-0.526119411,0.340349918,37.93858438,59.27945888,317.4512444,-0.369362674,0.580237665
2024,7,146,0.59562844,0.209310293,-0.468566626,0.629491233,29.54778708,633.3200626,59.27945888,0.908965497,0.707711486
2024,8,146,0.839572787,0.271080703,-0.701720119,0.61779103,27.91390516,484.5297454,633.3200626,2.520275821,0.86839001
2024,9,146,0.79395026,0.234796956,-0.655610859,0.550273995,27.54034868,200.2985497,484.5297454,1.897755893,0.806312841
2025,6,146,0.709624648,0.100724302,-0.666378617,0.405630729,34.65472803,184.521377,200.2985497,0.70483254,0.687355518
2025,8,146,0.901265323,0.289870054,-0.758146942,0.637963141,27.39496513,1063.825417,184.521377,2.736817194,0.889983335
2025,9,146,0.79263556,0.244910032,-0.673801005,0.543211946,26.3673059,188.3582306,1063.825417,2.329756763,0.849391608
2018,6,147,0.361488193,-0.08836896,-0.452789694,0.244507924,40.72334716,59.22151399,99.30617523,-1.706745781,0.446874936
2019,6,147,0.508758485,0.010954633,-0.50522548,0.320367267,39.19516367,44.32014756,59.22151399,-0.773151982,0.539972132
2019,7,147,0.424219072,-0.001355014,-0.390271574,0.301216099,29.32697787,445.5133362,44.32014756,-1.1176829,0.505615796
2019,8,147,0.415400743,0.256613433,-0.31785804,0.50871872,28.90564315,268.1640749,445.5133362,0.228293793,0.639835471
2019,9,147,0.727657437,0.206471488,-0.612078965,0.460086953,26.70637621,213.2702641,268.1640749,1.235707989,0.740293975
2020,6,147,0.53745383,0.001678795,-0.553980529,0.350258304,34.39589903,60.51849473,213.2702641,-0.400837879,0.577098984
2020,7,147,0.537700891,0.078096621,-0.429433048,0.438992146,29.07392116,231.3607544,60.51849473,-0.239418761,0.593195564
2020,8,147,0.420829922,0.163800657,-0.384752601,0.421175332,28.14029737,589.3764896,231.3607544,-0.163631945,0.600752962
2020,9,147,0.757887602,0.12586908,-0.689435422,0.43647704,29.34096127,91.75015771,589.3764896,1.307070997,0.747410235
2021,6,147,0.568020761,0.047492884,-0.526332378,0.364822581,33.35600277,49.28431416,91.75015771,-0.280023467,0.589146497
2021,7,147,0.51700002,0.042010207,-0.542654693,0.341479524,30.23524896,545.2874737,49.28431416,-0.310683594,0.586089094
2021,8,147,0.544194937,0.147299856,-0.423788548,0.541854448,27.80679115,210.7094421,545.2874737,0.532553996,0.670176045
2021,9,147,0.751686931,0.132743359,-0.651399493,0.448610995,26.58388658,493.0478821,210.7094421,1.131499609,0.729902402
2022,6,147,0.403980643,-0.053521127,-0.46300447,0.255216475,35.70352697,76.20111251,493.0478821,-1.138417639,0.503548145
2022,8,147,0.791079402,0.194179207,-0.637973964,0.54513107,27.97914246,257.2099533,76.20111251,1.454278888,0.762089683
2022,9,147,0.599780917,0.1077604,-0.502363443,0.426552017,27.19628631,162.5408134,257.2099533,0.272193594,0.644213122
2023,6,147,0.637300074,0.033151906,-0.585822761,0.37608053,31.26865145,134.9390152,162.5408134,0.07588731,0.624637623
2023,7,147,0.498099476,0.121465385,-0.414547294,0.458530908,27.97272476,547.0438309,134.9390152,-0.0502566,0.612058657
2023,8,147,0.753877997,0.180225775,-0.698123753,0.529180056,27.07753112,254.0341206,547.0438309,1.738414413,0.790423441
2023,9,147,0.769791722,0.060539883,-0.677279651,0.37859226,27.54311203,258.5134583,254.0341206,0.805740614,0.697417987
2024,6,147,0.509351313,-0.041575629,-0.550358534,0.318204312,36.60531812,35.33389847,258.5134583,-0.689770268,0.548286887
2024,7,147,0.755704224,0.115480296,-0.638405621,0.516364829,28.51818119,379.6821365,35.33389847,1.044937013,0.721270452
2024,8,147,0.82793957,0.207827792,-0.706416607,0.561488194,27.05330106,456.5228344,379.6821365,2.018444753,0.818347833
2024,9,147,0.800242424,0.135802135,-0.667955697,0.511480608,27.66999308,226.5873472,456.5228344,1.511600282,0.767805725
2025,6,147,0.443705112,-0.047893196,-0.478181243,0.297983922,32.29450207,70.90004913,226.5873472,-1.027578742,0.514600907
2025,7,147,0.415664166,0.117259368,-0.333021283,0.299708372,27.1074781,543.6562037,70.90004913,-0.815945223,0.535704826
2025,8,147,0.783475757,0.180875748,-0.664893627,0.621492335,25.50574689,584.0551586,543.6562037,2.012908159,0.817795729
2025,9,147,0.664285719,0.064102568,-0.623688161,0.360017889,26.56560166,248.3574524,584.0551586,0.636486686,0.680540126
2019,6,148,0.59337002,0.09480188,-0.57326138,0.438675981,37.01842105,42.422042,63.29347467,0.141218209,0.631152366
2019,7,148,0.599798918,0.095187165,-0.455626726,0.454010462,28.4575277,597.4093609,42.422042,0.116922767,0.628729645
2019,8,148,0.402200997,0.234797701,-0.312374741,0.648975267,28.19072715,302.7256088,597.4093609,0.533366213,0.670257038
2019,9,148,0.397402585,0.154754236,-0.356530517,0.824097324,26.25459834,177.0751362,302.7256088,0.561894918,0.673101897
2020,6,148,0.603949547,0.027807111,-0.599124968,0.386967524,34.23055402,66.66615999,177.0751362,-0.000773156,0.616993105
2020,7,148,0.395952076,0.130175248,-0.30922544,0.387233317,28.6642036,313.5422361,66.66615999,-0.747357974,0.542544289
2020,8,148,0.188935131,0.116966747,-0.133925989,0.280226598,27.07703139,622.5820789,313.5422361,-1.656690795,0.451866377
2020,9,148,0.670806348,0.331018835,-0.564875484,0.704978814,28.26088643,66.84720224,622.5820789,2.126855415,0.829158454
2021,6,148,0.576338112,0.086457349,-0.536762655,0.43534217,31.69064404,46.2238369,66.84720224,0.052608104,0.62231624
2021,7,148,0.706058145,0.117835529,-0.661042571,0.428072603,28.01314866,677.2515182,46.2238369,0.876239366,0.704448063
2021,8,148,0.078294791,0.295896322,0.023467069,0.501319261,26.55157895,214.0418663,677.2515182,-1.034705417,0.513890241
2021,9,148,0.566459656,0.289844751,-0.473991811,0.756062767,26.00312327,396.0145454,214.0418663,1.499180998,0.766567284
2022,6,148,0.502714455,-0.025352113,-0.532668889,0.325049143,34.78840028,84.06974733,396.0145454,-0.558653873,0.561361705
2022,8,148,0.764686823,0.328652918,-0.624495924,1.266765458,26.25742382,297.795414,84.06974733,3.436508574,0.959755977
2022,9,148,0.494492292,0.307851225,-0.385219961,0.561709741,26.58011773,148.6871618,297.795414,0.760417652,0.692898419
2023,6,148,0.726078808,0.105389632,-0.662364483,0.488777425,29.80643352,153.7336254,148.6871618,0.952372857,0.712040032
2023,7,148,-0.056943055,0.182838291,0.082075216,0.574555653,27.703735,773.3028908,153.7336254,-1.912709515,0.426336404
2023,8,148,0.735620558,0.305668026,-0.616541326,0.67907491,25.83350646,274.1440887,773.3028908,2.414362503,0.857828422
2023,9,148,0.854588151,0.310041159,-0.763833463,0.681420275,26.98055402,243.8091927,274.1440887,2.70959645,0.887268905
2024,6,148,0.604412913,0.032625064,-0.596862733,0.413491949,35.60746537,39.95411929,243.8091927,0.088342788,0.625879673
2024,7,148,0.619816005,0.236986995,-0.479911357,0.759636325,26.85480148,448.689188,39.95411929,1.352255825,0.751916028
2024,8,148,-0.039883267,0.070208728,0.070621468,0.259001895,26.77920129,468.0263193,448.689188,-2.783628218,0.339489116
2024,9,148,0.39129585,0.253948927,-0.309842229,0.523374083,26.13768006,211.1696371,468.0263193,0.217771857,0.638786232
2025,6,148,0.630800545,0.074308529,-0.616349041,0.43841611,30.06694598,78.56943172,211.1696371,0.4425394,0.661199864
2025,7,148,0.068214804,0.051178291,-0.034676664,0.31139576,27.78058172,705.5770202,78.56943172,-2.443546853,0.373401746
2025,8,148,0.774598956,0.264714956,-0.645141006,0.874254919,26.00764543,625.8019753,705.5770202,2.885693043,0.904829111
2025,9,148,0.390200913,0.184028819,-0.319063544,0.657051282,24.89389658,215.1467381,625.8019753,0.413470568,0.658301144
2019,7,149,0.465038002,-0.052259516,-0.501796544,0.244992428,34.01479833,574.0804863,85.69666392,-1.065934944,0.510776059
2019,8,149,0.693885028,0.263779521,-0.56389451,0.572554836,28.57220909,308.4980164,574.0804863,1.673081989,0.783908546
2019,9,149,0.085788012,0.288988441,-0.064788118,0.188157633,26.54589708,290.031023,308.4980164,-1.736992588,0.443858749
2020,6,149,0.612512648,0.064558521,-0.622795343,0.270383148,32.35710014,95.04911971,290.031023,0.039214132,0.620980604
2020,7,149,0.649530113,0.18300654,-0.561077714,0.483003531,28.76375522,305.7398256,95.04911971,0.801928469,0.697037843
2020,8,149,0.788749516,0.262800395,-0.660259545,0.617857211,27.9446662,713.8007412,305.7398256,2.125075217,0.828980934
2020,9,149,0.7008816,0.238115355,-0.623074889,0.453693135,28.73378999,88.06566399,713.8007412,1.522368616,0.768879534
2021,6,149,0.398764074,-0.071428575,-0.477927059,0.217801957,34.08861613,92.60018539,88.06566399,-1.485540288,0.468933363
2021,7,149,0.381543279,-0.038086135,-0.413853496,0.21497167,29.42417246,663.8046074,92.60018539,-1.394687788,0.477993099
2021,8,149,0.163067997,0.108616814,-0.108792566,0.268400843,26.56313398,232.5656662,663.8046074,-1.678933092,0.449648394
2021,9,149,0.821705818,0.270673543,-0.696867943,0.548765296,27.0990612,521.3492126,232.5656662,2.084181992,0.824903096
2022,6,149,0.323773593,-0.151832461,-0.417404115,0.141304348,35.81531989,118.0661738,521.3492126,-1.974535375,0.42017118
2022,7,149,0.741848767,0.122130789,-0.674313426,0.426720804,29.57528975,591.4282551,118.0661738,1.004941801,0.717282163
2022,8,149,0.867564559,0.247142583,-0.736952007,0.5937476,28.4759643,435.1577682,591.4282551,2.488831609,0.865254419
2022,9,149,0.531652093,0.177268878,-0.399811864,0.271185551,26.76739221,174.7514193,435.1577682,-0.110397055,0.606061501
2023,6,149,0.38704896,-0.014882528,-0.400701582,0.259414055,32.13022253,212.712616,174.7514193,-1.311166259,0.486321796
2023,7,149,0.264795184,0.11868526,-0.186303765,0.249516493,26.89109411,662.0687675,212.712616,-1.482326897,0.4692538
2023,8,149,0.254354984,0.10143666,-0.218272582,0.45096917,26.63179416,390.6253815,662.0687675,-0.813745137,0.535924216
2023,9,149,0.717622817,0.180327863,-0.66500169,0.472190925,28.1450904,382.6621132,390.6253815,1.370637681,0.753749052
2024,6,149,0.351430893,-0.084724158,-0.447950274,0.21101989,38.14014604,61.49638569,382.6621132,-1.592018395,0.458315455
2024,7,149,0.340036571,0.123862997,-0.274849236,0.379032438,27.39652758,453.9391365,61.49638569,-0.948788489,0.522457806
2024,8,149,0.647271097,0.32414794,-0.491220921,0.385255584,27.59262401,420.4368923,453.9391365,1.14805615,0.731553407
2024,9,149,0.477857172,0.264901608,-0.374608427,0.36664909,27.68006259,230.1271768,420.4368923,0.205416018,0.637554118
2025,6,149,0.45161289,-0.003558719,-0.497326195,0.277433738,34.80354659,120.1589345,230.1271768,-0.882175485,0.529100399
2025,8,149,0.840129733,0.271941066,-0.702830195,0.687601927,26.9186509,788.6033134,120.1589345,2.433614696,0.859748234
2025,9,149,0.675018847,0.186207622,-0.582147777,0.430768282,26.19269587,232.5371513,788.6033134,1.25321648,0.742039907
2019,6,150,0.116747379,-0.149581939,-0.244262233,0.085382346,44.97190344,35.63215211,72.26088667,-3.361787381,0.281835566
2019,7,150,0.105027936,-0.129808486,-0.220804706,0.079291438,34.74500464,408.2465363,35.63215211,-3.210527072,0.296919118
2019,8,150,0.496497929,0.246332958,-0.389131725,0.440440534,31.33738858,199.6831541,408.2465363,0.321336035,0.649113565
2019,9,150,0.622336507,0.26219511,-0.513711154,0.544437779,28.70548747,286.3741093,199.6831541,1.091907719,0.725954332
2020,6,150,0.262794703,-0.102574579,-0.421959639,0.11356844,39.31534819,61.34330577,286.3741093,-2.195247267,0.398161974
2020,7,150,0.098575629,-0.122959174,-0.210256085,0.07323768,32.80078691,195.7255185,61.34330577,-3.241836125,0.293797005
2020,8,150,0.407354563,0.15376009,-0.352470011,0.252943356,30.58070334,571.7472954,195.7255185,-0.729603315,0.544314769
2020,9,150,0.703343451,0.316836476,-0.581585109,0.468515894,30.55108635,90.81508024,571.7472954,1.613541818,0.77797125
2021,6,150,0.135885671,-0.143406406,-0.273771793,0.083823926,38.42356546,36.20431471,90.81508024,-3.13921348,0.30403045
2021,7,150,0.082042456,-0.022291342,-0.195183784,0.048843802,32.38044104,527.8742828,36.20431471,-2.976172576,0.320288753
2021,8,150,0.547606528,0.19846867,-0.441450268,0.492338252,29.79708217,211.9413452,527.8742828,0.607548899,0.677654474
2021,9,150,0.835825443,0.348797977,-0.676232934,0.569222601,27.82389972,537.0538635,211.9413452,2.352520206,0.851661559
2022,6,150,0.104492679,-0.109497204,-0.232522801,0.083418546,39.87662953,64.79120505,537.0538635,-2.927280508,0.325164229
2022,8,150,0.564897418,0.163931444,-0.45077455,0.334610795,30.35933148,269.376112,64.79120505,-0.079601005,0.609132458
2022,9,150,0.643955886,0.270446718,-0.532013118,0.547302157,28.61344011,139.2432126,269.376112,1.231396994,0.739864086
2023,6,150,0.188264057,-0.141330391,-0.302050114,0.139257294,35.91057799,132.7952213,139.2432126,-2.748380289,0.34300401
2023,7,150,-0.053875566,0.054563012,-0.017515924,-0.037574009,32.16763928,420.4019737,132.7952213,-3.584934577,0.259583513
2023,8,150,0.679565489,0.351958692,-0.541433036,0.401331088,28.75882312,197.3286819,420.4019737,1.385192263,0.755200422
2023,9,150,0.734971941,0.366982907,-0.629531562,0.543772676,28.48024373,344.3610764,197.3286819,1.971458329,0.813662386
2024,6,150,0.153422505,-0.116068736,-0.297919422,0.111403108,40.92300836,39.02547053,344.3610764,-2.764847395,0.341361924
2024,7,150,0.130406857,0.234368876,-0.171351984,0.079550913,32.97406685,342.7601891,39.02547053,-2.047273969,0.412917748
2024,8,150,0.788323462,0.296514273,-0.648819804,0.48979671,21.21623027,374.2648652,342.7601891,1.967525414,0.813270199
2024,9,150,0.781507373,0.322736114,-0.660567105,0.507805763,28.96030641,217.7447038,374.2648652,1.998681968,0.816377105
2025,6,150,0.109404534,-0.119183891,-0.239548042,0.076012575,39.03739786,68.31636071,217.7447038,-3.136462343,0.304304791
2025,7,150,0.134582624,0.162980214,-0.197124019,0.086294786,29.26906685,481.5676389,68.31636071,-2.107729717,0.406889152
2025,8,150,0.577624857,0.278559178,-0.461299181,0.332415936,26.86268338,547.0380402,481.5676389,0.709120801,0.687783139
2025,9,150,0.711610496,0.284145802,-0.619610131,0.449486977,27.89890669,282.8974304,547.0380402,1.626816477,0.779294988
2019,7,151,0.762143672,0.208892018,-0.643987417,0.668193187,20.02505587,370.9362621,123.2082309,1.877436126,0.804286571
2019,8,151,0.03197065,0.210831255,-0.004591837,0.685869604,17.72479749,330.2889662,370.9362621,-1.003112294,0.517040681
2019,9,151,0.394003212,0.12451759,-0.304337412,0.359230297,18.34184358,217.1921453,330.2889662,-0.568677398,0.560362167
2020,6,151,0.68823874,0.097122513,-0.6534127,0.419810063,22.41821229,123.9467391,217.1921453,0.799124556,0.696758239
2020,7,151,0.240442649,0.125819042,-0.211495951,0.346828733,21.47124302,310.962716,123.9467391,-1.294765136,0.487957303
2020,8,151,0.321314365,0.240481377,-0.215379357,0.244699743,16.62263268,449.8190346,310.962716,-0.747352559,0.542544829
2020,9,151,0.819514096,0.266550183,-0.725676656,0.56893843,22.12264665,65.85229111,449.8190346,2.285697916,0.844998096
2021,6,151,0.713888347,0.145399019,-0.571753979,0.596031983,21.5660405,114.2507019,65.85229111,1.12497016,0.729251291
2021,7,151,0.688725352,0.217536673,-0.563755274,0.747924645,18.21100559,536.0568466,114.2507019,1.782305225,0.794800196
2021,8,151,0.477700174,0.225944102,-0.370873511,0.49982642,19.04,167.0894995,536.0568466,0.527872617,0.669709221
2021,9,151,0.745858371,0.186693877,-0.518716812,0.609862258,18.41162011,208.6777382,167.0894995,1.358634236,0.752552078
2022,6,151,0.063315615,0.159831271,-0.034226585,0.423126615,23.08,99.57917404,208.6777382,-1.827626763,0.434820785
2022,7,151,-0.010146561,0.160761505,0.062032618,0.052775606,20.27671089,461.3944979,99.57917404,-2.988411343,0.319068313
2022,8,151,0.863541663,0.282743782,-0.691192687,0.869732471,19.41787011,352.6896372,461.3944979,3.114437347,0.927639302
2022,9,151,0.20280537,0.0430816,-0.1484375,0.530462185,20.13613128,115.9067988,352.6896372,-1.276440617,0.489784608
2023,6,151,0.344001651,0.165130869,-0.22751911,0.268043316,22.35401536,210.2945824,115.9067988,-1.110207263,0.50636126
2023,7,151,0.580323398,0.155422539,-0.485214919,0.638233129,21.53550279,591.4649029,210.2945824,0.941357587,0.710941598
2023,8,151,0.544078112,0.272453189,-0.455446482,0.401110925,18.3073743,397.1055717,591.4649029,0.899450874,0.706762696
2023,9,151,0.812512338,0.198685899,-0.682051301,0.70826452,19.95572626,225.9967422,397.1055717,2.274186391,0.843850177
2024,6,151,0.749762177,0.212678343,-0.628980875,0.760050024,24.00118715,63.01138562,225.9967422,1.98276223,0.814789602
2024,7,151,0.515648961,0.244925499,-0.408535868,0.384052695,20.02390596,404.8065395,63.01138562,0.247709261,0.641771565
2024,8,151,0.209404856,0.03968839,-0.210590824,0.339258789,18.85906425,338.1450403,404.8065395,-1.454597075,0.472018995
2024,9,151,0.262972057,0.194147944,-0.191572487,-0.031264402,19.93213687,176.1117491,338.1450403,-1.77167739,0.44040001
2025,6,151,0.650609612,0.127130419,-0.576856971,0.582373148,20.53066108,178.706827,176.1117491,1.003043669,0.717092883
2025,8,151,0.198387817,0.045925345,-0.163478255,0.243246211,17.83445531,686.9053965,178.706827,-1.839434627,0.433643315
2025,9,151,0.734726191,0.111563385,-0.664731085,0.507786244,19.10996508,174.6485786,686.9053965,1.513496967,0.767994861
2019,6,152,0.737380624,0.294541299,-0.652940333,0.588494042,41.85057487,39.62772637,79.40750599,1.58704312,0.775328822
2019,7,152,0.278767467,0.070751868,-0.276546091,0.274173691,33.97145573,475.9578094,39.62772637,-1.57777471,0.459735823
2019,8,152,0.330044508,0.144429222,-0.268228322,0.417307047,31.65118915,216.059514,475.9578094,-0.675681808,0.549691776
2019,9,152,0.388247639,0.134405151,-0.327628374,0.340480353,29.15750348,258.9479313,216.059514,-0.733317105,0.543944433
2020,6,152,0.696120679,0.21779497,-0.694033206,0.413097541,35.62596662,67.87638143,258.9479313,1.148465038,0.731594181
2020,7,152,0.397274524,0.129007742,-0.375487804,0.34773593,31.6659249,222.2520344,67.87638143,-0.733707067,0.543905546
2020,8,152,0.342206717,0.050709207,-0.354756325,0.205764675,30.36256606,600.8287888,222.2520344,-1.288019507,0.488629971
2020,9,152,0.296464831,0.05842986,-0.322384864,0.174742843,32.44138387,89.58429657,600.8287888,-1.398398359,0.477623084
2021,6,152,0.744029999,0.291613281,-0.711975396,0.551192175,36.90919332,39.22908497,89.58429657,1.717652733,0.788353104
2021,7,152,0.245585874,0.086581096,-0.304695308,0.246827275,31.96047752,560.8428249,39.22908497,-1.548949741,0.462610225
2021,8,152,0.281162649,0.089378558,-0.231595919,0.247710036,29.92352573,207.5285378,560.8428249,-1.352551552,0.482194889
2021,9,152,0.475285172,0.121681996,-0.398440152,0.290623943,28.76970793,508.7337494,207.5285378,-0.479353035,0.569269518
2022,6,152,0.520595551,0.188527718,-0.581011355,0.368569852,37.91004172,71.08004642,508.7337494,0.43139056,0.660088111
2022,8,152,0.246786311,-0.034592852,-0.316479087,0.128381409,31.59640473,274.1704502,71.08004642,-2.215489836,0.396143402
2022,9,152,0.39858216,0.094038635,-0.339693069,0.257692175,29.26554242,137.8287051,274.1704502,-0.988251458,0.518522591
2023,6,152,0.643331647,0.221652418,-0.600796402,0.466158175,33.43797636,149.9720058,137.8287051,0.911004273,0.707914791
2023,7,152,0.547079206,0.275679916,-0.463907123,0.451503544,30.72496523,444.5242004,149.9720058,0.62570633,0.679465118
2023,8,152,0.197860956,0.023123037,-0.255781353,0.111597044,29.44356745,188.1744881,444.5242004,-2.067353232,0.410915461
2023,9,152,0.314758748,0.1253874,-0.329314053,0.192285574,29.46611266,323.8739166,188.1744881,-1.253924215,0.492029925
2024,6,152,0.623891711,0.171665132,-0.569245934,0.418230563,38.5082128,40.29980691,323.8739166,0.552530297,0.672168065
2024,7,152,0.643965721,0.26673767,-0.555377722,0.519251709,31.97895688,385.8269777,40.29980691,1.076443521,0.724412255
2024,8,152,0.495523959,0.16060482,-0.48302871,0.326328201,29.0810802,392.0527024,385.8269777,0.057156446,0.622769797
2024,9,152,0.30711624,0.055310022,-0.370658457,0.184447339,29.66730876,229.6855875,392.0527024,-1.317533953,0.485686815
2025,6,152,0.711338103,0.278163731,-0.652242005,0.619334577,33.04803199,72.26866876,229.6855875,1.752935381,0.79187146
2025,7,152,0.344639599,0.321821958,-0.333333343,0.22566828,29.84350487,503.7989995,72.26866876,-0.49280368,0.567928231
2025,8,152,0.602190077,0.174090236,-0.523992479,0.381604067,28.78088549,551.7963657,503.7989995,0.661900374,0.683074358
2025,9,152,0.679215431,0.209887251,-0.603625357,0.444743425,27.9591516,263.4920731,551.7963657,1.259062741,0.742622892
2019,7,153,0.442103356,0.185622618,-0.357835799,0.400583728,15.38000693,144.8442822,78.25155108,-0.177230275,0.599396948
2019,8,153,0.725681961,0.350382596,-0.582350194,0.521903004,16.22210526,148.3119798,144.8442822,1.81849759,0.798409269
2019,9,153,0.733507633,0.340557903,-0.620654523,0.490833897,16.82457064,139.4651461,148.3119798,1.817835499,0.798343246
2020,6,153,0.462210417,0.19596912,-0.434289157,0.216423483,20.59446676,73.34903664,139.4651461,-0.365226474,0.580650124
2020,7,153,0.716287196,0.346450895,-0.586597025,0.565274048,19.10094875,83.52177656,73.34903664,1.796845862,0.796250177
2020,8,153,0.721386433,0.399301678,-0.570719898,0.461184838,18.9223361,195.7976761,83.52177656,1.748157507,0.791395014
2020,9,153,0.780564249,0.362680376,-0.666577756,0.509192396,19.66301939,53.77297688,195.7976761,2.119875058,0.828462379
2021,6,153,0.713196754,0.320359826,-0.558734298,0.57866328,21.69363573,66.17616844,53.77297688,1.618531641,0.778468831
2021,7,153,0.411760837,0.324229896,-0.30201444,0.144933148,18.04359418,217.8994913,66.17616844,-0.502984841,0.566912974
2021,8,153,0.376263946,0.258181185,-0.288737357,0.287456584,18.79349723,82.88749313,217.8994913,-0.459461427,0.571253093
2021,9,153,0.748001039,0.351335764,-0.612302363,0.490755034,17.25265235,213.9113541,82.88749313,1.833958735,0.799951041
2022,6,153,0.692050219,0.291508496,-0.54351145,0.480589504,20.5658241,79.06835914,213.9113541,1.341075034,0.750801089
2022,7,153,-0.016618835,0.225280672,0.043681443,0.075757576,16.23605032,181.7097006,79.06835914,-2.71119826,0.346711771
2022,8,153,0.768888891,0.32919848,-0.629239738,0.501449275,17.19315097,124.6358933,181.7097006,1.913908019,0.807923517
2022,9,153,0.752605975,0.319571465,-0.621864974,0.438034188,17.76577562,89.16357374,124.6358933,1.6394813,0.780557914
2023,6,153,0.618540168,0.340881824,-0.517624438,0.482586772,18.20281856,171.8132992,89.16357374,1.259100563,0.742626663
2023,7,153,0.766407132,0.360130697,-0.605947375,0.567413414,17.69143352,211.3575668,171.8132992,2.106504766,0.827129105
2023,8,153,0.786135972,0.400548607,-0.639839888,0.55535325,16.64672438,136.9679255,211.3575668,2.360687804,0.852476025
2023,9,153,0.760398388,0.40420562,-0.642761946,0.510051408,17.16822715,145.3607941,136.9679255,2.172751952,0.833735219
2024,6,153,0.342943013,0.277922481,-0.267428428,0.42740364,20.95709141,40.02449465,145.3607941,-0.289418927,0.588209589
2024,7,153,0.415092915,0.170737907,-0.324150622,0.394097782,19.56793629,112.7885122,40.02449465,-0.462402302,0.570959831
2024,8,153,0.766373694,0.355526537,-0.632599592,0.540081522,18.07721607,163.6335658,112.7885122,2.042808798,0.820777396
2024,9,153,0.769031227,0.360735148,-0.636705399,0.512352614,19.32301939,162.8223606,163.6335658,2.030493352,0.81954931
2025,6,153,-0.000529381,0.125065178,0.023784902,0.096455603,18.24941828,64.30435514,162.8223606,-2.913791624,0.326509329
2025,8,153,0.785402715,0.342663467,-0.639519334,0.542740023,17.43065097,301.3960905,64.30435514,2.068872685,0.823376465
2025,9,153,0.76571846,0.367140472,-0.655053377,0.462439541,17.71551247,135.6314511,301.3960905,2.078845611,0.824370957
2019,6,154,0.720044792,0.204172879,-0.630127788,0.561998216,22.76180767,77.31015536,77.13340712,1.381965534,0.754878656
2019,7,154,0.199240983,0.177639753,-0.141481042,0.191094395,17.3213546,276.1878433,77.31015536,-1.7041888,0.447129916
2019,8,154,0.032989692,0.197946385,0.037463978,0.51794681,17.37988904,197.166739,276.1878433,-1.594302006,0.458087735
2019,9,154,0.704761922,0.099677071,-0.636571407,0.410707737,18.02526352,261.0327816,197.166739,0.853684088,0.70219887
2020,6,154,0.75899601,0.2231372,-0.679644763,0.339314991,21.44969487,81.11556072,261.0327816,1.288649553,0.745573264
2020,7,154,-0.029281989,0.107494988,0.038041104,-0.232223592,18.70275312,146.7962971,81.11556072,-3.832575966,0.23488892
2020,8,154,0.05560733,0.157380253,-0.042331289,0.342943502,17.14171983,368.7971478,146.7962971,-1.920362014,0.425573303
2020,9,154,0.791876554,0.147189051,-0.719176173,0.459467662,19.19253814,113.7442417,368.7971478,1.567355378,0.773365577
2021,6,154,0.671123624,0.140387386,-0.612859428,0.485598362,22.0367129,85.52153015,113.7442417,0.887556229,0.705576572
2021,7,154,0.108048394,0.168134943,-0.075779378,0.353099133,18.08447989,349.6414299,85.52153015,-1.722828044,0.445271226
2021,8,154,0.054299947,0.114290684,-0.037932459,0.263052677,17.32785021,148.4317336,349.6414299,-2.172712569,0.400409116
2021,9,154,0.403721988,0.082601056,-0.377049178,0.438495174,17.10543689,540.9750366,148.4317336,-0.37409636,0.579765626
2022,6,154,0.774040818,0.20705089,-0.682943821,0.60135284,23.41427184,86.46564651,540.9750366,2.003567309,0.816864267
2022,7,154,0.234946877,0.350984812,-0.189312115,0.496506986,18.46836338,339.2240324,86.46564651,-0.2595937,0.591183736
2022,8,154,0.744291902,0.195992351,-0.575849891,0.380204079,18.02993759,188.7632933,339.2240324,1.123877329,0.729142315
2022,9,154,0.293723851,0.046716318,-0.219702899,0.406131351,18.03192094,167.9194584,188.7632933,-1.237148005,0.493702835
2023,6,154,0.714493454,0.207861051,-0.604428411,0.633586744,19.70699723,168.0557995,167.9194584,1.592073771,0.775830474
2023,7,154,0.83171618,0.270350397,-0.714111507,0.709131842,19.49712205,387.3259506,168.0557995,2.527434073,0.869103824
2023,8,154,0.823758304,0.189113751,-0.713179946,0.575388027,18.50213592,215.8637209,387.3259506,2.057981556,0.822290411
2023,9,154,0.761205852,0.119999997,-0.697727263,0.484188928,17.25601942,313.1274929,215.8637209,1.382355174,0.75491751
2024,6,154,0.741577148,0.161694407,-0.658093095,0.553241335,24.15343967,44.02660418,313.1274929,1.457276288,0.762388581
2024,7,154,0.739860117,0.194977626,-0.653522372,0.60456416,18.97332178,230.5717363,44.02660418,1.600966384,0.776717238
2024,8,154,0.691493571,0.111501828,-0.569130182,0.127033784,17.0823509,284.6749613,230.5717363,0.117420987,0.628779327
2024,9,154,0.719534576,0.027291812,-0.652605474,0.334647269,18.55023578,268.1189613,284.6749613,0.56454961,0.673366621
2025,6,154,0.028866868,0.199552074,-0.012356576,0.350079114,19.56968793,65.01364061,268.1189613,-1.908529128,0.426753268
2025,7,154,0.780079663,0.276185066,-0.650535643,0.739053123,17.09515257,343.0323644,65.01364061,2.307111239,0.847133415
2025,8,154,0.625576198,0.118886575,-0.550908625,0.491445477,16.79097781,429.5040512,343.0323644,0.860513772,0.70287992
2025,9,154,0.631327689,0.010323422,-0.615268588,0.275248499,17.85185853,263.7431145,429.5040512,0.195236869,0.636539062
2019,6,155,0.431438118,0.018197387,-0.459844947,0.275694671,38.48770019,85.51054595,202.4585476,-1.016548339,0.51570085
2019,7,155,0.479166657,0.021011673,-0.519591153,0.266710211,31.73851955,631.6782894,85.51054595,-0.661255877,0.551130318
2019,8,155,0.682729363,0.223723605,-0.558079958,0.628822402,29.2046648,329.4252014,631.6782894,1.657660448,0.782370723
2019,9,155,0.200054243,0.167621151,-0.151116699,0.451577332,27.25050279,320.961092,329.4252014,-1.098065199,0.507572056
2020,6,155,0.612727404,0.118800357,-0.621486723,0.284252439,32.91123603,102.2773052,320.961092,0.261574978,0.643154243
2020,7,155,0.593797028,0.219518259,-0.474265009,0.456170642,29.51388966,364.073972,102.2773052,0.544519111,0.671369196
2020,8,155,0.052736849,0.240654737,-0.027834749,0.274170274,28.9951676,740.9754295,364.073972,-1.774356308,0.44013287
2020,9,155,0.772448838,0.295155436,-0.660117745,0.59780433,29.90592179,90.23976725,740.9754295,2.275686869,0.843999803
2021,6,155,0.468017966,-0.00511638,-0.475449562,0.241052947,34.5372067,96.13881683,90.23976725,-1.072216252,0.510149692
2021,7,155,0.473023832,0.071183532,-0.475314617,0.357114515,31.30628957,715.8561554,96.13881683,-0.384373462,0.578740802
2021,8,155,0.366572618,0.220162839,-0.272550851,0.671891512,28.07231145,260.7302628,715.8561554,0.430359932,0.659985338
2021,9,155,0.812883437,0.305288911,-0.668670535,0.637481892,27.57538408,508.1948891,260.7302628,2.317896769,0.848208939
2022,6,155,0.573984802,0.102785766,-0.56781888,0.375879762,36.4847486,130.915403,508.1948891,0.276296823,0.644622293
2022,7,155,0.660600364,0.220204264,-0.560832858,0.581202801,29.25951583,630.6401396,130.915403,1.246335428,0.741353735
2022,8,155,0.857389569,0.266487211,-0.712465882,0.654647526,28.21401536,479.391552,630.6401396,2.643849154,0.880712639
2022,9,155,0.675809383,0.332206041,-0.549084544,0.68893952,27.58365922,163.8692961,479.391552,2.007518266,0.817258253
2023,6,155,0.513659716,0.090011843,-0.494658113,0.340762274,32.96373603,204.6605835,163.8692961,-0.303754196,0.586780088
2023,7,155,0.598532498,0.14877589,-0.490713596,0.506609884,27.30430633,675.7227745,204.6605835,0.622765911,0.679171902
2023,8,155,0.788148463,0.304444104,-0.655214012,0.686155939,27.35994413,412.8759842,675.7227745,2.579198708,0.874265751
2023,9,155,0.834565401,0.339796126,-0.697833538,0.636469356,28.72347765,371.5225449,412.8759842,2.600063035,0.876346324
2024,6,155,0.397569925,-0.024701195,-0.444247782,0.242424242,38.56638966,65.75434679,371.5225449,-1.242760049,0.493143207
2024,7,155,0.300000012,0.202516392,-0.133027524,0.388268999,28.57581704,539.5203419,65.75434679,-1.084211536,0.508953532
2024,8,155,0.762543261,0.281244338,-0.646438241,0.712159495,28.12358473,454.741517,539.5203419,2.396482632,0.856045456
2024,9,155,0.766659915,0.323028028,-0.650955915,0.703397846,27.95231844,216.1396135,454.741517,2.437833614,0.860168941
2025,6,155,0.589443982,0.107272945,-0.572359502,0.402576152,34.19602886,149.182477,216.1396135,0.244637203,0.641465222
2025,8,155,-0.043940835,0.115099065,0.058787387,0.740723648,27.28026536,894.6838531,149.182477,-1.662460089,0.451291068
2025,9,155,0.69818759,0.297581047,-0.604991317,0.637894452,26.86490223,193.9136658,894.6838531,2.234770071,0.839919614
2018,6,156,0.517786562,0.018342542,-0.51678735,0.292715626,22.69805517,108.6641726,117.5388908,-0.505932854,0.566619001
2019,6,156,0.583310127,0.1031956,-0.547070801,0.383979206,23.99747586,111.7081281,108.6641726,0.170615753,0.634083864
2019,7,156,0.678614676,0.224506423,-0.526957154,0.45672196,19.8727931,257.7020054,111.7081281,0.97743003,0.714538712
2019,8,156,0.567448676,0.23111783,-0.445082784,0.604421754,20.75461379,185.2936487,257.7020054,0.954695019,0.712271596
2019,9,156,0.743516862,0.146441832,-0.62470299,0.357010816,21.20054483,274.2203293,185.2936487,0.902778858,0.70709456
2020,6,156,0.627174795,0.121013731,-0.560717463,0.408028574,21.59865517,124.3241121,274.2203293,0.546562767,0.671572988
2020,7,156,0.518410861,0.152852982,-0.446906745,0.495658188,19.49395172,134.7014573,124.3241121,0.274712982,0.644464353
2020,8,156,0.524637043,0.201463044,-0.425065309,0.490611081,18.96627586,342.6404314,134.7014573,0.441864532,0.661132567
2020,9,156,0.694789529,0.109930135,-0.632475615,0.329952001,23.31889655,118.0736389,342.6404314,0.674407223,0.68432153
2021,6,156,0.479768783,0.099024452,-0.487374604,0.371271077,23.92631724,131.0230236,118.0736389,-0.227154213,0.594418575
2021,7,156,0.524334252,0.118099235,-0.507720232,0.374589689,19.01894483,304.8820863,131.0230236,0.093118278,0.626355881
2021,8,156,0.615192652,0.180887714,-0.494139969,0.456530802,19.26296552,138.494503,304.8820863,0.720528596,0.688920715
2021,9,156,0.654326379,0.080259211,-0.559561074,0.353633909,17.70793793,528.0067291,138.494503,0.391907273,0.656150871
2022,6,156,0.603434861,0.047377408,-0.575345933,0.324627985,24.34935172,121.5478594,528.0067291,0.22376124,0.639383488
2022,7,156,0.288343549,0.185527325,-0.228723407,0.664780764,21.6968,307.6853943,121.5478594,-0.255779755,0.591564059
2022,8,156,0.744713783,0.162787214,-0.616639137,0.47636364,19.92832414,169.9092727,307.6853943,1.275137526,0.744225856
2022,9,156,0.704590797,0.041916169,-0.643097639,0.287892998,20.93082069,181.0935793,169.9092727,0.336499425,0.650625646
2023,6,156,0.628529906,0.125085413,-0.546290338,0.417755468,23.02071034,236.2176094,181.0935793,0.496660048,0.66659673
2023,7,156,0.763236821,0.220884919,-0.635201991,0.514344308,20.19918621,348.6570854,236.2176094,1.62408589,0.779022696
2023,8,156,0.761541426,0.238432944,-0.628918827,0.465641648,17.8939931,192.2580833,348.6570854,1.624741445,0.779088067
2023,9,156,0.711408556,0.040259812,-0.632557213,0.287846591,20.44737931,304.1967125,192.2580833,0.365278469,0.653495468
2024,6,156,0.556298792,0.046868518,-0.542821169,0.325639062,25.8494,63.93752909,304.1967125,-0.125113495,0.60459399
2024,7,156,0.738074422,0.191468567,-0.622863948,0.504038204,19.04767586,203.2637129,63.93752909,1.297565829,0.746462387
2024,8,156,0.776223779,0.148022592,-0.672152758,0.383927846,17.12565517,265.9218037,203.2637129,1.211496431,0.737879619
2024,9,156,0.755883992,0.123424686,-0.657881141,0.344320806,21.27816552,254.835768,265.9218037,0.949021051,0.711705792
2025,6,156,0.589320183,0.073316634,-0.540529072,0.405574635,21.75728276,89.83390749,254.835768,0.231210985,0.64012637
2025,7,156,0.366864383,0.223898306,-0.292059004,0.462647129,18.54051724,315.9429896,89.83390749,-0.230841712,0.59405086
2025,8,156,0.746567905,0.191225931,-0.628616929,0.513960993,18.07784598,388.8248386,315.9429896,1.556976794,0.772330633
2025,9,156,0.652132332,0.023519572,-0.636303663,0.298145068,20.56043448,263.600769,388.8248386,0.325197334,0.649498611
2019,7,157,0.440991431,0.180556267,-0.354798675,0.284100018,18.52775382,119.9028015,54.41351484,-0.519586562,0.565257464
2019,8,157,0.439496607,0.250701964,-0.336028755,0.23594221,18.55431154,139.1994915,119.9028015,-0.395268508,0.577654357
2019,9,157,0.697210968,0.30387488,-0.596405089,0.241898092,17.42709318,128.9827881,139.1994915,0.995827954,0.716373338
2020,6,157,0.72235769,0.298045099,-0.738750398,0.305359577,21.70650904,52.70684984,128.9827881,1.432283224,0.759896294
2020,7,157,0.666547656,0.231662273,-0.601921737,0.376229244,21.51958971,72.4159528,52.70684984,0.88077097,0.704899951
2020,8,157,0.370685816,0.302392662,-0.295829117,0.22471947,20.01710709,170.02952,72.4159528,-0.534475449,0.563772757
2020,9,157,0.780487776,0.296131909,-0.668571413,0.198660813,18.73267038,52.54042816,170.02952,1.214358054,0.738164977
2021,6,157,0.694018424,0.225121886,-0.608299971,0.36153261,23.47706537,45.51298761,52.54042816,0.871424645,0.703967944
2021,7,157,0.231466711,0.144884616,-0.165080756,-0.365569187,20.04372045,175.3631945,45.51298761,-2.987179337,0.319191168
2021,8,157,0.746638656,0.316811562,-0.584967554,0.165189951,18.24401252,72.23954201,175.3631945,0.951500047,0.711952996
2021,9,157,0.757940948,0.22820431,-0.636010051,0.202375393,17.76301113,175.7280731,72.23954201,0.845871956,0.701419851
2022,6,157,0.639804244,0.233265713,-0.605280519,0.379298259,22.1231363,55.78037786,175.7280731,0.908468725,0.707661948
2022,7,157,0.015112632,0.0614192,0.00780379,0.871710526,19.82236208,146.4741392,55.78037786,-1.417111737,0.475757001
2022,8,157,0.704963207,0.205719858,-0.610942245,0.329580612,19.14709318,122.606442,146.4741392,0.894843181,0.70630322
2022,9,157,0.723756909,0.126468554,-0.605882347,0.172978027,17.42760083,85.22725058,122.606442,0.314230831,0.64840504
2023,6,157,0.747119069,0.32212919,-0.611220598,0.434473608,20.65497914,125.7260132,85.22725058,1.549423709,0.771577445
2023,7,157,0.776653886,0.307207584,-0.648925066,0.458877253,19.78959666,171.0524597,125.7260132,1.752062208,0.791784388
2023,8,157,0.786907375,0.333934367,-0.664459348,0.38822223,18.08619611,121.140646,171.0524597,1.78432542,0.795001648
2023,9,157,0.693798423,0.273433715,-0.572885394,0.335330623,16.9471975,137.560524,121.140646,1.033562458,0.720136191
2024,6,157,0.422317773,0.230861709,-0.359602988,0.575729335,21.08276078,29.94879341,137.560524,0.26272341,0.643268763
2024,7,157,0.771705449,0.329868555,-0.649703443,0.529878547,20.48429764,90.28774929,29.94879341,1.890427387,0.805582048
2024,8,157,0.703300714,0.339036226,-0.612637341,0.394924437,19.90394298,146.2357145,90.28774929,1.443350943,0.760999958
2024,9,157,0.70030582,0.225954905,-0.505617976,0.219443247,18.53536161,148.5675627,146.2357145,0.473134908,0.664250823
2025,6,157,0.454281569,0.100591719,-0.489962816,0.23683414,20.62617524,45.20851731,148.5675627,-0.523854772,0.564831842
2025,8,157,0.763913512,0.326226026,-0.61663419,0.439490965,18.58751739,258.2765369,45.20851731,1.650852441,0.781691834
2025,9,157,0.643981636,0.113547459,-0.622019589,0.169462572,17.56644645,127.7166781,258.2765369,0.219388255,0.638947418
2019,7,158,0.749319017,0.258662164,-0.623103738,0.384656481,26.66725244,182.9412994,46.68367237,1.17299519,0.734040307
2019,8,158,0.721585929,0.306064874,-0.570739567,0.350231204,25.8524198,191.566319,182.9412994,1.167822068,0.733524448
2019,9,158,0.71174258,0.282440454,-0.571700454,0.315261838,25.51437936,147.8912439,191.566319,0.993925366,0.716183613
2020,6,158,0.801993012,0.279238045,-0.719067514,0.299367423,29.02299861,55.25599241,147.8912439,1.403486909,0.757024749
2020,7,158,0.722286165,0.307801425,-0.615842998,0.409098809,29.22634589,128.9365376,55.25599241,1.276954271,0.74440702
2020,8,158,0.692304969,0.28610754,-0.56078279,0.387063708,26.87435146,261.7642479,128.9365376,1.062618466,0.723033632
2020,9,158,0.743735254,0.335264295,-0.591713428,0.34999783,26.36525105,45.87367932,261.7642479,1.376122545,0.754295998
2021,6,158,0.762237787,0.234890565,-0.623014152,0.364955357,29.77622036,48.85209846,45.87367932,1.012075784,0.717993558
2021,7,158,0.67677784,0.211883947,-0.574839354,0.332720755,27.48507671,274.7347927,48.85209846,0.64014011,0.680904442
2021,8,158,0.663771987,0.28148964,-0.539108217,0.352944644,27.33706416,97.90432835,274.7347927,0.911283767,0.707942662
2021,9,158,0.723457098,0.28438437,-0.573114634,0.312995348,26.12515342,187.2193546,97.90432835,0.965969857,0.713395913
2022,6,158,0.721685708,0.225356385,-0.607377052,0.349941918,29.63082287,60.13501453,187.2193546,0.914269522,0.708240399
2022,7,158,0.178868547,-0.03539823,-0.167215809,0.196293253,26.84640865,225.8605394,60.13501453,-2.526263721,0.365153289
2022,8,158,0.770955145,0.270185262,-0.602999568,0.352825728,26.67030683,179.5423393,225.8605394,1.251846212,0.741903265
2022,9,158,0.746097803,0.28336519,-0.598095238,0.337630032,25.24341702,90.71251822,179.5423393,1.167979994,0.733540196
2023,6,158,0.741267979,0.307486385,-0.592633009,0.40814093,26.58029986,123.7825947,90.71251822,1.314529222,0.748153963
2023,7,158,0.79041338,0.312281311,-0.651474655,0.399599631,26.10169456,276.4785194,123.7825947,1.614837617,0.778100466
2023,8,158,0.759051621,0.310309798,-0.63178128,0.368227633,25.7226848,178.1652088,276.4785194,1.50481806,0.767129407
2023,9,158,0.770585418,0.310661048,-0.650385618,0.358312677,25.37392608,146.4003334,178.1652088,1.490007252,0.765652486
2024,6,158,0.758730292,0.288297772,-0.639585555,0.389931185,29.72783821,29.45894337,146.4003334,1.335999565,0.750294968
2024,7,158,0.673667073,0.245541006,-0.57937783,0.347092323,29.98248954,152.5122385,29.45894337,0.720075384,0.688875521
2024,8,158,0.69986105,0.261601925,-0.579173863,0.331971175,25.94411437,204.3900932,152.5122385,0.934610744,0.710268809
2024,9,158,0.744423032,0.321364135,-0.626344204,0.339242306,26.09947699,159.0325923,204.3900932,1.379623756,0.754645136
2025,6,158,0.748616576,0.287169039,-0.653213739,0.378572856,27.61317294,51.29228608,159.0325923,1.356264488,0.752315769
2025,8,158,0.754146338,0.2751773,-0.631578922,0.345012274,24.53907252,353.1574726,51.29228608,1.234746682,0.740198114
2025,9,158,0.754583359,0.276751727,-0.635672569,0.305145436,23.00152022,163.2678795,353.1574726,1.332677841,0.749963728
2019,6,159,0.355606586,-0.046446778,-0.384501249,0.210797346,42.6897569,41.46782646,83.82181263,-1.853578674,0.432232882
2019,7,159,0.539233565,0.111513756,-0.485689133,0.479844112,33.95461898,422.915575,41.46782646,0.063152927,0.623367761
2019,8,159,0.338802844,0.173527315,-0.255521297,0.517131941,31.14796868,217.6801605,422.915575,-0.396391531,0.57754237
2019,9,159,0.501040757,0.157267302,-0.404563159,0.374927685,29.79805049,310.830143,217.6801605,-0.15062106,0.602050397
2020,6,159,0.531230688,0.076989993,-0.537854493,0.290423163,38.14065919,66.05587459,310.830143,-0.318520158,0.585307639
2020,7,159,0.26944679,0.042616706,-0.26770559,0.173870341,34.14219495,181.5693079,66.05587459,-1.977765971,0.419849028
2020,8,159,0.772097111,0.25270319,-0.655382454,0.555763474,31.34208275,587.8094072,181.5693079,1.761740893,0.792749538
2020,9,159,0.735028923,0.30886662,-0.624945879,0.605177994,32.33507013,104.9611681,587.8094072,2.049840783,0.821478619
2021,6,159,0.14031893,-0.037348501,-0.297839433,0.100475178,37.73041374,47.07222271,104.9611681,-2.662979807,0.351520075
2021,7,159,0.193402067,0.035651665,-0.170409516,0.128037128,32.96221599,479.0704613,47.07222271,-2.435350156,0.374219114
2021,8,159,0.59054023,0.237373739,-0.467693627,0.539007844,31.33744039,219.5324745,479.0704613,0.947113822,0.711515605
2021,9,159,0.809174299,0.273314327,-0.664995849,0.54360721,28.86917251,608.2733917,219.5324745,1.965869988,0.813105122
2022,6,159,0.291722,-0.02277294,-0.36931017,0.208967529,38.80953717,74.32874978,608.2733917,-1.571261781,0.460385287
2022,8,159,0.740582466,0.182061046,-0.626716912,0.520116765,32.27359748,268.110817,74.32874978,1.16936631,0.733678438
2022,9,159,0.556346357,0.172934353,-0.460716009,0.497227906,30.56770687,138.5738802,268.110817,0.411551015,0.658109728
2023,6,159,0.490343839,0.116246253,-0.401860863,0.437910146,33.99125526,152.7910805,138.5738802,-0.311725059,0.58598524
2023,7,159,0.684674263,0.242979661,-0.527433276,0.604532556,31.8061641,405.3053436,152.7910805,1.283752687,0.745084952
2023,8,159,0.675970852,0.149466187,-0.558504224,0.410131802,29.9202244,236.2078323,405.3053436,0.746334457,0.691494054
2023,9,159,0.437099487,0.106986582,-0.464307934,0.27719763,30.36605189,428.2811241,236.2078323,-0.503298011,0.566881745
2024,6,159,0.703380585,0.11911159,-0.602038205,0.423422832,40.39981066,40.55467394,428.2811241,0.68082187,0.684961194
2024,7,159,0.345945179,0.062692396,-0.293891758,0.251273266,31.87222534,344.6285753,40.55467394,-1.467016176,0.470780572
2024,8,159,0.711466491,0.158452332,-0.635772347,0.408589964,29.52635344,389.3054226,344.6285753,1.030453901,0.719826208
2024,9,159,0.726881504,0.235989481,-0.624401808,0.53190312,30.0198878,235.8415931,389.3054226,1.558038803,0.772436536
2025,6,159,0.437686861,0.041033763,-0.463388324,0.2891859,34.68019635,72.57302737,235.8415931,-0.822694104,0.535031833
2025,7,159,0.39355582,0.069551781,-0.367588937,0.260353228,31.19791024,460.6074736,72.57302737,-1.094724824,0.507905156
2025,8,159,0.631454587,0.137537673,-0.541918635,0.444228538,28.99209444,567.9592943,460.6074736,0.757733124,0.69263072
2025,9,159,0.697745264,0.184389845,-0.629716277,0.47850208,29.77253389,281.0300293,567.9592943,1.341281232,0.750821651
2019,7,160,0.033550255,-0.116640367,-0.079195425,0.030700057,36.02195258,503.3133984,62.52345458,-3.744546536,0.243667142
2019,8,160,0.156237707,0.013802622,-0.153513938,0.085277312,29.66190377,292.6961651,503.3133984,-2.434137159,0.374340073
2019,9,160,0.170229062,0.080908008,-0.126506075,0.179806628,27.99101813,288.8263836,292.6961651,-2.147049393,0.402968226
2020,6,160,0.139956087,-0.12446364,-0.216847241,0.06510546,34.42708508,80.88303167,288.8263836,-3.060524858,0.311877214
2020,7,160,0.137281299,-0.006683805,-0.165517241,0.083421935,29.71995816,217.3159865,80.88303167,-2.798516024,0.338004516
2020,8,160,0.175864905,0.048564758,-0.151829317,0.107077051,29.29723152,697.5360527,217.3159865,-2.324898397,0.385233272
2020,9,160,0.125621885,-0.063389391,-0.137227789,0.079032326,30.42426778,89.92517027,697.5360527,-2.738933218,0.343946064
2021,6,160,0.11522872,-0.113983549,-0.159542441,0.079606369,34.22932357,67.94954872,89.92517027,-3.307199968,0.287278977
2021,7,160,0.156493306,-0.094800279,-0.179535672,0.109950409,29.86209902,589.4415474,67.94954872,-2.894498732,0.328433201
2021,8,160,0.122822218,0.032910585,-0.088283807,0.266306182,28.62183403,256.3186607,589.4415474,-2.139341118,0.403736889
2021,9,160,0.126916975,-0.126203611,-0.135645822,0.073865813,28.2923152,509.9840317,256.3186607,-3.125327613,0.305415137
2022,6,160,0.09667068,-0.088369071,-0.142993331,0.084134615,38.7159205,101.1721706,509.9840317,-3.079206868,0.310014259
2022,7,160,0.17527087,-0.056053236,-0.183568671,0.105643271,30.3450953,530.9534779,101.1721706,-2.721499443,0.345684546
2022,8,160,0.254607499,-0.067005076,-0.255464494,0.149259704,29.36368201,354.3464241,530.9534779,-2.073971596,0.410255483
2022,9,160,0.2462731,-0.015312131,-0.233434156,0.195381103,28.24827057,170.5059087,354.3464241,-2.003177576,0.417315004
2023,6,160,0.186206549,-0.082069896,-0.198469907,0.162560896,32.92967225,206.3845205,170.5059087,-2.677587034,0.350063454
2023,7,160,0.096289702,0.123282105,-0.051061135,0.401871469,27.70153649,565.0726318,206.3845205,-1.851531464,0.432437028
2023,8,160,0.34486106,0.002471458,-0.326310098,0.190934609,28.17633891,328.8917656,565.0726318,-1.355668742,0.481884046
2023,9,160,0.325286299,0.01364924,-0.355492234,0.214497041,28.72925384,377.5827332,328.8917656,-1.384679067,0.47899116
2024,6,160,0.125180751,-0.1053278,-0.208960831,0.10022206,39.95487448,54.00798918,377.5827332,-2.989718111,0.318938003
2024,7,160,0.28392297,-0.023487641,-0.269427776,0.219263287,29.95109716,391.5565987,54.00798918,-1.975519836,0.420073011
2024,8,160,0.418945968,0.046751969,-0.373143971,0.252553688,28.58984193,436.390958,391.5565987,-0.892545525,0.528066307
2024,9,160,0.331077725,0.058195189,-0.329760611,0.210577864,28.74303347,252.80694,436.390958,-1.251137988,0.492307765
2025,6,160,0.230844319,-0.060707636,-0.288664997,0.16680773,32.89394468,93.38487795,252.80694,-2.25727388,0.391976732
2025,8,160,-0.039515842,0.208781362,-0.005590756,-0.021877956,27.33132032,739.4798307,93.38487795,-2.933959734,0.324498182
2025,9,160,0.108740091,0.023750778,-0.125176743,0.072031305,27.80540446,254.2897186,739.4798307,-2.437547486,0.373999998
2019,7,161,0.480054229,0.037076913,-0.523342907,0.285490469,29.43900838,521.586113,72.24293768,-0.556856195,0.561540968
2019,8,161,0.825527191,0.350620061,-0.696019769,0.645579059,26.1764595,310.3705659,521.586113,2.719873944,0.888293768
2019,9,161,0.207393914,0.160501063,-0.140930682,0.62786538,23.45465084,255.3409729,310.3705659,-0.718974338,0.545374681
2020,6,161,0.425907224,0.119436592,-0.479363233,0.218461369,29.86367318,87.29896533,255.3409729,-0.629468042,0.554300175
2020,7,161,0.148148149,0.137201369,-0.128205135,0.46082386,26.56526536,298.0263649,87.29896533,-1.493141354,0.468175391
2020,8,161,0.786001861,0.321073353,-0.662166953,0.657751623,25.27021415,696.9912949,298.0263649,2.431023259,0.859489818
2020,9,161,0.742006004,0.300060868,-0.629345596,0.549748032,26.71743715,80.78777887,696.9912949,2.057936095,0.822285877
2021,6,161,0.394010574,0.016990291,-0.473622501,0.219445989,30.18898045,78.89772987,80.78777887,-1.166169839,0.500780718
2021,7,161,0.431533754,0.08196827,-0.447150886,0.313036732,25.93606145,639.9192104,78.89772987,-0.560768549,0.561150831
2021,8,161,-0.000431608,0.071177274,0.01981644,0.196363229,23.41437384,223.068222,639.9192104,-2.59946169,0.357854049
2021,9,161,0.716531992,0.351741314,-0.586479306,0.568194911,25.36467179,390.2291985,223.068222,1.896825514,0.806220064
2022,6,161,0.41427049,0.027037391,-0.48462829,0.256642317,31.98949022,103.7146821,390.2291985,-0.805367509,0.536759626
2022,7,161,0.774664342,0.235270217,-0.658483386,0.522091514,25.26367784,559.8416638,103.7146821,1.664716336,0.78307433
2022,8,161,0.861297548,0.306891799,-0.727933526,0.587853571,25.05142924,385.9336796,559.8416638,2.653459154,0.881670941
2022,9,161,0.642346203,0.331338525,-0.547517419,0.600418754,24.06276536,179.4631338,385.9336796,1.722259928,0.788812529
2023,6,161,0.337226689,0.060808681,-0.304833293,0.342956505,28.16801676,198.8535442,179.4631338,-1.160298515,0.501366202
2023,7,161,0.24302353,0.165081576,-0.182002291,0.212961449,25.03942272,675.9472961,198.8535442,-1.448423966,0.472634572
2023,8,161,0.768869281,0.294278204,-0.645222783,0.599717777,23.97541899,395.5255175,675.9472961,2.328648242,0.849281067
2023,9,161,0.839190006,0.323586315,-0.72485292,0.546087559,25.96735335,351.1974125,395.5255175,2.440809728,0.860465717
2024,6,161,0.377872169,0.017114216,-0.450138897,0.250792335,33.84122905,53.5367009,351.1974125,-1.069685766,0.51040203
2024,7,161,0.507511258,0.184268802,-0.427562267,0.573551439,25.63212291,411.868413,53.5367009,0.41523491,0.658477083
2024,8,161,0.743007004,0.34095493,-0.652714491,0.662587208,25.42311453,445.2182996,411.868413,2.410998444,0.857492961
2024,9,161,0.7196908,0.348967612,-0.614916682,0.480973195,24.90447626,225.5937417,445.2182996,1.881277401,0.804669619
2025,6,161,0.466799796,0.091796167,-0.510122478,0.318185048,30.57920391,105.5864824,225.5937417,-0.364130147,0.580759449
2025,8,161,0.058449306,-0.005045786,-0.054257426,0.209401709,24.05765829,774.8848505,105.5864824,-2.752914563,0.342551856
2025,9,161,0.530577481,0.269853413,-0.439902574,0.517247928,23.63819832,239.2992935,774.8848505,1.096387604,0.726401062
2019,7,162,0.401448667,0.16964291,-0.377886146,0.335200028,20.36189944,265.5493202,64.03318504,-0.462915705,0.570908635
2019,8,162,0.548717976,0.181022197,-0.474609375,0.420671327,22.58348464,198.9924164,265.5493202,0.396955416,0.656654267
2019,9,162,0.588635683,0.153239995,-0.531468928,0.390649023,23.84953911,160.8973236,198.9924164,0.394665115,0.65642588
2020,6,162,0.577824891,0.165993467,-0.570199311,0.301387639,25.75941341,74.15940034,160.8973236,0.243692136,0.64137098
2020,7,162,0.557103038,0.154859647,-0.509450972,0.415004288,23.60923184,159.9625202,74.15940034,0.257966965,0.642794455
2020,8,162,0.03103037,0.081916302,-0.012507956,0.154688751,22.33825419,357.0269947,159.9625202,-2.769722555,0.340875777
2020,9,162,0.578549325,0.091694668,-0.537926257,0.330999489,26.0488757,59.69073558,357.0269947,0.102439898,0.627285425
2021,6,162,0.453093827,0.114427857,-0.457457453,0.319978343,27.29405028,66.84466743,59.69073558,-0.509103199,0.566302857
2021,7,162,0.469153494,0.140773773,-0.459663272,0.351992906,22.16604516,351.5117836,66.84466743,-0.185158838,0.598606319
2021,8,162,0.342157573,0.083607621,-0.31010887,0.284499613,21.54192737,131.4294252,351.5117836,-1.012686976,0.516085902
2021,9,162,0.343537927,0.128749937,-0.28513515,0.335814437,19.9074162,304.4394989,131.4294252,-0.887717773,0.528547727
2022,6,162,0.502493083,0.114109941,-0.50666666,0.334464638,28.96057961,82.96835053,304.4394989,-0.119451733,0.605158576
2022,7,162,0.093468465,0.021298975,-0.019422572,0.129243226,20.95209497,334.0224352,82.96835053,-2.910649141,0.326822695
2022,8,162,0.650853872,0.144485861,-0.555423141,0.407863966,21.66838687,185.9687042,334.0224352,0.712066751,0.688076907
2022,9,162,0.546410322,0.17052494,-0.50967741,0.3356974,22.34003492,91.19839716,185.9687042,0.184806448,0.635498949
2023,6,162,0.237514377,0.10693793,-0.225653306,0.116960054,25.76626397,172.912282,91.19839716,-1.938551443,0.423759468
2023,7,162,0.578390837,0.136531681,-0.507440686,0.38041947,22.44104749,358.474926,172.912282,0.278083501,0.644800459
2023,8,162,0.449913144,0.047001559,-0.419412434,0.257175907,20.6786662,193.9017501,358.474926,-0.674145365,0.549844989
2023,9,162,0.575844705,0.082469136,-0.520638227,0.324064691,24.04642458,202.8121719,193.9017501,-0.0384564,0.613235363
2024,6,162,0.494215965,0.097818471,-0.48080349,0.33509149,29.23469972,38.72310578,202.8121719,-0.3271677,0.584445313
2024,7,162,0.5550372,0.154503182,-0.495165378,0.4461236,22.04023045,205.5477734,38.72310578,0.293693879,0.646357113
2024,8,162,0.487551868,0.203524962,-0.399024397,0.218239227,17.58039804,267.4204537,205.5477734,-0.246652504,0.592474221
2024,9,162,0.454375565,0.092278264,-0.420124918,0.338040201,23.04412709,188.4321846,267.4204537,-0.421483209,0.575040249
2025,6,162,0.54899466,0.144872487,-0.503205895,0.402810464,23.47109637,68.13202894,188.4321846,0.220178853,0.639026255
2025,8,162,0.606783926,0.103061661,-0.518100917,0.377446958,20.51243715,423.5389624,68.13202894,0.218865167,0.638895256
2025,9,162,0.574961364,0.106791899,-0.545010924,0.320389869,20.2485405,188.1298084,423.5389624,0.278252228,0.644817284
2019,6,163,0.546686232,0.156122386,-0.558168352,0.412108723,30.75461609,65.22286148,71.64768624,0.238175998,0.640820916
2019,7,163,0.227457821,0.120337792,-0.124134257,0.281781493,24.20202299,293.0607834,65.22286148,-1.765686373,0.440997429
2019,8,163,0.320992947,0.246200249,-0.271026343,0.262704606,23.22751034,203.3753481,293.0607834,-0.700902592,0.547176781
2019,9,163,0.609038353,0.172797531,-0.560652375,0.460249384,22.83715862,207.4719296,203.3753481,0.751218178,0.691981055
2020,6,163,0.545922756,0.146586031,-0.549913943,0.247373587,27.43205517,72.85344735,207.4719296,-0.049519627,0.612132148
2020,7,163,0.405753195,0.091779754,-0.362009108,0.37655753,24.73143448,175.3373868,72.85344735,-0.726772956,0.54459701
2020,8,163,0.308279037,0.081520945,-0.310083687,0.261531842,23.26836552,404.2957325,175.3373868,-1.221285567,0.495284624
2020,9,163,0.634974003,0.142216414,-0.624694347,0.401949303,26.26463448,81.48659992,404.2957325,0.786097936,0.695459235
2021,6,163,0.467073709,0.121505387,-0.527945817,0.327707514,28.02642069,72.41400719,81.48659992,-0.265836353,0.590561224
2021,7,163,0.438164055,0.124065772,-0.5147717,0.364751558,23.87611724,387.9631848,72.41400719,-0.160538701,0.601061418
2021,8,163,0.00195848,0.138089761,0.015775299,0.352120557,22.863,155.2576089,387.9631848,-2.182556407,0.399427496
2021,9,163,0.527451515,0.142010584,-0.518327475,0.389597288,21.79425517,427.7464142,155.2576089,0.242366704,0.64123881
2022,6,163,0.421944678,0.075182967,-0.520215631,0.303339932,31.32090345,82.41351366,427.7464142,-0.413712517,0.575815136
2022,8,163,0.341282964,0.119411387,-0.318789899,0.262050962,22.56318621,193.6787848,82.41351366,-1.092513552,0.508125662
2022,9,163,0.525010526,0.178292304,-0.499249548,0.416156949,23.51136552,128.0048954,193.6787848,0.314025591,0.648384574
2023,6,163,0.523292601,0.149095878,-0.564328849,0.400984266,26.72592414,157.2370205,128.0048954,0.258037039,0.642801442
2023,7,163,0.587209284,0.152635187,-0.594936728,0.401244786,23.60285747,428.1723175,157.2370205,0.593246467,0.676228247
2023,8,163,0.654309094,0.179396093,-0.643695772,0.45240273,21.61370345,215.0545359,428.1723175,1.207971618,0.737528127
2023,9,163,0.627967834,0.185840711,-0.61274761,0.414405561,23.63084138,267.8764553,215.0545359,0.867476092,0.703574197
2024,6,163,0.506361306,0.130670056,-0.543084383,0.379604748,31.02354483,40.37787144,267.8764553,0.072473902,0.624297241
2024,7,163,0.305017352,0.124870107,-0.279576451,0.257331962,24.33902069,258.272851,40.37787144,-1.292080565,0.488225006
2024,8,163,0.510802865,0.130990416,-0.451563299,0.414897305,23.50911264,305.1063272,258.272851,0.085504067,0.625596598
2024,9,163,0.623758137,0.183170766,-0.612009525,0.428399997,23.59634483,221.8789721,305.1063272,0.925943725,0.709404541
2025,6,163,0.50506711,0.103561856,-0.560858011,0.351351933,26.35051034,65.78942956,221.8789721,-0.005710865,0.616500721
2025,7,163,-0.009863785,0.131356508,0.031694993,0.180412371,22.08566437,376.7165439,65.78942956,-2.793584231,0.338496311
2025,8,163,0.425201923,0.07569433,-0.40366447,0.383275136,22.44790345,459.6651144,376.7165439,-0.349921703,0.582176303
2025,9,163,0.456366241,0.092280217,-0.517892659,0.300226586,21.70302069,224.0668106,459.6651144,-0.125262798,0.604579102
2019,7,164,0.403373092,0.131532982,-0.408118337,0.323898963,27.01774441,293.6986027,68.24481547,-0.614460471,0.555796717
2019,8,164,0.573128819,0.202831149,-0.483291775,0.482048316,26.90353352,244.6780472,293.6986027,0.650752499,0.681962701
2019,9,164,0.637710631,0.200914323,-0.559119523,0.376943413,25.67399441,160.3841524,244.6780472,0.700944442,0.6869678
2020,6,164,0.625758648,0.196851313,-0.643652141,0.308800799,29.43947626,79.98452735,160.3841524,0.595454328,0.676448413
2020,7,164,0.553479195,0.192975834,-0.518722177,0.419430573,27.68791899,173.6823406,79.98452735,0.363834327,0.65335146
2020,8,164,0.666901946,0.178943291,-0.514413893,0.334566346,26.8224162,379.5175171,173.6823406,0.477067322,0.66464296
2020,9,164,0.682834268,0.195985213,-0.587112188,0.348871608,28.1436243,60.09344647,379.5175171,0.820228754,0.698862732
2021,6,164,0.543325543,0.153904766,-0.515633583,0.339703857,30.63789106,69.04174614,60.09344647,-0.041558612,0.612926013
2021,7,164,0.423288524,0.006688289,-0.409696072,0.211618739,27.20662709,384.1606817,69.04174614,-1.214382513,0.495972991
2021,8,164,0.128586456,0.057837319,-0.106545642,0.239998077,25.12069134,154.0136852,384.1606817,-2.162879655,0.401389646
2021,9,164,0.658191442,0.138602629,-0.548990965,0.333365314,24.91835894,271.289526,154.0136852,0.393027465,0.656262575
2022,6,164,0.50111109,0.106396452,-0.55725193,0.304010785,31.9799581,87.81510866,271.289526,-0.153196048,0.601793621
2022,7,164,0.618046999,0.178217828,-0.544087291,0.408046681,26.24746276,331.5606599,87.81510866,0.544484134,0.671365708
2022,8,164,0.716451883,0.190325975,-0.65255475,0.377155172,25.65923883,215.8578758,331.5606599,1.123910342,0.729145607
2022,9,164,0.673437476,0.228211015,-0.603293419,0.383815667,25.37482542,105.4135449,215.8578758,0.964088655,0.713208321
2023,6,164,0.376205921,0.212876946,-0.315597594,-0.17849145,28.33530028,172.818532,105.4135449,-1.745120736,0.443048217
2023,7,164,0.649062634,0.221679941,-0.580238879,0.406743594,25.69854749,403.1462402,172.818532,0.913553578,0.708169006
2023,8,164,0.707877994,0.258587897,-0.615007639,0.457169016,23.93511872,222.4939404,403.1462402,1.487637603,0.765416186
2023,9,164,0.75585413,0.240362808,-0.657575786,0.390287413,27.02842877,184.8793774,222.4939404,1.325711744,0.749269075
2024,6,164,0.486634314,0.089995675,-0.45868656,0.290536319,33.49204609,41.0526042,184.8793774,-0.584377229,0.558796593
2024,7,164,0.418141782,0.196873963,-0.363148987,0.597661582,26.61273045,217.4338903,41.0526042,0.104702535,0.627511053
2024,8,164,0.65795368,0.172432005,-0.562829971,0.380709563,26.39056331,302.5525724,217.4338903,0.669460026,0.6838282
2024,9,164,0.652836561,0.209498718,-0.572171092,0.409503817,26.39575419,187.7339552,302.5525724,0.897488129,0.706566972
2025,6,164,0.551020384,0.174198538,-0.543930948,0.355614093,27.37609171,70.56002466,187.7339552,0.265668634,0.643562459
2025,8,164,0.720118523,0.226003289,-0.630461931,0.449002217,25.29813082,483.6287098,70.56002466,1.251673757,0.741886068
2025,9,164,0.673518598,0.210867897,-0.594814777,0.393460585,24.43521648,186.8268232,483.6287098,1.102690921,0.727029624
2019,7,165,0.388563842,0.083807349,-0.337475181,0.217127899,26.97623431,497.2619305,79.84836888,-1.159634046,0.501432462
2019,8,165,0.565562904,0.255110174,-0.470149249,0.424137075,24.05228731,342.6674061,497.2619305,0.832123265,0.700048843
2019,9,165,0.159221753,0.152321532,-0.119523399,0.154057172,21.83927476,213.3152466,342.6674061,-1.912868327,0.426320567
2020,6,165,0.75648576,0.188123286,-0.713610053,0.346772365,27.54854951,104.4777751,213.3152466,1.161563612,0.73290036
2020,7,165,-0.042179506,0.167733669,0.050316561,0.28143651,25.24165272,322.5136493,104.4777751,-2.590638213,0.358733918
2020,8,165,0.385895073,0.192482114,-0.313271642,0.175140706,25.5776848,663.7793674,322.5136493,-0.751090155,0.542172119
2020,9,165,0.649594009,0.207631871,-0.556734443,0.404402244,24.67336123,69.62749648,663.7793674,1.059923413,0.722764884
2021,6,165,0.009063444,0.068553269,0.017367372,0.37742114,27.38188982,93.75522614,69.62749648,-2.614367853,0.356367619
2021,7,165,0.532733738,0.11246381,-0.45023033,0.257209303,25.11279405,638.7006626,93.75522614,-0.335277377,0.583636623
2021,8,165,0.345002323,0.184541732,-0.270823061,0.349619777,23.83760112,227.0442085,638.7006626,-0.450532499,0.572143478
2021,9,165,0.320161939,0.149217978,-0.277759492,0.273163967,23.05894003,327.9870453,227.0442085,-1.001080274,0.517243312
2022,6,165,0.676669359,0.155635864,-0.5947631,0.439328086,29.70986053,124.1603467,327.9870453,0.850603978,0.701891724
2022,7,165,0.791560113,0.196413323,-0.648235321,0.504873374,23.69019991,566.6596031,124.1603467,1.543766099,0.771013273
2022,8,165,0.851190448,0.210116729,-0.708204627,0.471635884,23.74638773,386.227499,566.6596031,2.027239693,0.819224858
2022,9,165,0.411605924,0.295185685,-0.274832428,0.467349836,22.27606695,141.8159236,386.227499,0.176854697,0.634706007
2023,6,165,0.371941388,0.20684512,-0.312658936,0.42877461,25.91119944,215.2582188,141.8159236,-0.382687424,0.578908932
2023,7,165,0.075831644,0.043726686,-0.058673434,0.25983641,24.04636448,727.0568695,215.2582188,-2.372096625,0.380526704
2023,8,165,0.388228297,0.171722695,-0.317952931,0.255996923,22.66435146,396.6874332,727.0568695,-0.390241235,0.578155673
2023,9,165,0.831643879,0.293245941,-0.703977048,0.388703498,23.90858438,252.2934265,396.6874332,1.934318076,0.809958791
2024,6,165,0.731403947,0.19270134,-0.621771634,0.515190651,30.64041144,60.70942062,252.2934265,1.252567359,0.741975177
2024,7,165,0.55876106,0.24474147,-0.444216281,0.501983376,24.03239888,409.8536386,60.70942062,0.634168825,0.680308991
2024,8,165,0.052287582,0.064714216,-0.036321837,0.194850383,24.97473268,441.2272033,409.8536386,-2.49652755,0.368118555
2024,9,165,0.753462672,0.318716973,-0.613125384,0.500273084,23.98627615,210.8348421,441.2272033,1.898359364,0.806373018
2025,6,165,0.793709278,0.257881343,-0.688450277,0.515586197,27.47056718,115.9672636,210.8348421,1.788830099,0.795450851
2025,8,165,-0.020155212,0.149312377,0.037776195,0.51017524,22.97358903,762.9382648,115.9672636,-1.947479924,0.422869127
2025,9,165,0.547809303,0.253758699,-0.445906043,0.425120822,22.40309623,205.4945717,762.9382648,0.892959269,0.706115358
2019,7,166,0.291374594,0.084238857,-0.287115067,0.314769985,14.89961964,84.61708546,48.22472029,-1.223818922,0.495032
2019,8,166,0.429629624,0.196084037,-0.315610081,0.401628366,16.30717151,112.997148,84.61708546,-0.281132838,0.589035871
2019,9,166,0.343804926,0.091790564,-0.349591643,0.324461747,16.81432918,117.260376,112.997148,-0.892617567,0.528059123
2020,6,166,0.52501899,0.073252931,-0.56646359,0.259197247,19.08457815,43.8947885,117.260376,-0.231212594,0.594013876
2020,7,166,0.038227551,0.028792514,-0.029255558,0.207441367,20.56914246,48.01009935,43.8947885,-2.886874837,0.329193449
2020,8,166,0.527803659,0.005931683,-0.520706773,0.307589253,17.67511757,139.9207354,48.01009935,-0.457481826,0.571450497
2020,9,166,0.441950291,-0.016625514,-0.492380708,0.297665496,20.85093361,59.60899639,139.9207354,-0.806834279,0.536613361
2021,6,166,0.378035188,-0.046337817,-0.466224223,0.258350333,23.14731674,34.79864216,59.60899639,-1.277203025,0.489708582
2021,7,166,0.422708631,-0.004324324,-0.478330672,0.307442292,18.14825035,118.5018835,34.79864216,-0.839319803,0.533373932
2021,8,166,0.267401934,0.066145957,-0.247927114,0.308628921,17.86823651,59.45046043,118.5018835,-1.440956127,0.473379259
2021,9,166,0.251444757,0.022727212,-0.239960387,0.256783342,15.12372061,145.8366241,59.45046043,-1.738469679,0.443711455
2022,6,166,0.27992177,0.067455165,-0.284540206,0.382647983,20.75233748,45.13171911,145.8366241,-1.181800029,0.499222089
2022,8,166,0.247079968,0.069131523,-0.218078107,0.262605042,17.9314177,99.85287046,45.13171911,-1.685701234,0.44897348
2022,9,166,0.527374804,0.047328733,-0.533114135,0.383033681,17.69179115,87.63757849,99.85287046,-0.103316001,0.606767618
2023,6,166,0.295042336,0.113954179,-0.390006483,0.162688358,18.28284232,93.97191906,87.63757849,-1.22438395,0.494975656
2023,7,166,0.19475022,0.040753305,-0.20118688,0.244766902,18.29150069,123.1604137,93.97191906,-1.942749026,0.423340889
2023,8,166,0.455462188,0.061599754,-0.402429163,0.240461402,16.58169433,101.4232788,123.1604137,-0.804104546,0.536885568
2023,9,166,0.28263998,0.050612204,-0.278855741,0.393086913,17.25906639,127.223938,101.4232788,-1.189925279,0.498411846
2024,6,166,0.440559089,0.056647468,-0.474781901,0.326976082,21.65806362,24.90719652,127.223938,-0.567842073,0.560445465
2024,7,166,0.426452398,0.018534863,-0.414215684,0.297991439,18.73722683,64.28848839,24.90719652,-0.95187344,0.522150177
2024,8,166,0.430116534,0.018504405,-0.409410387,0.324901902,17.95926694,122.3562667,64.28848839,-0.850226238,0.532286351
2024,9,166,0.516421497,0.071542844,-0.527299345,0.369539453,18.6345574,145.8189175,122.3562667,-0.076196081,0.609471994
2025,6,166,0.474790365,0.095337711,-0.494640082,0.359082206,18.76334025,37.05457966,145.8189175,-0.196416651,0.597483699
2025,7,166,0.329429895,0.095596135,-0.300572813,0.346097202,11.34006685,119.5389802,37.05457966,-0.957659458,0.5215732
2025,8,166,0.339850247,0.089607127,-0.264377952,0.352635357,16.12244122,223.4498196,119.5389802,-1.014155907,0.515939421
2025,9,166,0.549681365,0.069351524,-0.552612901,0.392034743,16.76356846,133.1245179,223.4498196,0.182328764,0.635251876
2019,7,167,0.291181415,-0.126210406,-0.33855474,0.1679957,36.33451253,484.3293476,62.19551753,-2.307920827,0.386926261
2019,8,167,0.650232553,0.194612801,-0.497678339,0.325040688,30.77010446,297.2039871,484.3293476,0.560203701,0.67293325
2019,9,167,0.570698977,0.21535565,-0.448735684,0.606929193,28.13860028,278.5929394,297.2039871,0.873822123,0.704207018
2020,6,167,0.551875651,0.015316284,-0.557550073,0.269187623,34.32831476,83.98593944,278.5929394,-0.447837634,0.572412208
2020,7,167,0.652822673,0.143693,-0.557295382,0.523387965,29.77087744,229.2489122,83.98593944,0.723337266,0.689200793
2020,8,167,0.666707098,0.189019755,-0.54719156,0.575259575,29.68421309,707.9333019,229.2489122,1.181754842,0.734913812
2020,9,167,0.754073322,0.224896833,-0.642231464,0.597789217,30.65390669,90.07713231,707.9333019,1.929279552,0.809456354
2021,6,167,0.481662601,-0.0637611,-0.477148086,0.301407589,34.79655292,67.805336,90.07713231,-1.10996429,0.506385489
2021,7,167,0.52023989,0.067083478,-0.471808225,0.385066079,30.23485608,552.0249424,67.805336,-0.27884745,0.589263768
2021,8,167,0.494085968,0.160981417,-0.378756315,0.646891232,28.49472145,251.1546936,552.0249424,0.597455941,0.676648012
2021,9,167,0.774272501,0.146930635,-0.638520658,0.597991381,28.12347493,490.1992435,251.1546936,1.531662896,0.769806352
2022,6,167,0.367032975,-0.112881809,-0.416856498,0.203756201,38.78465181,97.52069664,490.1992435,-1.675283831,0.450012295
2022,7,167,0.839784443,0.194908515,-0.679338098,0.637791174,30.01974002,535.6173782,97.52069664,1.907590825,0.807293572
2022,8,167,0.84932822,0.219041601,-0.709090889,0.667269848,29.56014624,342.2516994,535.6173782,2.384608784,0.854861406
2022,9,167,0.641996562,0.146930695,-0.507789552,0.597779675,28.50152507,182.471828,342.2516994,0.924989441,0.70930938
2023,6,167,0.472474813,-0.004027744,-0.441246718,0.334098129,33.38332173,211.4060793,182.471828,-0.839974777,0.533308618
2023,7,167,0.370535105,0.135628626,-0.280270576,0.565219291,27.75770659,569.3585949,211.4060793,-0.308527478,0.5863041
2023,8,167,0.7991786,0.244738549,-0.647477388,0.633783572,28.08779944,317.6186562,569.3585949,2.1762522,0.834084261
2023,9,167,0.839999974,0.234688878,-0.742895782,0.615258409,28.92633008,374.733139,317.6186562,2.260340179,0.842469444
2024,6,167,0.373758852,-0.105201542,-0.422375053,0.234346907,39.90463788,53.2232282,374.733139,-1.649559386,0.452577515
2024,7,167,0.552265048,0.224441662,-0.448152423,0.470533357,30.18247911,377.1746063,53.2232282,0.40401586,0.657358329
2024,8,167,0.794081092,0.195162356,-0.661829054,0.605606555,28.85480037,434.4925275,377.1746063,1.865665028,0.803112766
2024,9,167,0.660900176,0.142992795,-0.552277625,0.559693363,28.38000696,263.7273645,434.4925275,1.049607906,0.72173623
2025,6,167,0.434847742,-0.022448979,-0.460365862,0.332655214,35.25450789,91.59348597,263.7273645,-0.937814625,0.52355211
2025,8,167,0.833655715,0.215774283,-0.697403789,0.639893104,27.42719591,746.7144814,91.59348597,2.082003872,0.824685896
2025,9,167,0.687363565,0.146568805,-0.598004937,0.541266801,27.57483287,269.418293,746.7144814,1.392694094,0.755948499
2019,7,168,0.310350806,0.065392137,-0.333032757,0.285130061,30.14632455,204.258831,55.95013857,-1.364945181,0.480959007
2019,8,168,0.735272348,0.26527679,-0.607305944,0.602757353,28.16084605,148.9080033,204.258831,1.680076506,0.784606034
2019,9,168,0.615054607,0.183158994,-0.523079336,0.444566878,26.97766297,131.8554401,148.9080033,0.574353163,0.674344223
2020,6,168,0.325033158,0.056491721,-0.497552186,0.15365629,31.76759362,56.69721842,131.8554401,-1.265312991,0.490894246
2020,7,168,0.369684845,0.087802939,-0.445617735,0.261861734,31.16357143,122.2804261,56.69721842,-0.974712324,0.519872702
2020,8,168,0.524665058,0.157693163,-0.500453353,0.29076943,30.01678918,261.3795214,122.2804261,-0.128348848,0.604271363
2020,9,168,0.683547914,0.239331365,-0.619152427,0.452366574,26.98495146,51.16338301,261.3795214,1.208956929,0.737626382
2021,6,168,0.252816349,0.051016174,-0.421099544,0.163360748,31.26136616,53.5218277,51.16338301,-1.644771809,0.453054929
2021,7,168,0.263607264,0.06831602,-0.387563735,0.179975031,29.51260749,280.3041315,53.5218277,-1.537863423,0.463715744
2021,8,168,0.569106221,0.171355814,-0.557477534,0.410662075,28.93746879,100.7184219,280.3041315,0.492921285,0.666223904
2021,9,168,0.62365216,0.140455604,-0.589357674,0.394673879,26.22703883,242.3418312,100.7184219,0.499100585,0.666840098
2022,6,168,0.320828259,0.047714114,-0.500162721,0.203838832,31.76916089,64.34020054,242.3418312,-1.116613291,0.505722456
2022,7,168,0.504795134,0.139023319,-0.53059417,0.32598904,28.64546926,272.5043969,64.34020054,-0.101606361,0.606938102
2022,8,168,0.821202517,0.258152664,-0.697222888,0.594184094,27.555319,147.4309435,272.5043969,2.087027713,0.825186869
2022,9,168,0.746461928,0.20532003,-0.627384961,0.50026234,25.2763939,79.28147793,147.4309435,1.313472713,0.748048609
2023,6,168,0.410567015,0.112354338,-0.476584226,0.284454254,27.98221221,134.1575937,79.28147793,-0.624546443,0.554790952
2023,7,168,0.555994511,0.14901793,-0.571579456,0.336528325,27.97941054,294.0517006,134.1575937,0.219451058,0.63895368
2023,8,168,0.7554304,0.218064025,-0.630216837,0.537210104,26.87754508,157.3220408,294.0517006,1.550343693,0.771669186
2023,9,168,0.689010978,0.144508675,-0.577219069,0.426341614,25.92074202,174.527771,157.3220408,0.721479589,0.689015547
2024,6,168,0.369951278,0.075116947,-0.484906375,0.26142762,30.67113037,29.97964764,174.527771,-0.863076127,0.531004971
2024,7,168,0.342785597,0.045377467,-0.450299054,0.214136738,30.3084466,160.9566345,29.97964764,-1.266795688,0.490746393
2024,8,168,0.684184074,0.199928343,-0.606620312,0.507478832,26.60401526,191.6970032,160.9566345,1.140894111,0.730839214
2024,9,168,0.737126768,0.225960642,-0.651980817,0.529602223,26.20117198,159.1022705,191.6970032,1.516574659,0.768301766
2025,6,168,0.371664137,0.104304634,-0.483157367,0.240348458,28.13490291,52.11001057,159.1022705,-0.786019738,0.53868897
2025,8,168,0.800947845,0.235772356,-0.699801207,0.567198687,24.96162275,332.4749732,52.11001057,1.847026489,0.801254147
2025,9,168,0.639305055,0.11666023,-0.621799707,0.399726894,24.01555479,147.8777466,332.4749732,0.695323713,0.686407305
2019,7,169,0.464982271,0.121825203,-0.448488951,0.382842869,23.51963808,354.2716618,73.57292795,-0.228126275,0.594321641
2019,8,169,0.697023928,0.249629259,-0.570836782,0.488919396,22.93739972,281.7219901,354.2716618,1.393430185,0.756021901
2019,9,169,0.682763875,0.213601589,-0.586524963,0.531834992,22.97146611,148.2455492,281.7219901,1.301774736,0.746882096
2020,6,169,0.735723555,0.181894749,-0.728982925,0.411155955,26.37440526,90.82761788,148.2455492,1.245234336,0.741243935
2020,7,169,0.619780242,0.161178514,-0.55518043,0.547448015,24.84336791,221.86054,90.82761788,0.822392789,0.699078528
2020,8,169,0.32400766,0.204469666,-0.24017337,0.188924669,22.21208852,471.9315882,221.86054,-1.047029527,0.512661291
2020,9,169,0.686406851,0.179829136,-0.639129162,0.406461225,25.02804288,49.18016672,471.9315882,1.118676036,0.728623646
2021,6,169,0.646231174,0.164179102,-0.602347791,0.447148818,26.80432918,79.66903877,49.18016672,0.701768892,0.687050013
2021,7,169,0.642229378,0.142808348,-0.59598732,0.459911094,22.16801982,439.4546461,79.66903877,0.783776533,0.695227747
2021,8,169,0.258496374,0.170659497,-0.176139772,0.786688494,22.53253804,163.8335028,439.4546461,-0.06704295,0.610384736
2021,9,169,0.780514717,0.135493934,-0.660569012,0.472552878,22.45966113,237.2327271,163.8335028,1.249502253,0.741669528
2022,6,169,0.719087005,0.176321968,-0.666155398,0.500085048,28.17248271,103.0117004,237.2327271,1.2729845,0.744011158
2022,7,169,-0.024178272,0.096051559,0.045033257,0.290884718,24.40193638,383.2132368,103.0117004,-2.735238218,0.344314526
2022,8,169,0.834904313,0.222920239,-0.736685574,0.558741446,23.62353389,251.1718702,383.2132368,2.153893097,0.831854629
2022,9,169,0.733333349,0.166477919,-0.633321941,0.473939494,22.75560166,102.1763041,251.1718702,1.212547446,0.737984425
2023,6,169,0.36248216,0.19215399,-0.321591854,0.443933532,25.90930844,194.5860634,102.1763041,-0.426506056,0.574539375
2023,7,169,0.799399972,0.216094285,-0.7000826,0.521559631,23.89160212,512.2476006,194.5860634,1.816354042,0.798195516
2023,8,169,0.607811809,0.198825881,-0.531728268,0.521900037,21.57421162,254.573349,512.2476006,1.120467849,0.728802324
2023,9,169,0.792262435,0.177433252,-0.750308037,0.441661813,23.57121715,173.8392067,254.573349,1.589064338,0.775530376
2024,6,169,0.71327281,0.170015112,-0.648425043,0.505810967,29.26603043,50.4076544,173.8392067,1.146241353,0.731372437
2024,7,169,0.372855186,0.121738441,-0.314278603,0.373412028,24.0326556,266.5585051,50.4076544,-0.805470938,0.536749312
2024,8,169,0.737164974,0.192640215,-0.646266818,0.469869103,24.56912863,321.9316871,266.5585051,1.360211505,0.752709362
2024,9,169,0.721453369,0.136736408,-0.633558333,0.447215918,23.2703112,162.6500218,321.9316871,1.079039897,0.724671164
2025,6,169,0.667164207,0.160927877,-0.641440094,0.481571308,24.79518672,90.6729669,162.6500218,1.002973113,0.717085847
2025,8,169,0.095775269,0.085451357,-0.050689291,0.586403034,23.60049331,539.9906397,90.6729669,-1.598848229,0.45763439
2025,9,169,0.516108871,-0.06137836,-0.533712804,0.222277163,22.63799447,183.1698623,539.9906397,-0.611129298,0.556128899
2019,6,170,0.418344885,0.016647389,-0.500431061,0.2728183,37.53239554,59.38664158,81.06256008,-1.029423506,0.514416949
2019,7,170,0.391591877,-0.002876967,-0.450307816,0.2684969,28.73385794,504.1615047,59.38664158,-1.095235586,0.507854223
2019,8,170,0.735845983,0.289373696,-0.613595366,0.612578966,27.61350975,316.4261713,504.1615047,2.025356458,0.819037063
2019,9,170,0.681818187,0.194488183,-0.600210965,0.482050478,26.57334958,197.1044483,316.4261713,1.144902847,0.731238962
2020,6,170,0.47082153,0.020248426,-0.559267223,0.311473277,34.20834262,77.66274975,197.1044483,-0.56116057,0.561111739
2020,7,170,0.730009973,0.21707204,-0.630821705,0.577220045,28.81920149,279.0792559,77.66274975,1.446110808,0.761275169
2020,8,170,0.810197711,0.236237675,-0.667129636,0.578813136,27.91006267,674.6247578,279.0792559,1.989551318,0.815466604
2020,9,170,0.695980668,0.144138634,-0.643819571,0.43895094,30.00748607,81.31465153,674.6247578,1.173490457,0.734089695
2021,6,170,0.406841248,0.026617123,-0.516320825,0.251778113,32.10556407,67.72428513,81.31465153,-0.95996118,0.521343674
2021,7,170,0.455934793,0.015275311,-0.49355337,0.289391147,28.89749304,625.0543518,67.72428513,-0.719273378,0.545344861
2021,8,170,0.605871141,0.194259152,-0.532952785,0.503780954,27.57837744,239.0172348,625.0543518,1.055842527,0.722357941
2021,9,170,0.757457852,0.188921407,-0.63499248,0.466637679,26.48487465,437.8762436,239.0172348,1.339994748,0.750693364
2022,6,170,0.419570416,0.017322835,-0.506705523,0.255265976,35.55362813,95.3231926,437.8762436,-0.79374093,0.537919019
2022,8,170,0.764512658,0.245239958,-0.651651382,0.639855621,27.92797354,297.2177811,95.3231926,1.828026962,0.79935953
2022,9,170,0.717156768,0.238550022,-0.629459858,0.54639122,27.31075905,160.8686007,297.2177811,1.550974628,0.771732102
2023,6,170,0.449261546,0.042316258,-0.510052145,0.288282229,31.54950557,174.7653832,160.8686007,-0.671924771,0.550066425
2023,7,170,0.419179946,0.22785224,-0.353513509,0.324762495,26.79068245,657.5306168,174.7653832,-0.244838018,0.59265516
2023,8,170,0.870250225,0.288422942,-0.714528441,0.532674553,26.62077298,303.7339725,657.5306168,2.483061677,0.864679046
2023,9,170,0.820604801,0.229789168,-0.723397553,0.508936718,27.00043175,252.2722969,303.7339725,1.912767612,0.807809797
2024,6,170,0.453244776,0.017318159,-0.516799986,0.285044026,34.99217967,46.5420671,252.2722969,-0.749455913,0.542335084
2024,7,170,0.655366004,0.149723813,-0.58285296,0.48112163,28.11810817,427.0889139,46.5420671,0.753124772,0.692171179
2024,8,170,0.870833337,0.257923305,-0.76035285,0.588318086,26.82428041,504.1663561,427.0889139,2.507241316,0.86709022
2024,9,170,0.811753035,0.198926359,-0.701369762,0.521015228,26.78222841,214.8468267,504.1663561,1.885498789,0.805090573
2025,6,170,0.300828516,-0.016270293,-0.412005156,0.222644026,31.56885097,90.41665264,214.8468267,-1.549861367,0.462519319
2025,7,170,0.637681186,0.183910191,-0.548702896,0.472247777,26.53863278,626.8473682,90.41665264,0.815146312,0.698355915
2025,8,170,0.823919237,0.247585416,-0.720724881,0.59289745,25.9309935,656.1728039,626.8473682,2.453125235,0.861693809
2025,9,170,0.721652508,0.163126245,-0.660356045,0.478326409,25.15824513,219.0517616,656.1728039,1.495247177,0.766175007
2019,7,171,0.503931224,0.011640084,-0.475819021,0.414763331,26.53679879,146.2366943,56.94224352,-0.46515298,0.570685536
2019,8,171,0.691204965,0.192302436,-0.568733156,0.630941623,26.05378303,176.4584603,146.2366943,1.307691589,0.74747212
2019,9,171,0.608670413,0.108319409,-0.565595686,0.487874088,26.39107789,186.5986328,176.4584603,0.54255154,0.671172991
2020,6,171,0.647670805,0.086047828,-0.626544595,0.410980729,29.82150209,71.24291694,186.5986328,0.468359981,0.663774671
2020,7,171,0.542810678,0.05040155,-0.509651721,0.470656697,29.34166203,120.9534925,71.24291694,-0.07969341,0.609123243
2020,8,171,0.287434936,0.186637774,-0.228068203,0.305976696,28.04682893,212.5558653,120.9534925,-1.144758582,0.502915831
2020,9,171,0.522914231,0.025949366,-0.498885423,0.391105642,28.21416551,64.07097197,212.5558653,-0.314072506,0.585751155
2021,6,171,0.568867147,0.061337009,-0.534475863,0.446348638,29.83634214,51.14769363,64.07097197,-0.005947571,0.616477117
2021,7,171,0.585567176,0.066114783,-0.527161062,0.513025411,27.11687065,238.3716021,51.14769363,0.239169592,0.640919996
2021,8,171,0.585139275,0.106073819,-0.538932323,0.525030576,27.67912378,81.10612869,238.3716021,0.504057517,0.667334399
2021,9,171,0.577996433,0.047746837,-0.536911368,0.457224796,26.74853964,180.8586884,81.10612869,0.073586709,0.624408209
2022,6,171,0.424789399,-0.007821229,-0.436312169,0.347816442,32.49223922,54.77586782,180.8586884,-0.958789108,0.521460552
2022,7,171,0.589782119,0.086242303,-0.524495661,0.576294828,24.98544506,168.4379978,54.77586782,0.463533919,0.66329342
2022,8,171,0.740041912,0.263799012,-0.643564343,0.710428337,25.64557024,161.6450634,168.4379978,2.020192834,0.818522151
2022,9,171,0.692683816,0.184678167,-0.628751397,0.621899972,24.53799722,113.9199018,161.6450634,1.423812098,0.75905156
2023,6,171,0.631076455,0.157119215,-0.574872494,0.575426538,26.98984701,108.8950129,113.9199018,0.906597895,0.707475391
2023,7,171,0.734289944,0.25686115,-0.64543277,0.711465505,25.89096662,239.5040951,108.8950129,1.96653588,0.813171524
2023,8,171,0.724294484,0.216813579,-0.646779835,0.676925135,25.53412378,182.0399132,239.5040951,1.81303769,0.797864812
2023,9,171,0.640616298,0.162894741,-0.599637985,0.562528526,25.28732962,193.4993706,182.0399132,1.057494444,0.722522669
2024,6,171,0.612083375,0.103980497,-0.567912042,0.554614279,30.13853268,32.88281724,193.4993706,0.62091657,0.678987487
2024,7,171,0.548863232,0.056173787,-0.535008609,0.450463491,28.98970793,138.9605026,32.88281724,-0.047693963,0.612314201
2024,8,171,0.675483644,0.143164977,-0.597891569,0.581735346,26.44179416,169.0362545,138.9605026,1.059548095,0.722727457
2024,9,171,0.636891663,0.089042239,-0.566381037,0.509560372,25.66388039,178.6310516,169.0362545,0.592271559,0.67613103
2025,6,171,0.468435854,0.064220183,-0.517241359,0.420680093,28.11578581,70.69669592,178.6310516,-0.215175445,0.595613087
2025,8,171,0.714228213,0.171342134,-0.628680706,0.610675201,24.15249652,324.2006869,70.69669592,1.39132326,0.7558118
2025,9,171,0.550293148,0.015468809,-0.565607309,0.419162971,23.84811544,154.0337353,324.2006869,0.07261126,0.624310938
2019,7,172,0.390734792,0.115974188,-0.358564258,0.057135567,20.35751734,352.6652241,121.5792335,-1.26970859,0.49045592
2019,8,172,-0.0070609,0.20919238,0.035162952,0.363804843,16.52774619,311.7389202,352.6652241,-1.896740524,0.427928818
2019,9,172,0.011212531,0.180043697,0.013152832,0.204864804,17.9394429,226.9860153,311.7389202,-2.312108244,0.386508695
2020,6,172,0.110219389,0.185653821,-0.066452645,1.718648725,19.68953537,130.0408547,226.9860153,1.349386695,0.751629921
2020,7,172,-0.017291207,0.134792686,0.033203218,0.380589914,21.82430652,286.2788264,130.0408547,-2.33572181,0.38415397
2020,8,172,0.059203397,0.066474192,-0.03628552,0.357361459,14.24604253,471.4875956,286.2788264,-2.054094359,0.412237625
2020,9,172,0.28326866,0.099844798,-0.282683104,0.386849536,23.60966019,64.69858207,471.4875956,-0.890667066,0.528253626
2021,6,172,-0.025893958,0.063009232,0.062402397,0.415669061,21.9443828,123.1674118,64.69858207,-2.660102518,0.351806996
2021,7,172,-0.029047946,0.150847003,0.044708509,0.591304348,18.20827092,506.388258,123.1674118,-1.786127555,0.438959051
2021,8,172,-0.034774143,0.138634428,0.055397086,0.077090338,17.93672677,161.6242027,506.388258,-2.822944391,0.33556854
2021,9,172,-0.005776754,0.126390532,0.019696254,0.012745513,18.16621128,245.4308586,161.6242027,-3.059116552,0.312017649
2022,6,172,0.516607046,0.176144242,-0.406635076,0.403026283,23.65094545,113.9626596,245.4308586,0.068303558,0.623881378
2022,7,172,-0.06666667,0.283745766,0.091818504,0.380311191,17.57484512,428.8493633,113.9626596,-2.014516513,0.416184295
2022,8,172,0.271162122,0.033085555,-0.253182471,0.343449028,17.79730929,342.7645178,428.8493633,-1.202981711,0.497109869
2022,9,172,0.107318923,0.158371046,-0.081481479,0.424155284,20.49126907,125.2244792,342.7645178,-1.501426994,0.467349154
2023,6,172,-0.051973347,0.432869464,0.075517535,0.309725398,21.51518031,229.3051872,125.2244792,-1.684849209,0.449058444
2023,7,172,0.057537604,0.065155767,-0.027264778,-0.025082239,22.08404531,580.1165199,229.3051872,-3.037990675,0.314124304
2023,8,172,-0.012502412,0.100877121,0.02599713,1.922852598,16.3237656,367.7644229,580.1165199,1.340751801,0.750768857
2023,9,172,0.249190941,0.063800469,-0.224230886,0.346962764,22.4287448,219.959136,367.7644229,-1.329957916,0.484447908
2024,6,172,0.372786671,0.1116312,-0.344119608,0.356595021,24.04999307,69.75453728,219.959136,-0.739331255,0.543344707
2024,7,172,-0.036818128,0.151024014,0.054727081,0.790851074,17.48809293,378.2388363,69.75453728,-1.43651531,0.473822093
2024,8,172,0.761035502,0.211139008,-0.721050918,0.468609499,18.82612344,334.7068733,378.2388363,1.792289088,0.795795779
2024,9,172,0.070696585,0.151343793,-0.062161922,0.222112399,22.34178225,186.2114283,334.7068733,-2.111250344,0.406538078
2025,6,172,0.536626935,0.226764292,-0.426086962,0.491932238,20.00009478,177.7172807,186.2114283,0.543888652,0.671306327
2025,8,172,-0.03689168,0.193434656,0.04699029,1.121718377,17.97808137,674.3160229,177.7172807,-0.428484536,0.574342083
2025,9,172,0.020671098,0.207337841,-0.004113745,0.387621933,19.62212899,191.88871,674.3160229,-1.559325907,0.461575523
2019,6,173,0.425181985,0.059815336,-0.483581245,0.270224047,33.24240997,66.06582738,82.32916212,-0.860293062,0.531282496
2019,7,173,0.363984674,0.068930663,-0.439697146,0.215430697,29.08594645,351.1862221,66.06582738,-1.088737559,0.508502201
2019,8,173,0.709234834,0.269426763,-0.579999983,0.623064051,28.09520083,234.0067725,351.1862221,1.726760373,0.78926131
2019,9,173,0.773287654,0.225598708,-0.646456897,0.530538005,26.56941828,195.14851,234.0067725,1.611967314,0.777814242
2020,6,173,0.443064183,0.04928989,-0.519760132,0.274112976,31.90558172,76.7507251,195.14851,-0.673000691,0.549959135
2020,7,173,0.375918597,0.09407115,-0.456640393,0.223952925,30.0749446,209.2247088,76.7507251,-0.95418128,0.521920041
2020,8,173,0.608168423,0.163606703,-0.506657243,0.538657297,28.576759,468.5215054,209.2247088,0.747058672,0.691566272
2020,9,173,0.744753718,0.238835141,-0.650538206,0.490615069,27.59065789,69.44842172,468.5215054,1.624163482,0.779030433
2021,6,173,0.441821724,0.075616322,-0.48409152,0.282774065,32.3842036,66.59981155,69.44842172,-0.739756893,0.543302262
2021,7,173,0.38866064,0.062893085,-0.437889963,0.261018321,28.83628809,450.7368622,66.59981155,-0.935785922,0.523754411
2021,8,173,0.625263155,0.224489793,-0.527704477,0.501898981,27.76479917,169.9054842,450.7368622,1.057357887,0.722509052
2021,9,173,0.688651562,0.173333332,-0.58854562,0.488284291,25.57234072,363.5687256,169.9054842,1.029732448,0.719754266
2022,6,173,0.470062226,0.064582393,-0.509305537,0.321782503,32.95313019,88.48703253,363.5687256,-0.388872191,0.578292193
2022,7,173,0.722334027,0.237590358,-0.583881557,0.613768474,27.32787396,445.597611,88.48703253,1.52580232,0.76922194
2022,8,173,0.819021225,0.277147502,-0.66385138,0.648652602,27.20618421,245.8461208,445.597611,2.31846814,0.848265916
2022,9,173,0.747849464,0.232428551,-0.641504645,0.538521099,25.44290859,124.039643,245.8461208,1.592633106,0.775886251
2023,6,173,0.558245063,0.09769094,-0.529702961,0.38798542,29.34361496,174.5760031,124.039643,0.020386331,0.619103112
2023,7,173,0.623732984,0.14325501,-0.566046715,0.430840164,28.81317867,475.9212933,174.5760031,0.593115047,0.676215142
2023,8,173,0.792878747,0.240396529,-0.629441619,0.616453668,25.81842105,244.650218,475.9212933,2.022982076,0.818800291
2023,9,173,0.803131044,0.224392727,-0.683478236,0.599976472,25.68852493,240.2855453,244.650218,1.940047405,0.810530115
2024,6,173,0.466598153,0.035557892,-0.487960696,0.330290186,32.56863573,41.60453765,240.2855453,-0.606244197,0.556616037
2024,7,173,0.629941046,0.148844332,-0.546265781,0.485799542,28.87224377,274.8282356,41.60453765,0.575779638,0.67448647
2024,8,173,0.801899195,0.260612041,-0.661982954,0.647537677,25.74292013,340.7016744,274.8282356,2.150003317,0.831466744
2024,9,173,0.787183404,0.245078906,-0.682720721,0.558935157,25.86319945,209.7095688,340.7016744,1.933729898,0.809900139
2025,6,173,0.546417117,0.092736252,-0.5309605,0.372545642,29.17080332,73.1582867,209.7095688,-0.017440241,0.615331077
2025,7,173,0.753180087,0.250358105,-0.599348545,0.622762667,25.12177285,434.7903736,73.1582867,1.707854006,0.787375983
2025,8,173,0.814329922,0.264642447,-0.663465738,0.635826333,25.05273084,519.9876928,434.7903736,2.31230319,0.847651152
2025,9,173,0.751443505,0.17441003,-0.667315185,0.516557042,24.61907202,221.4854469,519.9876928,1.620611721,0.778676255
2019,7,174,0.493398309,0.119264379,-0.457991034,0.465453059,29.52993733,191.7518368,61.79901069,-0.085658025,0.608528457
2019,8,174,0.745168209,0.30899328,-0.635144174,0.766399175,26.7952507,159.1081343,191.7518368,2.284803488,0.844908905
2019,9,174,0.602005899,0.236388952,-0.537044168,0.548631614,27.03336351,134.6801691,159.1081343,0.991680093,0.715959717
2020,6,174,0.512856364,0.087286234,-0.554186463,0.298488611,31.41214485,60.38632322,134.6801691,-0.294238567,0.587728979
2020,7,174,0.54432708,0.136386678,-0.483017206,0.467677007,30.83527159,113.6774795,60.38632322,0.113469392,0.628385277
2020,8,174,0.662120879,0.234869599,-0.590115368,0.586038991,28.31304318,264.7790022,113.6774795,1.306789373,0.747382152
2020,9,174,0.568293214,0.197600901,-0.54496026,0.48147747,27.94674791,52.98436594,264.7790022,0.69816651,0.686690787
2021,6,174,0.519112706,0.126284882,-0.492508262,0.45134014,31.2039415,59.06594276,52.98436594,-0.00867054,0.616205585
2021,7,174,0.519120216,0.147724941,-0.488337845,0.470455863,28.96302925,261.9838476,59.06594276,0.167307849,0.633754003
2021,8,174,0.640977085,0.261168301,-0.534187376,0.721158534,27.86400418,108.6394186,261.9838476,1.58068885,0.774695179
2021,9,174,0.681126714,0.20234473,-0.582467556,0.581535097,26.9856337,224.0406952,108.6394186,1.217222975,0.738450665
2022,6,174,0.36239782,0.033362858,-0.407376021,0.297898388,32.45502786,66.81839204,224.0406952,-1.105918334,0.506788948
2022,7,174,0.742418826,0.280041933,-0.602888107,0.785520157,27.43519963,248.8760076,66.81839204,2.080063247,0.824492378
2022,8,174,0.822802186,0.352873713,-0.699647784,0.812947443,26.49651811,147.1971855,248.8760076,2.891989375,0.905456976
2022,9,174,0.731372178,0.28111127,-0.632010937,0.696358812,25.78957521,80.3484776,147.1971855,1.969458027,0.813462918
2023,6,174,0.494392872,0.103436396,-0.472839206,0.449841702,27.27509053,145.2426243,80.3484776,-0.104809849,0.606618653
2023,7,174,0.702367067,0.234362394,-0.611357689,0.615716364,26.34405757,267.2174072,145.2426243,1.553181687,0.771952188
2023,8,174,0.742617726,0.304137677,-0.647516072,0.710155859,25.40187326,164.5313461,267.2174072,2.234166205,0.839859397
2023,9,174,0.694835663,0.272059917,-0.61340785,0.633516444,25.85336351,157.6090069,164.5313461,1.702810049,0.786873004
2024,6,174,0.41002357,0.055536922,-0.422338456,0.330770553,31.07782033,33.0741272,157.6090069,-0.851496549,0.532159677
2024,7,174,0.559433281,0.139762789,-0.503729105,0.502009825,28.5223468,142.038456,33.0741272,0.299852302,0.646971225
2024,8,174,0.739067554,0.312602282,-0.654745519,0.718855456,24.98058032,195.3032655,142.038456,2.224235231,0.838869088
2024,9,174,0.634366095,0.188827336,-0.570000947,0.562554876,26.86137883,158.009752,195.3032655,1.041655875,0.72094326
2025,6,174,0.453760505,0.079754598,-0.421903044,0.389628127,25.61149721,55.71688378,158.009752,-0.473646754,0.569838544
2025,8,174,0.73593235,0.308385313,-0.666078389,0.666311478,23.82792479,354.9271884,55.71688378,2.10687606,0.82716613
2025,9,174,0.60220176,0.171996087,-0.554583967,0.530993062,23.85575209,129.9602489,354.9271884,0.94139724,0.710945552
2019,7,175,0.294640243,-0.114369579,-0.2841627,0.167845352,24.71528433,67.64782715,45.61356811,-2.337160601,0.384010495
2019,8,175,0.354140669,-0.035566095,-0.29848364,0.229305885,23.33964632,79.40380549,67.64782715,-1.742624409,0.443297149
2019,9,175,0.3707304,-0.012715365,-0.346194506,0.207004915,24.729681,101.3432322,79.40380549,-1.57241803,0.460269987
2020,6,175,0.29070726,-0.086216733,-0.350434065,0.124302531,27.7951595,37.53020751,101.3432322,-2.200970286,0.39759128
2020,7,175,0.282532245,-0.070344828,-0.286259532,0.162999369,29.02003467,36.61830252,37.53020751,-2.287876642,0.38892505
2020,8,175,0.316351682,-0.055086177,-0.260424852,0.207234363,28.14998613,120.9512053,36.61830252,-2.100045366,0.407655429
2020,9,175,0.407744884,-0.063564874,-0.365504056,0.197390194,24.55220527,47.15894935,120.9512053,-1.619393589,0.455585624
2021,6,175,0.258805513,-0.141812488,-0.278879821,0.152393066,24.97104716,34.45346737,47.15894935,-2.561915899,0.361598084
2021,7,175,0.273542613,-0.106662855,-0.244499788,0.155388819,25.0690638,98.81557465,34.45346737,-2.483858475,0.369381905
2021,8,175,0.328944117,-0.079818927,-0.285526156,0.172770791,24.53313454,46.66270971,98.81557465,-2.102065299,0.407454003
2021,9,175,0.306467116,-0.12141744,-0.296399534,0.156542732,23.36972261,187.4360065,46.66270971,-2.289452665,0.388767891
2022,6,175,0.440443724,-0.063674599,-0.422912419,0.234824927,25.33931345,38.00436443,187.4360065,-1.300619859,0.487373474
2022,8,175,0.272131145,-0.17854622,-0.221406087,0.129755081,23.93243412,66.10189867,38.00436443,-2.827464757,0.335117773
2022,9,175,0.349654078,-0.184436962,-0.31059432,0.1566506,23.14106103,75.56222296,66.10189867,-2.378851636,0.3798531
2023,6,175,0.31138289,-0.085949562,-0.287759811,0.160742036,24.18807212,86.34291172,75.56222296,-2.184170944,0.399266496
2023,7,175,0.276174694,-0.139398485,-0.231263921,0.146797363,23.01173833,99.65019321,86.34291172,-2.579021511,0.359892326
2023,8,175,0.35411343,-0.146783262,-0.310669452,0.164576803,24.00468793,76.52589726,99.65019321,-2.215827759,0.396109705
2023,9,175,0.269750923,-0.092359871,-0.305948079,0.132473717,22.25457698,121.2559128,76.52589726,-2.283472346,0.389364243
2024,6,175,0.296966195,-0.06798175,-0.301538795,0.199797618,25.74886963,21.90593624,121.2559128,-2.041021932,0.413541196
2024,7,175,0.293436289,-0.082694411,-0.287294924,0.176826431,25.21901526,47.81793737,21.90593624,-2.232143388,0.394482724
2024,8,175,0.272749901,-0.106353596,-0.254319131,0.148193677,22.90427647,88.72440365,47.81793737,-2.443631263,0.373393329
2024,9,175,0.239962652,-0.115256496,-0.239999995,0.113495849,23.28943828,130.6513521,88.72440365,-2.62588541,0.355219097
2025,6,175,0.295751542,-0.077629462,-0.294269413,0.173292755,24.46079057,31.50413691,130.6513521,-2.127403594,0.404927289
2025,7,175,0.328589916,-0.037262715,-0.318356872,0.240256273,22.37366852,84.90898854,31.50413691,-1.742048057,0.443354622
2025,8,175,0.309866399,-0.119899623,-0.265941888,0.154293245,19.90158114,170.9598618,84.90898854,-2.289845238,0.388728743
2025,9,175,0.328960657,-0.125524357,-0.32428357,0.150769086,21.43576283,105.6075349,170.9598618,-2.115384613,0.406125812
2019,7,176,0.798620284,0.214827538,-0.644966841,0.341356574,23.94432357,369.5158558,116.7863379,1.205678137,0.737299423
2019,8,176,0.02385686,0.210997522,0.036783043,0.529943912,20.4909112,297.3075848,369.5158558,-1.503637718,0.467128703
2019,9,176,0.051261969,0.147704914,-0.04079967,-0.033913155,20.21027894,219.905364,297.3075848,-2.769775067,0.340870541
2020,6,176,0.372864544,0.120843224,-0.321841955,0.335420293,21.46067643,122.1593337,219.905364,-0.764872257,0.540797779
2020,7,176,0.256015599,0.131707311,-0.209350869,0.396461337,23.53898419,300.8542224,122.1593337,-1.166169302,0.500780772
2020,8,176,0.263173163,0.114888892,-0.247902051,0.30344431,18.46398419,450.6069355,300.8542224,-1.115208694,0.505862521
2020,9,176,0.644119918,0.102861561,-0.606458902,0.348527699,24.72805439,58.33961764,450.6069355,0.557723979,0.672685974
2021,6,176,0.606235862,0.107289985,-0.537424803,0.447633246,23.88001395,115.7263145,58.33961764,0.322360444,0.649215719
2021,7,176,0.163413092,0.130025238,-0.126531869,1.863970588,20.35585774,495.9663105,115.7263145,1.736948298,0.790277241
2021,8,176,0.088386931,0.106663153,-0.06655179,1.74700006,20.61055788,164.0138206,495.9663105,1.264375245,0.74315265
2021,9,176,0.691995263,0.171458736,-0.568574667,0.446652038,20.46301953,235.1514063,164.0138206,0.92683959,0.709493876
2022,6,176,0.58200562,0.116949819,-0.54024899,0.424818717,25.03379358,101.4455976,235.1514063,0.351208776,0.65209245
2022,7,176,-0.204013377,0.079889804,0.125459313,-0.289648623,20.06470014,430.7146778,101.4455976,-4.585906464,0.15976743
2022,8,176,0.844032109,0.284317136,-0.692909777,0.635190217,20.41026499,329.731535,430.7146778,2.528679094,0.869227977
2022,9,176,0.685793161,0.169487372,-0.603151441,0.411367091,22.05783821,136.9806161,329.731535,0.974677638,0.714264246
2023,6,176,-0.002409133,0.454898983,0.066091679,0.03840784,23.89369596,211.8988762,136.9806161,-2.104770189,0.407184273
2023,7,176,0.808628082,0.268783152,-0.683993578,0.665013135,22.95369131,571.3504066,211.8988762,2.324093989,0.848826921
2023,8,176,0.527331352,0.183903694,-0.474941432,0.474835331,19.35441423,362.4159241,571.3504066,0.743898003,0.691251093
2023,9,176,0.706060588,0.171696156,-0.656491339,0.365060713,23.20631102,227.7333736,362.4159241,1.074361305,0.724204618
2024,6,176,0.613670468,0.164524212,-0.54472971,0.537693171,25.99046025,66.74950805,227.7333736,0.814164583,0.698258018
2024,7,176,0.074712642,0.062068734,-0.06587974,0.239515575,20.75307764,396.7021255,66.74950805,-2.458079225,0.37195259
2024,8,176,0.825325429,0.295698911,-0.694945037,0.636662406,20.87486053,332.5382017,396.7021255,2.507454717,0.8671115
2024,9,176,0.501808763,0.081352644,-0.460049808,0.302924952,23.56936541,162.7499219,332.5382017,-0.308640265,0.586292853
2025,6,176,0.648370862,0.132884651,-0.571398795,0.498092926,21.80280335,175.4484867,162.7499219,0.793880787,0.696235335
2025,8,176,-0.045676276,0.169009298,0.062309369,0.651898734,18.95283589,666.7677021,175.4484867,-1.614868206,0.456036891
2025,9,176,0.485218912,0.126735672,-0.423045069,0.682901932,21.29698047,166.3580074,666.7677021,0.793316017,0.696179016
2019,7,177,0.658364475,0.188373417,-0.552082479,0.391530987,16.91132867,313.3377705,67.16411096,0.74940667,0.691800413
2019,8,177,0.477302194,0.162244901,-0.420642346,0.206109925,18.54832867,271.326427,313.3377705,-0.326181339,0.584543672
2019,9,177,0.121505581,0.052832454,-0.115497738,0.165807923,18.56696503,162.8649597,271.326427,-2.323391559,0.385383532
2020,6,177,0.792214513,0.198766887,-0.799693108,0.278814303,21.40418182,81.99359846,162.8649597,1.370046316,0.753690081
2020,7,177,0.691209257,0.156192794,-0.57393074,0.330389898,18.99137063,204.3570632,81.99359846,0.592161072,0.676120013
2020,8,177,0.152578026,0.223579019,-0.10654974,-0.257842257,17.93270629,437.0266581,204.3570632,-2.6202884,0.355777227
2020,9,177,0.776183665,0.236763239,-0.727272749,0.284907255,21.17581818,56.47207159,437.0266581,1.472621528,0.763918796
2021,6,177,0.643285155,0.162034303,-0.565480173,0.315357872,22.2458042,70.82446861,56.47207159,0.37088192,0.65405424
2021,7,177,0.636408329,0.166548043,-0.5584445,0.307843987,17.51137063,419.7088108,70.82446861,0.475614719,0.664498107
2021,8,177,0.486085534,0.185953438,-0.376633316,0.20931563,18.2511958,158.5559568,419.7088108,-0.277502079,0.589397927
2021,9,177,0.110588662,0.105936721,-0.059358492,0.219233715,17.00182517,272.004323,158.5559568,-2.214379691,0.396254105
2022,6,177,0.720025122,0.088157892,-0.654589355,0.26186155,23.25139161,87.0925101,272.004323,0.509800976,0.667907132
2022,7,177,-0.045507584,0.215302706,0.070102312,0.305802405,18.09845688,350.2003169,87.0925101,-2.348142561,0.382915383
2022,8,177,0.81831944,0.092811644,-0.707178414,0.248254639,19.04645455,251.547092,350.2003169,0.967941057,0.71359248
2022,9,177,0.499577343,0.089683078,-0.389193416,0.15998051,18.28875524,112.9107957,251.547092,-0.76219033,0.541065219
2023,6,177,0.373992711,0.125209361,-0.317340255,0.322858676,19.6378042,176.1929111,112.9107957,-0.819261859,0.535374093
2023,7,177,0.823456705,0.164889246,-0.720142663,0.308872987,19.95805594,477.874855,176.1929111,1.308390704,0.747541835
2023,8,177,0.423021138,0.07502377,-0.347470075,1.339537131,17.47225874,257.1271009,477.874855,1.701100044,0.786702483
2023,9,177,0.721701503,0.128425583,-0.644329906,0.240405399,18.83813986,177.6135578,257.1271009,0.640257999,0.680916198
2024,6,177,0.71425873,0.152951822,-0.6091187,0.343298215,23.64938462,42.55605316,177.6135578,0.712099476,0.68808017
2024,7,177,0.35648942,0.145352423,-0.317852706,0.186002468,19.6208042,237.9108753,42.55605316,-1.121769634,0.50520827
2024,8,177,0.013030685,0.131986842,0.017529557,-0.102853351,16.64487413,308.1732563,237.9108753,-3.16978651,0.300981733
2024,9,177,0.71924752,0.155933663,-0.680100977,0.235839351,19.30230769,181.8111914,308.1732563,0.827962951,0.69963398
2025,6,177,0.33946228,0.114964679,-0.249716789,0.307303393,20.24667133,75.88715303,181.8111914,-1.107374997,0.506643691
2025,8,177,0.165714279,0.017738359,-0.150375932,0.071821684,17.08074126,539.4413624,75.88715303,-2.496864294,0.368084976
2025,9,177,0.47295773,0.058420788,-0.359220564,0.236459225,17.85193007,198.0066032,539.4413624,-0.624769034,0.554768756
2019,6,178,0.87069726,0.307661712,-0.73599869,0.716211169,32.87138889,62.19819191,73.93450904,2.512440966,0.867608724
2019,7,178,0.758858919,0.256287813,-0.644852042,0.658632829,26.93781944,394.8338165,62.19819191,1.888987435,0.805438457
2019,8,178,0.579737246,0.211078793,-0.494150221,0.840845735,26.67463889,253.6439495,394.8338165,1.576072485,0.774234839
2019,9,178,0.863376439,0.271719038,-0.753114402,0.530928835,24.47919444,205.8661423,253.6439495,2.255437255,0.841980528
2020,6,178,0.852928936,0.281218946,-0.758328378,0.662965645,30.61758333,78.84352794,205.8661423,2.435209269,0.859907244
2020,7,178,0.747894585,0.255759746,-0.648241341,0.657190339,27.91020833,228.0184461,78.84352794,1.833196186,0.799875001
2020,8,178,0.847968102,0.261716723,-0.74044919,0.57711774,25.89011111,520.5841732,228.0184461,2.289221086,0.845349424
2020,9,178,0.864829421,0.293350726,-0.765124559,0.535167603,26.81402778,83.81630287,520.5841732,2.481280411,0.86450142
2021,6,178,0.781522512,0.284077734,-0.701186955,0.528866114,28.81145139,74.23466873,83.81630287,1.804573835,0.797020804
2021,7,178,0.829875529,0.276180148,-0.7323578,0.60081244,27.09622917,516.4810629,74.23466873,2.21917469,0.838364456
2021,8,178,0.763939977,0.242933542,-0.659211934,0.505698006,25.19075694,186.1655922,516.4810629,1.816580471,0.798218095
2021,9,178,0.845552325,0.263439655,-0.728937745,0.51567572,25.17296528,447.6180191,186.1655922,2.095575837,0.826039281
2022,6,178,0.881408811,0.305349529,-0.7432217,0.672508371,32.54772917,91.77668595,447.6180191,2.691929859,0.885507207
2022,8,178,0.754250526,0.265469253,-0.626963854,0.668928413,25.94609028,233.4732475,91.77668595,1.888712838,0.805411075
2022,9,178,0.852657199,0.291585445,-0.748556197,0.613664916,25.35811806,144.7479662,233.4732475,2.433902531,0.859776937
2023,6,178,0.882657468,0.310117096,-0.771103919,0.712345937,28.49867361,169.7137389,144.7479662,2.741689371,0.890469184
2023,7,178,0.864421785,0.300973862,-0.766278565,0.661849515,26.95125694,548.7594948,169.7137389,2.659367931,0.882260159
2023,8,178,0.872340441,0.29590559,-0.769963384,0.584387106,25.1593125,249.1536341,548.7594948,2.697213233,0.886034061
2023,9,178,0.879361629,0.316104203,-0.775479972,0.563996679,24.77327083,263.0324593,249.1536341,2.568665307,0.873215369
2024,6,178,0.890344501,0.278424948,-0.770086527,0.649206563,31.77483333,44.09942606,263.0324593,2.519028358,0.868265614
2024,7,178,0.833522439,0.257131517,-0.720467269,0.627748867,26.99166204,350.6596432,44.09942606,2.144372434,0.830905237
2024,8,178,0.873271883,0.263403267,-0.770277619,0.579532857,24.62040278,394.3606567,350.6596432,2.493121315,0.865682185
2024,9,178,0.8838346,0.289028674,-0.781588554,0.53651896,25.42852778,218.1181574,394.3606567,2.515554553,0.867919209
2025,6,178,0.895189106,0.288643688,-0.758529365,0.662614334,27.54888889,77.91440899,218.1181574,2.597611155,0.876101825
2025,7,178,0.827160478,0.233333334,-0.715942025,0.600986695,24.41529861,512.2225146,77.91440899,2.067229473,0.823212605
2025,8,178,0.866097867,0.242145464,-0.783340394,0.546209338,23.95443519,552.1624699,512.2225146,2.504758077,0.866842593
2025,9,178,0.866757333,0.247331366,-0.796532571,0.524400108,23.67232639,217.2377853,552.1624699,2.468492756,0.863226245
2019,6,179,0.199182346,-0.077349044,-0.294297099,0.143405393,42.32410723,42.7772994,83.46110535,-2.654005906,0.352414945
2019,7,179,0.136616707,-0.083333336,-0.220977589,0.099835397,33.84525408,419.4759102,42.7772994,-2.923344023,0.325556772
2019,8,179,0.74080795,0.27853933,-0.601682484,0.595938496,32.14963636,220.453517,419.4759102,1.806319435,0.797194873
2019,9,179,0.578664482,0.230025768,-0.493156046,0.488036821,29.80213986,305.5288754,220.453517,0.719897208,0.688857754
2020,6,179,0.176642329,-0.099105813,-0.271676302,0.10555728,38.20373427,67.17503184,305.5288754,-2.717227052,0.346110585
2020,7,179,0.186106801,-0.06759765,-0.274953306,0.153117181,34.24001399,190.9088327,67.17503184,-2.553445463,0.362442749
2020,8,179,0.467624873,0.178947121,-0.413607657,0.278872387,31.08521678,584.3478251,190.9088327,-0.319682937,0.585191687
2020,9,179,0.757797122,0.296043098,-0.651567936,0.528488372,32.73981119,96.86505334,584.3478251,1.941922033,0.810717051
2021,6,179,0.187337473,-0.050035138,-0.305142492,0.130040556,37.55260839,47.23240471,96.86505334,-2.52334914,0.365443929
2021,7,179,0.120027915,-0.029331721,-0.236994222,0.095757711,35.44381818,467.6216183,47.23240471,-2.758373007,0.342007545
2021,8,179,0.409632325,0.150020555,-0.325864583,0.37622366,31.33332867,214.7683353,467.6216183,-0.439469895,0.573246632
2021,9,179,0.782503009,0.24427481,-0.653423488,0.507506206,29.18425874,587.0909462,214.7683353,1.693095234,0.78590425
2022,6,179,0.607429266,0.169533163,-0.592639089,0.457465142,39.17604895,78.02523482,587.0909462,0.814631632,0.698304592
2022,8,179,0.548459351,0.049445055,-0.455624789,0.317750477,32.35251748,262.912735,78.02523482,-0.540461583,0.563175825
2022,9,179,0.565333366,0.185573608,-0.464858562,0.43664691,30.5918042,141.6370161,262.912735,0.346677103,0.651640556
2023,6,179,0.532023907,0.144862801,-0.549222827,0.386260773,34.23676923,152.7375507,141.6370161,0.107990652,0.627838942
2023,7,179,0.097482249,0.02263202,-0.181375951,0.1218793,31.90216084,410.0263386,152.7375507,-2.609529925,0.356850053
2023,8,179,0.704940379,0.172446117,-0.591603041,0.404180504,30.2011958,231.477253,410.0263386,0.949583013,0.711761831
2023,9,179,0.71823293,0.289677739,-0.625155449,0.53644199,30.7490979,423.242981,231.477253,1.65950993,0.782555152
2024,6,179,0.138539046,-0.098254368,-0.276857555,0.095773356,40.5913986,41.46565987,423.242981,-2.768276161,0.34102001
2024,7,179,0.223589286,0.065086104,-0.2201837,0.148466351,32.40893706,338.3089075,41.46565987,-2.133429256,0.404326415
2024,8,179,0.72813803,0.215481177,-0.656686604,0.442932619,30.05054079,385.147651,338.3089075,1.370435316,0.753728872
2024,9,179,0.702950418,0.308038145,-0.592361212,0.553768109,30.35372727,249.9230013,385.147651,1.714330597,0.788021823
2025,6,179,0.341716707,0.050062094,-0.404977769,0.302777378,34.7323007,72.05452302,249.9230013,-1.101652129,0.507214371
2025,7,179,0.252214998,-0.008187135,-0.282516629,0.163526348,30.75977622,447.2013104,72.05452302,-2.073139955,0.410338414
2025,8,179,0.615468919,0.156415686,-0.499356508,0.404953058,29.3353986,574.066164,447.2013104,0.587204086,0.675625706
2025,9,179,0.632859409,0.20821394,-0.578015268,0.397499504,30.30191608,310.2875671,574.066164,0.981774845,0.714971974
2019,7,180,0.487698704,0.271778345,-0.370658278,0.273321762,14.13941828,318.7026482,157.988499,0.058986472,0.622952285
2019,8,180,0.054787993,0.13233082,-0.039145909,0.237714988,18.13734765,221.138206,318.7026482,-2.179486638,0.399733611
2019,9,180,0.806588709,0.324422836,-0.735579371,0.331647222,17.57039474,383.6907825,221.138206,1.929086713,0.809437124
2020,6,180,0.728611231,0.288532674,-0.653597236,0.370632768,20.66241921,174.8389813,383.6907825,1.552759775,0.771910115
2020,7,180,0.545843363,0.217492133,-0.496752173,0.356919317,17.60716066,164.7610297,174.8389813,0.423347152,0.659286029
2020,8,180,0.031778354,0.09369646,-0.008274485,0.14948438,16.83737765,406.6379147,164.7610297,-2.668335638,0.350985996
2020,9,180,0.829563558,0.371475011,-0.784786761,0.356057507,19.04797784,176.5797341,406.6379147,2.361905227,0.852597426
2021,6,180,0.655231535,0.242718443,-0.618448615,0.326439925,19.53629501,174.5234051,176.5797341,0.944945145,0.711299347
2021,7,180,0.182516888,0.247451022,-0.087238021,0.302719171,17.36378116,355.3534107,174.5234051,-1.314716381,0.485967781
2021,8,180,0.429541588,0.238801166,-0.331225306,0.282177114,17.71402355,184.163744,355.3534107,-0.19976756,0.597149549
2021,9,180,0.45058772,0.318885446,-0.418475956,0.242400112,14.48547091,718.9572296,184.163744,0.271792956,0.644173171
2022,6,180,0.712319374,0.239504442,-0.681742787,0.331247126,20.42335873,167.3403318,718.9572296,1.544485782,0.77108504
2022,7,180,0.508489728,0.058307212,-0.457685679,0.271650912,18.36640351,356.5979805,167.3403318,-0.444418839,0.572753127
2022,8,180,0.787941813,0.276279986,-0.722871423,0.46960185,15.78860803,200.3124247,356.5979805,2.072255378,0.823713784
2022,9,180,0.642731428,0.278595269,-0.554107547,0.221172504,16.87064404,259.8561406,200.3124247,0.718530956,0.688721512
2023,6,180,0.004621072,0.141833082,0.018066848,0.315920398,18.04643352,296.919323,259.8561406,-2.240618555,0.393637587
2023,7,180,0.392284274,0.194489822,-0.368799806,0.282879155,18.07551247,432.9161377,296.919323,-0.329506079,0.584212132
2023,8,180,0.721124291,0.327297211,-0.621934891,0.439811041,17.99795014,197.5196266,432.9161377,1.811718681,0.797733282
2023,9,180,0.851706564,0.348467648,-0.788556278,0.159571892,17.24065789,312.8282585,197.5196266,1.829097325,0.799466266
2024,6,180,0.026479108,0.189279139,0.011036942,0.28268262,21.32615651,90.7057955,312.8282585,-2.140766136,0.403594787
2024,7,180,0.729480088,0.356576085,-0.633168697,0.426445778,18.34899584,259.2460041,90.7057955,1.718996271,0.78848708
2024,8,180,0.816117465,0.336089939,-0.734356225,0.41231226,17.96878347,340.6938728,259.2460041,2.173615528,0.833821334
2024,9,180,0.790794969,0.336797655,-0.65250963,0.316784467,17.70944598,332.9079472,340.6938728,1.769419237,0.793515216
2025,6,180,0.492378652,0.255419642,-0.402175993,0.348778968,19.97142659,117.9985885,332.9079472,0.251275312,0.642127168
2025,7,180,-0.048739497,0.188366398,0.07060755,0.25606868,16.30767313,385.0920329,117.9985885,-2.506883067,0.367085912
2025,8,180,-0.012523482,0.092956774,0.030225627,-0.401606426,16.05398892,381.9532299,385.0920329,-3.929357387,0.225237957
2025,9,180,0.786738336,0.281983167,-0.748847902,0.290959942,16.3656856,349.374733,381.9532299,1.79494768,0.796060891
2019,7,181,0.346948534,0.063535124,-0.327472895,0.328191706,25.90327801,123.077486,49.36121449,-1.176774491,0.499723231
2019,8,181,0.805581093,0.278042972,-0.667044163,0.551265371,24.789426,140.9809198,123.077486,1.893674529,0.805905851
2019,9,181,0.733240664,0.180383787,-0.669097185,0.541551974,26.06857538,171.3812504,140.9809198,1.395579788,0.756236258
2020,6,181,0.634159148,0.092830889,-0.657693803,0.37788008,29.95517289,56.52721526,171.3812504,0.448266251,0.661770941
2020,7,181,0.60228771,0.07767421,-0.587926507,0.472117805,30.51974412,90.15699148,56.52721526,0.298843121,0.646870591
2020,8,181,0.518292546,0.117182702,-0.455394298,0.494186981,27.20957815,164.7188196,90.15699148,0.060167459,0.623070052
2020,9,181,0.504017115,0.032546926,-0.542433381,0.409935886,28.40707469,61.7063396,164.7188196,-0.221455257,0.59498687
2021,6,181,0.621595562,0.09943267,-0.604961812,0.479000406,29.7451314,42.06560898,61.7063396,0.472186011,0.664156199
2021,7,181,0.65198046,0.113018669,-0.606850803,0.516873292,25.47208852,188.0631003,42.06560898,0.741902834,0.691052136
2021,8,181,0.731301188,0.192756802,-0.650321484,0.564742221,26.67951591,68.21405792,188.0631003,1.440387652,0.760704461
2021,9,181,0.642136693,0.030057907,-0.608935654,0.412132825,26.88082296,164.0601158,68.21405792,0.21226946,0.638237537
2022,6,181,0.447374552,-0.026200213,-0.48501873,0.322076613,31.15818119,48.65190792,164.0601158,-0.907252599,0.52659973
2022,7,181,0.764095902,0.204424784,-0.665171266,0.646546997,25.25024896,147.3590832,48.65190792,1.712613332,0.787850579
2022,8,181,0.833081067,0.279891312,-0.720373392,0.699782056,24.65452974,124.976799,147.3590832,2.426503432,0.859039105
2022,9,181,0.694950521,0.084429644,-0.654891968,0.485207531,24.69520055,111.5104198,124.976799,0.830337666,0.699870784
2023,6,181,0.620455682,0.091314428,-0.577138841,0.48421712,25.94293914,104.5509138,111.5104198,0.479605142,0.664896029
2023,7,181,0.769457459,0.223954409,-0.671634614,0.641877855,24.75124481,188.2630119,104.5509138,1.843616301,0.800914086
2023,8,181,0.790761352,0.230189115,-0.71220845,0.622705871,24.60047026,134.2495394,188.2630119,2.007872369,0.817293564
2023,9,181,0.730639756,0.190590501,-0.677180767,0.569155447,24.21987552,175.0500832,134.2495394,1.523589563,0.769001286
2024,6,181,0.614245117,0.079447478,-0.604214728,0.472505846,28.8946473,28.64282587,175.0500832,0.45226759,0.662169951
2024,7,181,0.681960702,0.120256767,-0.639965892,0.527635096,27.36990318,100.0433769,28.64282587,0.883548501,0.705176924
2024,8,181,0.806572795,0.214646459,-0.701901793,0.611170402,24.5495574,133.2182971,100.0433769,1.886125386,0.805153056
2024,9,181,0.760231495,0.165983945,-0.688665152,0.532389809,24.51618257,172.1241298,133.2182971,1.447270155,0.761390778
2025,6,181,0.59698081,0.078442335,-0.605863988,0.442163041,26.8571231,53.83734959,172.1241298,0.377240621,0.654688324
2025,8,181,0.794013202,0.191174001,-0.67107749,0.586933693,22.5974758,247.8948221,53.83734959,1.672844098,0.783884824
2025,9,181,0.666433573,0.033578806,-0.646467626,0.414385138,22.07589903,147.6090398,247.8948221,0.539796474,0.670898258
2019,6,182,0.118630886,-0.147974834,-0.259673655,0.082707222,42.72725709,55.78978506,113.6619987,-3.263724581,0.291614306
2019,7,182,0.126538113,-0.105961233,-0.248505548,0.097536806,33.1899907,440.7317715,55.78978506,-2.940005251,0.323895328
2019,8,182,0.748779416,0.270061225,-0.620065808,0.616982911,30.24986053,220.0135174,440.7317715,1.922295456,0.808759906
2019,9,182,0.412420392,0.208906353,-0.308742166,0.614829523,29.19859833,297.6646442,220.0135174,0.136508506,0.630682718
2020,6,182,0.194470048,-0.077311456,-0.329090923,0.123898221,36.78165969,80.42370725,297.6646442,-2.414024669,0.376345674
2020,7,182,0.21635884,-0.087128714,-0.269461066,0.145516153,32.91719665,201.9076663,80.42370725,-2.555340987,0.362253728
2020,8,182,0.732391596,0.266365916,-0.591378331,0.57814165,29.66580893,614.3629093,201.9076663,1.657757446,0.782380396
2020,9,182,0.60954392,0.126579508,-0.526028335,0.409648484,32.47200837,93.30051262,614.3629093,0.517579149,0.668682765
2021,6,182,0.271959454,-0.057551671,-0.341009736,0.177254211,37.6040516,61.34965706,93.30051262,-2.17552635,0.400128528
2021,7,182,0.330820769,0.052968036,-0.422578663,0.230542504,33.02724779,530.3194904,61.34965706,-1.238130683,0.493604843
2021,8,182,0.455928415,0.118381113,-0.391757458,0.485932284,30.23899582,219.783741,530.3194904,0.00717274,0.617785463
2021,9,182,0.26506421,-0.072073966,-0.332970023,0.179379947,29.70187587,543.1093636,219.783741,-1.97921435,0.419704597
2022,6,182,0.140533462,-0.08044675,-0.280655116,0.111896061,39.49112273,92.12289119,543.1093636,-2.561465235,0.361643024
2022,7,182,0.604506791,0.111500479,-0.498389512,0.481096512,28.93589958,505.1063385,92.12289119,0.348941945,0.651866404
2022,8,182,0.863977671,0.355593711,-0.702194333,0.749851035,30.68493026,271.8518639,505.1063385,2.989701171,0.915200715
2022,9,182,0.363500744,-0.067890607,-0.36214605,0.298806409,29.75645746,136.4224834,271.8518639,-1.468227209,0.470659809
2023,6,182,0.177718833,-0.117997617,-0.293565065,0.106484425,34.09594142,182.0587769,136.4224834,-2.754990704,0.342344825
2023,7,182,0.311298996,0.041037377,-0.315158129,0.281562848,29.42359833,491.3727951,182.0587769,-1.349302131,0.482518919
2023,8,182,0.797342956,0.293940902,-0.661186278,0.611645677,28.68688982,257.408823,491.3727951,2.251695319,0.841607386
2023,9,182,0.643183887,0.247005731,-0.551619887,0.563549641,30.28156904,392.950592,257.408823,1.255829279,0.742300453
2024,6,182,0.160429791,-0.10376592,-0.301849663,0.11919837,41.12848675,48.79948676,392.950592,-2.652489071,0.352566202
2024,7,182,0.230519712,-0.018431932,-0.229295671,0.294060862,31.6835007,369.0153913,48.79948676,-2.034616321,0.414179959
2024,8,182,0.836672366,0.334800661,-0.67342025,0.667562723,29.00888424,381.0098283,369.0153913,2.569658863,0.873314445
2024,9,182,0.590537667,0.241670638,-0.49789694,0.575233307,29.69433054,228.8897904,381.0098283,1.073988283,0.724167421
2025,6,182,0.110445529,-0.138477534,-0.269148469,0.079699573,35.62453278,93.71364892,228.8897904,-3.065426268,0.311388449
2025,7,182,0.360876054,-0.001643235,-0.375943631,0.254377039,29.16948861,518.7536602,93.71364892,-1.346132873,0.482834955
2025,8,182,0.606068671,0.069338538,-0.576691926,0.402595094,28.58605765,586.0118093,518.7536602,0.510876513,0.668014384
2025,9,182,0.428415596,0.012653716,-0.474695057,0.316814257,28.65143654,274.9801292,586.0118093,-0.515379844,0.565676955
2019,7,183,0.795149505,0.304334313,-0.667756319,0.632585087,23.79821528,194.7505379,53.19921708,2.118868577,0.828362014
2019,8,183,0.796666682,0.276243091,-0.66400826,0.593327519,22.85763889,193.4238582,194.7505379,2.033132599,0.819812493
2019,9,183,0.713551104,0.244301826,-0.6321069,0.444645662,22.02315972,168.3621283,193.4238582,1.34772104,0.751463823
2020,6,183,0.866084039,0.307179123,-0.790389061,0.51146002,25.14173611,61.09087366,168.3621283,2.334446973,0.849859312
2020,7,183,0.787961721,0.298344374,-0.669220924,0.644353453,25.55308333,132.8270004,61.09087366,2.083205711,0.824805742
2020,9,183,0.781420767,0.272592962,-0.672925472,0.444699705,22.95111806,56.86340842,278.8662682,1.705762023,0.787167372
2021,6,183,0.831413627,0.303244948,-0.673788846,0.621161745,26.07323611,54.02179146,56.86340842,2.128958817,0.829368204
2021,7,183,0.753275692,0.270727724,-0.640646935,0.594057476,25.10495139,281.2625828,54.02179146,1.768148183,0.793388468
2021,8,183,0.73529911,0.220715135,-0.620903075,0.521774547,24.08254861,105.2985778,281.2625828,1.476155381,0.764271189
2021,9,183,0.758289874,0.192605689,-0.660152614,0.388197119,22.39576389,236.3188839,105.2985778,1.168775849,0.733619558
2022,6,183,0.760323882,0.224558771,-0.676787436,0.525827956,26.24145833,68.18164051,236.3188839,1.621990631,0.778813759
2022,7,183,0.804526746,0.257573038,-0.666508317,0.606178055,23.16584722,231.1159329,68.18164051,1.946931223,0.811216564
2022,8,183,0.831526816,0.253231615,-0.721187413,0.539741889,23.30645139,180.9456024,231.1159329,2.064163901,0.822906909
2022,9,183,0.734860897,0.196394071,-0.655913949,0.381997618,21.81938889,106.6565344,180.9456024,1.135379002,0.730289252
2023,6,183,0.757021129,0.254654437,-0.632293284,0.574205941,23.69221528,139.6988659,106.6565344,1.681707518,0.784768677
2023,7,183,0.844112456,0.313121736,-0.715604126,0.620840597,23.11968056,282.8859901,139.6988659,2.422014121,0.858591435
2023,8,183,0.815172613,0.282141387,-0.710888743,0.546168818,22.7725625,181.709074,282.8859901,2.15382325,0.831847664
2023,9,183,0.807109714,0.272529393,-0.703876436,0.494901718,21.66477083,177.4934006,181.709074,1.924764464,0.809006113
2024,6,183,0.807666123,0.287847221,-0.697191417,0.62908277,25.79145833,32.41616321,177.4934006,2.173290693,0.833788942
2024,7,183,0.752434373,0.261172116,-0.657312632,0.574477792,25.76302778,158.7028465,32.41616321,1.684676634,0.785064755
2024,8,183,0.763528287,0.223789886,-0.647093177,0.485597199,22.90318056,218.5928201,158.7028465,1.491028212,0.765754295
2024,9,183,0.777979374,0.19607003,-0.663556039,0.424741423,22.78501389,183.8097463,218.5928201,1.367001065,0.753386411
2025,6,183,0.816218674,0.341792732,-0.721354187,0.607537362,23.72217361,54.90716481,183.8097463,2.415737407,0.857965526
2025,8,183,0.820122957,0.246068656,-0.668446004,0.505443235,20.62553472,365.4392586,54.90716481,1.775680341,0.794139568
2025,9,183,0.76458478,0.211012885,-0.684523404,0.345529117,20.40490972,188.0932884,365.4392586,1.385176599,0.755198861
2019,7,184,0.890154004,0.334509104,-0.773079515,0.46672137,20.3482663,84.61708546,48.22472029,2.328382418,0.849254559
2019,8,184,0.818574488,0.376383096,-0.688502669,0.296535847,20.45489598,112.997148,84.61708546,1.764318406,0.793006566
2019,9,184,0.834762514,0.311408997,-0.749411643,0.554492429,21.08638696,117.260376,112.997148,2.305808492,0.847003506
2020,6,184,0.827671945,0.248683125,-0.768340826,0.468277846,22.48097781,43.8947885,117.260376,1.906920106,0.807226688
2020,7,184,0.827454746,0.303926498,-0.738859177,0.616760829,24.62269071,48.01009935,43.8947885,2.27581082,0.844012163
2020,8,184,0.876288652,0.327956975,-0.780746579,0.604597185,23.12176838,139.9207354,48.01009935,2.574128866,0.87376019
2020,9,184,0.860869586,0.310445279,-0.786943614,0.550003743,24.12288488,59.60899639,139.9207354,2.405470628,0.856941731
2021,6,184,0.75410223,0.270191163,-0.719333649,0.544658193,25.49389043,34.79864216,59.60899639,1.795112658,0.796077343
2021,7,184,0.814299881,0.323148876,-0.744707108,0.586951075,21.60239945,118.5018835,34.79864216,2.305723767,0.846995057
2021,8,184,0.823315144,0.391804874,-0.692751825,0.400872132,23.44786408,59.45046043,118.5018835,2.03866516,0.820364196
2021,9,184,0.859762728,0.290613621,-0.765829623,0.523465914,20.50681692,145.8366241,59.45046043,2.24102187,0.840543038
2022,6,184,0.759721458,0.203918248,-0.707838953,0.50242561,24.42372399,45.13171911,145.8366241,1.535677948,0.77020673
2022,8,184,0.86413902,0.315007418,-0.756388009,0.609221859,21.67193481,99.85287046,45.13171911,2.465571451,0.862934935
2022,9,184,0.86272639,0.29624477,-0.793457329,0.505906124,21.11258669,87.63757849,99.85287046,2.298933751,0.846317963
2023,6,184,0.788328409,0.226802379,-0.683034658,0.576950919,21.85410541,93.97191906,87.63757849,1.785271972,0.795096038
2023,7,184,0.843157172,0.320666045,-0.750216603,0.646062766,20.14078363,123.1604137,93.97191906,2.559633465,0.872314721
2023,8,184,0.903828621,0.402619213,-0.798105896,0.681128911,20.01159501,101.4232788,123.1604137,3.170641077,0.933243891
2023,9,184,0.895484567,0.405674726,-0.808813989,0.665728692,20.13964632,127.223938,101.4232788,3.144052793,0.93059253
2024,6,184,0.690351009,0.088262886,-0.661962092,0.436637011,24.24821775,24.90719652,127.223938,0.732670795,0.690131525
2024,7,184,0.774688661,0.161045849,-0.721721709,0.487483782,22.09316921,64.28848839,24.90719652,1.383044768,0.754986276
2024,8,184,0.792800188,0.234425664,-0.704304039,0.543823761,20.68509015,122.3562667,64.28848839,1.803544177,0.796918127
2024,9,184,0.790270925,0.181902558,-0.726889551,0.441581089,21.85240638,145.8189175,122.3562667,1.477599371,0.764415182
2025,6,184,0.789967179,0.204678833,-0.700726032,0.558688652,21.46751734,37.05457966,145.8189175,1.746609638,0.791240662
2025,7,184,0.175355449,0.098434001,-0.129326046,0.61694462,17.24126214,119.5389802,37.05457966,-1.166331328,0.500764615
2025,8,184,0.885717511,0.313610792,-0.780166268,0.638710423,18.425957,223.4498196,119.5389802,2.740839845,0.89038447
2025,9,184,0.763849556,0.166402534,-0.72845155,0.378157762,19.590638,133.1245179,223.4498196,1.321480646,0.748847153
2019,7,185,0.392839104,0.194234222,-0.323873013,0.447413337,23.66377931,125.3855782,58.97159538,-0.352962709,0.581873056
2019,8,185,0.215554878,0.195465371,-0.166975245,0.509670218,22.19145517,92.39938641,125.3855782,-0.915304688,0.525796782
2019,9,185,0.612413883,0.182387948,-0.545798123,0.499360073,24.44346897,113.5065031,92.39938641,0.733388834,0.690203127
2020,6,185,0.66387552,0.145533279,-0.638656974,0.39554718,28.22865517,54.48785377,113.5065031,0.667535595,0.683636297
2020,7,185,0.506318152,0.086282104,-0.472774625,0.440251115,28.73013103,69.56530207,54.48785377,-0.206746551,0.59645361
2020,8,185,0.017375033,0.094357513,-0.020375336,0.085145402,26.76235172,145.5808134,69.56530207,-3.046546853,0.313271089
2020,9,185,0.623014748,0.158333823,-0.576169789,0.435510833,25.96434483,44.64201772,145.5808134,0.607947066,0.677694179
2021,6,185,0.636443079,0.136597157,-0.576204896,0.493522395,28.11175862,53.43577576,44.64201772,0.604377998,0.677338274
2021,7,185,0.564595938,0.10991545,-0.526463628,0.388163104,25.13871034,178.2210007,53.43577576,0.077185374,0.624767065
2021,8,185,0.069309033,0.061960902,-0.055771474,0.301414308,23.6207931,58.66710567,178.2210007,-2.39156354,0.378585479
2021,9,185,0.594699502,0.11777018,-0.492466986,0.292464197,24.15471724,188.8690166,58.66710567,-0.104554788,0.606644087
2022,6,185,0.657086253,0.119775318,-0.570247948,0.466398502,26.33671034,54.90123701,188.8690166,0.63199649,0.680092367
2022,7,185,0.446298838,0.15945223,-0.377594918,0.597340481,23.47528276,164.7671788,54.90123701,0.112367923,0.628275439
2022,8,185,0.777287304,0.26870057,-0.614578843,0.695833866,22.11691724,87.24190068,164.7671788,2.044103535,0.820906506
2022,9,185,0.68937844,0.195964798,-0.607723713,0.474695135,23.86857931,64.85756445,87.24190068,1.032586369,0.720038856
2023,6,185,0.691450596,0.184396103,-0.585957885,0.597722613,24.11317241,120.045578,64.85756445,1.211902672,0.737920129
2023,7,185,0.75902307,0.254637748,-0.613207221,0.652655524,21.94694943,180.715126,120.045578,1.852036773,0.801753768
2023,8,185,0.602194786,0.197795153,-0.517868757,0.573672374,21.49408276,92.47933793,180.715126,0.948002421,0.711604216
2023,9,185,0.7066136,0.212676063,-0.612359524,0.529256211,23.15222759,116.5591202,92.47933793,1.279410437,0.744651947
2024,6,185,0.531380892,0.032038063,-0.53937,0.37238564,28.77046207,29.93586016,116.5591202,-0.294469982,0.587705902
2024,7,185,0.465884864,0.014040561,-0.511179626,0.305124983,26.65890345,96.93385029,29.93586016,-0.725878399,0.544686214
2024,8,185,0.560000002,0.076199435,-0.498035789,0.442546584,20.82775172,116.7012239,96.93385029,0.076441305,0.624692867
2024,9,185,0.600409091,0.085766621,-0.579790652,0.345948406,24.35245517,122.1209034,116.7012239,0.146049402,0.631634128
2025,6,185,0.56622082,0.062310301,-0.522692502,0.42462697,22.89613103,47.26218599,122.1209034,0.038487346,0.62090813
2025,7,185,0.361554921,0.195199534,-0.312688589,0.486632948,19.93157931,160.4722397,47.26218599,-0.311332701,0.586024366
2025,8,185,0.709511578,0.170971707,-0.57994771,0.528368395,19.91218621,207.0494537,160.4722397,1.169288695,0.733670698
2025,9,185,0.620477796,0.093012705,-0.578715384,0.365956932,21.18311724,99.04343987,207.0494537,0.346956138,0.651668381
2019,7,186,0.214684412,-0.175166994,-0.338299692,0.104367449,34.29488079,575.6506195,83.42978549,-2.721097404,0.345724637
2019,8,186,0.681175172,0.19037433,-0.556280613,0.536003796,30.81845021,314.1457443,575.6506195,1.276287775,0.744340558
2019,9,186,0.390263855,0.096224092,-0.315942377,0.426084905,29.75903927,240.4791965,314.1457443,-0.645322451,0.552719186
2020,6,186,0.267851919,-0.113598496,-0.365132719,0.120852336,35.59036466,99.95948291,240.4791965,-2.313496997,0.38637021
2020,7,186,0.119266056,0.050891694,-0.090676881,0.175541744,30.88414446,330.8030182,99.95948291,-2.600294688,0.357770983
2020,8,186,0.489691466,0.099922843,-0.418055564,0.378906102,29.35364656,660.1447201,330.8030182,-0.180029102,0.599117852
2020,9,186,0.413134903,-0.039577838,-0.437671244,0.264531632,32.29995792,69.0576929,660.1447201,-0.965898833,0.520751576
2021,6,186,0.227520436,-0.133653849,-0.339279085,0.125460146,35.46592567,94.80088806,69.0576929,-2.625451386,0.355262378
2021,7,186,0.239330992,-0.061289858,-0.278539538,0.149445592,30.01557971,654.2169991,94.80088806,-2.253757695,0.392327363
2021,9,186,0.517450869,-0.008047631,-0.48253113,0.287077756,29.015554,322.244482,219.4498978,-0.661375048,0.551118435
2022,6,186,0.228901029,-0.123067655,-0.360313326,0.123640486,37.61259467,109.3019317,322.244482,-2.407603228,0.376986015
2022,7,186,0.655892909,0.090283751,-0.550122261,0.403640601,31.40970079,586.4976015,109.3019317,0.337717096,0.650747071
2022,8,186,0.730855882,0.180945069,-0.604384124,0.495155261,29.81515428,400.9846039,586.4976015,1.413470663,0.758020321
2022,9,186,0.474801064,0.08934778,-0.463585854,0.379206826,29.6816129,160.4423252,400.9846039,-0.199019492,0.597224146
2023,6,186,0.242486402,0.031294547,-0.233727291,0.163709779,34.34304348,203.6804972,160.4423252,-2.116149626,0.406049525
2023,7,186,0.232014552,0.021879686,-0.200075626,0.155489729,28.16962599,668.4346657,203.6804972,-2.071008835,0.410550927
2023,8,186,0.462872863,0.121497162,-0.445043862,0.33573328,28.71257363,420.1683054,668.4346657,-0.026812764,0.614396457
2023,9,186,0.427518427,0.069767445,-0.48498404,0.301874274,30.24940393,282.8224869,420.1683054,-0.4575994,0.571438773
2024,6,186,0.211788848,-0.078806274,-0.322275579,0.143698327,39.43484572,56.07327676,282.8224869,-2.401294419,0.377615124
2024,7,186,0.289311439,0.050954558,-0.27166155,0.260570792,31.68223001,464.4881325,56.07327676,-1.62554316,0.454972394
2024,8,186,0.625563502,0.209550112,-0.547589004,0.458022678,29.58101449,416.1201508,464.4881325,0.993401898,0.716131414
2024,9,186,0.360171974,0.134313181,-0.337800413,0.245835136,29.82180926,197.2279115,416.1201508,-0.874884471,0.529827453
2025,6,186,0.33112216,-0.005937235,-0.395942032,0.217655903,35.0083497,132.6206914,197.2279115,-1.544337335,0.463070171
2025,8,186,0.632751346,0.140694007,-0.533069551,0.410964261,28.04503039,802.2614889,132.6206914,0.530821336,0.670003265
2025,9,186,0.371804982,-0.036138296,-0.415674031,0.219095129,28.72124123,193.1556931,802.2614889,-1.038146651,0.513547084
2019,6,187,0.772307694,0.347931862,-0.651951015,0.492861866,23.03190741,95.67668068,88.51723671,1.881303674,0.804672239
2019,7,187,0.122930259,0.346760809,-0.12510556,0.356523248,19.09658333,179.1890545,95.67668068,-1.011486306,0.516205632
2019,8,187,0.318710834,0.268460721,-0.259512603,0.421611493,19.00386111,140.4780474,179.1890545,-0.339510913,0.583214458
2019,9,187,0.797014952,0.389587075,-0.700564981,0.480335268,19.77632639,142.2644148,140.4780474,2.243833187,0.84082338
2020,6,187,0.795741796,0.332399964,-0.676457763,0.312060254,24.72915278,92.5914042,142.2644148,1.55199823,0.771834175
2020,7,187,0.752635658,0.327367336,-0.66568625,0.535868782,22.99602083,100.0296242,92.5914042,1.901050726,0.806641399
2020,8,187,0.514551997,0.389327675,-0.293446451,-0.102116778,20.76042361,233.218112,100.0296242,-0.636730334,0.553575985
2020,9,187,0.857600451,0.44646588,-0.745933414,0.515148523,21.22478472,57.48305321,233.218112,2.771879713,0.89347974
2021,6,187,0.801442981,0.33531788,-0.687309086,0.526767142,23.565375,97.80395126,57.48305321,2.035340674,0.820032681
2021,7,187,0.691230416,0.375569344,-0.612257659,0.495387851,20.33915278,236.0032597,97.80395126,1.776172528,0.794188649
2021,8,187,0.751714885,0.366571903,-0.628218591,0.539512261,19.07904861,85.00715113,236.0032597,2.084713867,0.824956134
2021,9,187,0.810678005,0.428423762,-0.662477553,0.534205447,18.47541667,267.0149078,85.00715113,2.438004721,0.860186004
2022,6,187,0.78876406,0.331931889,-0.662305593,0.545242718,22.79196528,91.71515214,267.0149078,2.117205548,0.828196178
2022,7,187,-0.012482462,0.34251982,0.03995974,0.288598207,19.66527778,232.5065084,91.71515214,-1.859308132,0.431661545
2022,8,187,0.838459611,0.4109447,-0.676438808,0.545197494,18.26859722,136.7078013,232.5065084,2.566135726,0.872963121
2022,9,187,0.808259606,0.382819027,-0.694573641,0.440890512,20.04047222,82.95958924,136.7078013,2.127257541,0.829198554
2023,6,187,0.718363464,0.319104403,-0.595539331,0.561381231,20.31164583,199.5183067,82.95958924,1.736704467,0.790252927
2023,7,187,0.8199839,0.375390053,-0.676047385,0.579925914,20.19503472,248.9627914,199.5183067,2.460587552,0.862437945
2023,8,187,0.870319784,0.450816125,-0.745718718,0.584481733,17.24249074,142.3915396,248.9627914,3.042958524,0.920511493
2023,9,187,0.505576074,0.404604495,-0.441042274,0.414518525,19.74804861,145.4624271,142.3915396,0.903078432,0.707124433
2024,6,187,0.767113209,0.32316792,-0.667967618,0.52757518,24.62168056,50.13281631,145.4624271,1.908317534,0.807366039
2024,7,187,0.769241154,0.337490737,-0.660992801,0.550871898,21.7877037,140.4157887,50.13281631,1.989569019,0.815468369
2024,8,187,0.813924074,0.405744642,-0.668218851,0.535498672,18.879875,186.0917363,140.4157887,2.399331278,0.85632952
2024,9,187,0.824246287,0.413783848,-0.70033294,0.511716882,20.994625,152.7849405,186.0917363,2.46746418,0.863123677
2025,6,187,0.752625167,0.315215617,-0.636778951,0.533504907,20.21520833,75.19734019,152.7849405,1.854509839,0.80200038
2025,7,187,0.534352362,0.337271929,-0.42583251,0.603505775,17.69084722,218.6466109,75.19734019,1.120044911,0.728760149
2025,8,187,0.79509002,0.369041771,-0.670263767,0.509781638,19.20130787,305.835145,218.6466109,2.252877924,0.841725314
2025,9,187,0.797221184,0.342411339,-0.683862448,0.462522487,19.23081944,132.8031616,305.835145,2.116510239,0.828126842
2019,6,188,0.465961635,0.167421624,-0.529045284,0.420175433,28.56360996,77.31015536,77.13340712,0.082410242,0.625288084
2019,7,188,0.572139323,0.244864687,-0.440104157,0.201815082,22.41496542,276.1878433,77.31015536,-0.002891234,0.616781892
2019,8,188,0.617594123,0.370288461,-0.526250124,0.641365151,23.08919779,197.166739,276.1878433,1.785305952,0.795099426
2019,9,188,0.807723045,0.328635752,-0.70595628,0.584505685,22.77227524,261.0327816,197.166739,2.327554407,0.849171991
2020,6,188,0.633255959,0.201826483,-0.592047691,0.451847773,25.38202628,81.11556072,261.0327816,0.935226469,0.710330208
2020,7,188,0.597640812,0.331314504,-0.480958521,0.539611217,23.34544952,146.7962971,81.11556072,1.14595475,0.731343857
2020,8,188,0.859704673,0.404630274,-0.747601807,0.534144528,22.55973029,368.7971478,146.7962971,2.674116056,0.88373083
2020,9,188,0.833688676,0.318816125,-0.761934042,0.654393305,24.81483402,113.7442417,368.7971478,2.689736356,0.885288473
2021,6,188,0.575810373,0.229547948,-0.591873467,0.41053096,26.34624481,85.52153015,113.7442417,0.708089145,0.687680263
2021,7,188,0.62749356,0.230769232,-0.632653058,0.481130361,24.14558091,349.6414299,85.52153015,1.139120275,0.730662329
2021,8,188,0.720089495,0.327224493,-0.610054791,0.856260929,22.00795989,148.4317336,349.6414299,2.58600361,0.87494433
2021,9,188,0.788275003,0.284848481,-0.690665603,0.675607287,20.89438451,540.9750366,148.4317336,2.352691557,0.851678646
2022,6,188,0.508787751,0.148532733,-0.576859534,0.377081451,29.00965422,86.46564651,540.9750366,0.416419123,0.658595172
2022,8,188,0.606510758,0.286316812,-0.507542193,0.710793093,21.97939834,188.7632933,86.46564651,1.484030769,0.765056516
2022,9,188,0.541070879,0.333185405,-0.434156477,0.677951654,22.15383126,167.9194584,188.7632933,1.309320478,0.747634551
2023,6,188,0.539329827,0.197585076,-0.554684699,0.457091116,25.882213,168.0557995,167.9194584,0.59282885,0.676186603
2023,7,188,0.695512831,0.25858736,-0.643814325,0.563014854,23.50567773,387.3259506,168.0557995,1.653496636,0.781955511
2023,8,188,0.89741236,0.425572515,-0.780459762,0.898224929,21.35385201,215.8637209,387.3259506,3.840082174,1
2023,9,188,0.821722746,0.346841097,-0.738469183,0.696702092,22.62215768,313.1274929,215.8637209,2.76653123,0.892946394
2024,6,188,0.610162079,0.177533895,-0.630391061,0.455124645,29.61149378,44.02660418,313.1274929,0.873948508,0.704219621
2024,7,188,0.811601162,0.341841757,-0.701396465,0.807415872,23.52735131,230.5717363,44.02660418,2.748956747,0.891193881
2024,8,188,0.761290312,0.337743491,-0.673306763,0.797297297,22.05415399,284.6749613,230.5717363,2.68274114,0.884590916
2024,9,188,0.818164051,0.301018327,-0.740346849,0.664957673,22.52600277,268.1189613,284.6749613,2.575867552,0.873933571
2025,6,188,0.528499067,0.159245461,-0.573458076,0.406263469,22.54679806,65.01364061,268.1189613,0.457966105,0.662738202
2025,7,188,0.152941182,0.029297955,-0.153655514,0.248241206,19.79932918,343.0323644,65.01364061,-2.169945384,0.400685057
2025,8,188,0.856723368,0.362254113,-0.741353035,0.816003348,20.95069156,429.5040512,343.0323644,3.287009587,0.944848062
2025,9,188,0.539166987,0.198019803,-0.436519265,0.533606978,20.79062932,263.7431145,429.5040512,0.729033038,0.689768771
2019,6,189,0.488513231,0.101645701,-0.54966414,0.363178415,38.38628294,42.72326078,70.62480545,-0.298740375,0.587280062
2019,7,189,0.479358912,0.089168929,-0.442234844,0.37321275,32.70918169,611.9250278,42.72326078,-0.425111404,0.574678448
2019,9,189,0.731998086,0.262284607,-0.633093536,0.636482476,27.06261442,210.6447105,295.7849331,1.881421633,0.804684002
2020,6,189,0.475589216,0.066387139,-0.528334796,0.345154098,35.13225381,71.69627942,210.6447105,-0.400463932,0.577136274
2020,7,189,0.490161151,0.14264825,-0.46791181,0.493447203,29.59332178,318.3762045,71.69627942,0.100866934,0.62712857
2020,8,189,0.822157323,0.277575314,-0.70222348,0.682963216,29.00672677,638.7696037,318.3762045,2.469219948,0.86329876
2020,9,189,0.793819547,0.277234644,-0.720602095,0.625778788,29.40319001,79.65356287,638.7696037,2.40763849,0.857157909
2021,6,189,0.434027612,0.054403879,-0.482404828,0.302511154,34.28169209,47.37614346,79.65356287,-0.809211436,0.536376313
2021,7,189,0.577290297,0.092403933,-0.529439807,0.377170798,29.2274896,731.9379711,47.37614346,0.084281972,0.625474732
2021,8,189,0.328785092,0.162534431,-0.293817073,0.590369393,28.16425104,221.7720566,731.9379711,0.028113043,0.619873613
2021,9,189,0.73503834,0.242490843,-0.663560569,0.588745387,26.65031207,511.550209,221.7720566,1.807936356,0.797356111
2022,6,189,0.475366175,0.098116949,-0.52905196,0.320016733,35.54720527,87.48413575,511.550209,-0.163298959,0.600786167
2022,8,189,0.702898204,0.261183381,-0.600455701,0.726565521,28.87855756,306.7257366,87.48413575,1.801949516,0.796759109
2022,9,189,0.707197309,0.324547648,-0.600277603,0.660318995,27.23115811,169.7894258,306.7257366,2.006298633,0.817136632
2023,6,189,0.523465693,0.114559263,-0.576833248,0.368068052,33.17951456,163.0019588,169.7894258,0.046575555,0.621714679
2023,7,189,0.548085928,0.140138,-0.571684599,0.441499588,28.36567268,795.6691589,163.0019588,0.516963248,0.668621348
2023,8,189,0.828371286,0.323675871,-0.676435173,0.673461959,27.08051318,258.7553539,795.6691589,2.800696114,0.896353288
2023,9,189,0.789182484,0.311313629,-0.682151496,0.640048186,27.48317614,276.8797207,258.7553539,2.277859964,0.844216502
2024,6,189,0.543128848,0.1171939,-0.574892998,0.413984657,36.06536755,41.88662918,276.8797207,0.201082648,0.637121998
2024,7,189,0.504551172,0.12976639,-0.459748685,0.420490958,29.27253121,485.171216,41.88662918,-0.072075362,0.609882909
2024,8,189,0.841802895,0.302093089,-0.7432037,0.650792566,27.53392973,487.7693083,485.171216,2.712254524,0.887533966
2024,9,189,0.632162094,0.2819345,-0.56063062,0.514727291,27.53005548,234.0833251,487.7693083,1.408677483,0.757542349
2025,6,189,0.53433162,0.090873033,-0.541938663,0.382265293,33.90219834,85.08870525,234.0833251,-0.044453902,0.612637298
2025,7,189,0.701314211,0.209239125,-0.595696986,0.55024372,28.40184466,735.6662784,85.08870525,1.315786281,0.748279316
2025,8,189,0.814518034,0.272957414,-0.695088685,0.662000746,25.9219926,630.2027054,735.6662784,2.671519107,0.883471864
2025,9,189,0.747590661,0.271028042,-0.656732678,0.593728223,26.71903606,238.3949165,630.2027054,2.124678031,0.828941327
2018,6,190,0.19299905,-0.08705882,-0.35518539,0.127555806,39.76713758,71.70811152,106.3322372,-2.53850098,0.363933
2019,6,190,0.163002267,-0.073550671,-0.307185829,0.099150178,38.2956879,58.60080718,71.70811152,-2.740579464,0.343781902
2019,7,190,0.36766839,0.153224289,-0.430457473,0.26501659,29.54320637,371.144001,58.60080718,-0.719040634,0.54536807
2019,8,190,0.358490795,0.334815115,-0.249286622,0.447300253,28.79772161,247.6048589,371.144001,0.018393893,0.618904427
2019,9,190,0.559162021,0.197288364,-0.525844634,0.481380563,27.07396814,238.3797503,247.6048589,0.66895619,0.683777958
2020,6,190,0.29093051,-0.030809319,-0.356870592,0.158817075,35.12306787,75.79680253,238.3797503,-1.923700599,0.425240382
2020,7,190,0.583116233,0.227568269,-0.498609453,0.447901441,29.13612188,198.2180962,75.79680253,0.542722268,0.671190016
2020,8,190,0.705489874,0.261595875,-0.587390721,0.60970079,28.78236842,526.4589024,198.2180962,1.634711796,0.780082302
2020,9,190,0.310109556,-0.011509215,-0.423085213,0.254394539,29.7359072,103.5730178,526.4589024,-1.197671131,0.497639436
2021,6,190,0.281751782,0.009276918,-0.416935354,0.191947644,33.72518006,68.95555687,103.5730178,-1.662965961,0.451240623
2021,7,190,0.483682662,0.076626875,-0.550748765,0.293001223,30.79129963,478.5459719,68.95555687,-0.363450065,0.580827266
2021,8,190,0.634649694,0.224552035,-0.552758932,0.559270266,27.73065097,196.091938,478.5459719,1.286569395,0.745365832
2021,9,190,0.586980939,0.157381907,-0.524605989,0.406937428,27.19243075,520.6942368,196.091938,0.452237289,0.662166929
2022,6,190,0.187560737,-0.056695994,-0.323148161,0.115978607,36.92772161,86.36261165,520.6942368,-2.253426792,0.392360361
2022,8,190,0.787851274,0.29501313,-0.644845963,0.624079088,28.33088643,215.6919546,86.36261165,1.96689638,0.813207473
2022,9,190,0.624366283,0.159672156,-0.546465814,0.509216866,27.48126039,173.5456892,215.6919546,0.757673865,0.69262481
2023,6,190,0.2118451,-0.064707942,-0.35184136,0.119909096,32.15514543,158.1748734,173.5456892,-2.293007627,0.388413393
2023,7,190,0.797079921,0.296655357,-0.694707692,0.645298211,28.92129271,474.7950287,158.1748734,2.24603754,0.841043197
2023,8,190,0.75282079,0.223219186,-0.652647197,0.504537141,27.43831025,224.2605495,474.7950287,1.661962042,0.782799674
2023,9,190,0.671203136,0.180942625,-0.626684964,0.454294186,27.47294321,262.9724007,224.2605495,1.022510161,0.719034065
2024,6,190,0.22720848,-0.067620903,-0.385923535,0.130233443,36.73851801,43.34844066,262.9724007,-2.19058588,0.398626804
2024,7,190,0.827977657,0.341548562,-0.720502377,0.695086107,28.50243767,354.4350796,43.34844066,2.543159769,0.870671978
2024,8,190,0.834343374,0.341922313,-0.724786043,0.68826759,26.2590097,429.464631,354.4350796,2.790526703,0.895339203
2024,9,190,0.641993701,0.107236244,-0.610863864,0.4392985,28.18475069,233.8683193,429.464631,0.756245528,0.692482378
2025,6,190,0.176346794,-0.049953416,-0.316744953,0.130922603,31.6725831,75.18489238,233.8683193,-2.352688035,0.382462112
2025,7,190,0.842981219,0.355110079,-0.695199013,0.839146761,26.78543167,493.0335894,75.18489238,2.947328637,0.910975361
2025,8,190,0.713964581,0.194312796,-0.620616376,0.534224417,27.22012927,540.7015457,493.0335894,1.547786037,0.771414138
2025,9,190,0.459543556,0.010726073,-0.500399888,0.279740552,26.95821791,261.0416565,540.7015457,-0.484652596,0.56874105
2019,7,191,0.08996734,0.163409889,-0.014714141,0.193803544,12.07833102,333.5822802,227.8532473,-2.112061088,0.406457231
2019,8,191,0.030112045,0.172853589,-0.01940402,0.330645161,12.83804709,232.2741756,333.5822802,-1.862173544,0.431375809
2019,9,191,0.403061211,0.036801018,-0.373528361,0.367986916,17.91690443,320.2451477,232.2741756,-0.693489006,0.547916057
2020,6,191,-0.028759245,0.340782136,0.01185372,0.066365956,7.29732687,255.2331701,320.2451477,-2.020856853,0.415552041
2020,7,191,0.148512736,0.05316801,-0.139861643,0.107041812,13.70626039,175.299091,255.2331701,-2.281751143,0.38953588
2020,8,191,-0.000153399,0.19177787,0.028625723,0.197622745,14.34771468,458.8399324,175.299091,-2.344144815,0.383314035
2020,9,191,0.432913154,0.037916452,-0.407958359,0.368471562,16.35226454,140.7649122,458.8399324,-0.417026437,0.575484675
2021,6,191,-0.008403362,0.403934687,-0.060050569,-0.015803663,11.23355263,262.8497086,140.7649122,-1.936924553,0.4239217
2021,7,191,0.115549162,0.05689941,-0.103236273,0.127322326,11.08186288,383.3279533,262.8497086,-2.303918463,0.387325373
2021,8,191,0.032773111,0.062723584,-0.015702479,0.117117117,17.61382964,192.4898281,383.3279533,-2.739069795,0.343932445
2021,9,191,0.298717558,0.038132295,-0.278325111,0.324435924,15.76655817,572.0783768,192.4898281,-1.184892778,0.498913683
2022,6,191,0.253214478,0.037821736,-0.259615332,0.150101167,14.4548338,246.0671244,572.0783768,-1.524660298,0.465032348
2022,7,191,0.053619303,0.084324881,-0.085635357,0.101807076,12.54979917,381.3881502,246.0671244,-2.474424203,0.370322683
2022,8,191,0.519517124,0.055338178,-0.479623824,0.412808342,13.83578947,230.4441519,381.3881502,0.097752251,0.626817977
2022,9,191,0.251123011,0.014406235,-0.299287528,0.239986434,16.06292244,214.7734008,230.4441519,-1.554957497,0.462011137
2023,6,191,-0.029725609,0.349923313,0.02303263,-0.064473099,10.115741,447.5886488,214.7734008,-2.369996428,0.380736134
2023,7,191,0.482376963,0.063547753,-0.409693748,0.355217024,15.27907664,452.6984863,447.5886488,-0.180592827,0.599061637
2023,8,191,0.032449462,0.088914484,-0.010678808,0.112715472,15.20147507,219.1577606,452.6984863,-2.595215998,0.358277426
2023,9,191,0.328455716,0.08977627,-0.31064707,0.309042632,16.04203601,248.20574,219.1577606,-0.956839543,0.521654961
2024,6,191,0.04855879,0.088952176,-0.059670124,0.138603464,12.80787396,129.2785778,248.20574,-2.502481457,0.367524837
2024,7,191,0.156902656,0.062319964,-0.127040878,0.061576159,18.23558633,280.9745684,129.2785778,-2.477917477,0.369974336
2024,8,191,0.303270638,0.030475784,-0.277006775,0.107208808,13.63834488,379.3037953,280.9745684,-1.638332216,0.453697079
2024,9,191,0.308238626,0.048830271,-0.301766783,0.290523275,18.51785319,293.492732,379.3037953,-1.121226445,0.505262436
2025,6,191,0.009961082,0.049827136,0.022564802,0.125856809,17.61756925,174.8282642,293.492732,-2.962540312,0.321648151
2025,7,191,0.344709903,0.094772629,-0.308970094,0.438177874,15.70783241,417.9796143,174.8282642,-0.614135592,0.555829114
2025,8,191,0.374090254,0.048685238,-0.355672568,0.475732992,14.13924515,465.2004147,417.9796143,-0.329789667,0.584183853
2025,9,191,0.315828949,-0.038894247,-0.284040987,0.297769221,17.11041551,298.4183998,465.2004147,-1.350667527,0.482382763
2019,6,192,0.333030641,-0.030001435,-0.39068523,0.230078826,42.84513213,26.87162514,47.09201729,-1.818595037,0.435721421
2019,7,192,0.424657524,0.02526186,-0.38359201,0.314215728,33.68669912,489.9958057,26.87162514,-1.072069887,0.510164287
2019,8,192,0.785887122,0.3317011,-0.660654902,0.645859875,30.96068846,271.2275476,489.9958057,2.399947338,0.856390953
2019,9,192,0.782129765,0.336515516,-0.658692181,0.631797508,28.82929764,214.9633713,271.2275476,2.251345534,0.841572505
2020,6,192,0.233406588,0.015311331,-0.299651563,0.173073245,38.49385257,50.85397893,214.9633713,-2.061125826,0.411536453
2020,7,192,0.432439506,0.244795218,-0.352284461,0.326389569,30.97056328,247.7868268,50.85397893,-0.370195212,0.580154645
2020,8,192,0.830540717,0.353359252,-0.704598725,0.650942369,29.68963839,616.5732222,247.7868268,2.617989468,0.878133933
2020,9,192,0.811371863,0.387556493,-0.712822676,0.66441852,31.98582754,81.83746183,616.5732222,2.834129194,0.899687207
2021,6,192,0.269000262,-0.026186962,-0.356176466,0.186820339,39.05700974,28.69473982,81.83746183,-2.052446439,0.412401954
2021,7,192,0.498253793,0.210209355,-0.508196712,0.2784689,31.12278164,596.5173187,28.69473982,-0.025250029,0.614552292
2021,8,192,0.629094183,0.285248429,-0.513853908,0.591140854,29.48463839,212.9534187,596.5173187,1.509697323,0.767615963
2021,9,192,0.824611723,0.36466369,-0.69350189,0.648866184,28.09687761,541.0183601,212.9534187,2.595184227,0.875859813
2022,6,192,0.270851254,0.019536903,-0.360038608,0.196609064,39.38244089,61.23869854,541.0183601,-1.576630358,0.459849937
2022,8,192,0.802797318,0.334396243,-0.68746388,0.623252837,30.45190542,294.9313812,61.23869854,2.203042144,0.836755731
2022,9,192,0.754182577,0.374960184,-0.642212451,0.663785123,28.95718359,155.6743555,294.9313812,2.351435941,0.851553437
2023,6,192,0.326931477,0.021840315,-0.382446557,0.242036951,34.96438804,108.6725655,155.6743555,-1.469296294,0.470553201
2023,7,192,0.429643542,0.240705565,-0.407044142,0.312898524,30.00819193,565.638588,108.6725655,-0.178678445,0.599252538
2023,8,192,0.827054799,0.368103594,-0.719581008,0.655814476,28.60062587,251.1912823,565.638588,2.84495406,0.900766653
2023,9,192,0.749766409,0.348673373,-0.667506695,0.608293183,29.29716968,285.2697601,251.1912823,2.186138428,0.835070107
2024,6,192,0.286921918,-0.011427597,-0.328372091,0.229643724,39.59098748,28.34093138,285.2697601,-1.815669636,0.43601314
2024,7,192,0.512669861,0.347784221,-0.429654509,0.322551355,32.00680111,410.7590742,28.34093138,0.327364979,0.649714767
2024,8,192,0.862118661,0.371549904,-0.738506377,0.63040118,28.50269124,467.6246278,410.7590742,2.869215088,0.903185943
2024,9,192,0.754512429,0.354114175,-0.631326973,0.639409935,29.13993046,230.5385449,467.6246278,2.323597248,0.848777386
2025,6,192,0.125971332,-0.021172024,-0.163781285,0.148278087,33.88036857,61.43342689,230.5385449,-2.722632251,0.345571583
2025,7,192,0.499676794,0.326851577,-0.420698106,0.325364088,29.38917942,617.4541068,61.43342689,0.309023578,0.647885777
2025,8,192,0.787520707,0.313701868,-0.649992228,0.583885863,27.25313862,625.3367805,617.4541068,2.378387407,0.854241015
2025,9,192,0.747288764,0.260094583,-0.664584339,0.572185001,28.07148818,243.4845924,625.3367805,2.039719974,0.820469381
2019,7,193,0.544089735,0.216861859,-0.603859007,0.33905262,27.58338889,482.1596413,91.81834358,0.517453882,0.668670274
2019,8,193,0.534782588,0.291384667,-0.415964693,0.559143172,23.57688194,335.3497314,482.1596413,1.050172689,0.72179255
2019,9,193,-0.04676871,0.181384996,0.064519897,-0.50584865,22.68456944,234.7595682,335.3497314,-4.163598024,0.201879676
2020,6,193,0.518603027,0.173782498,-0.601785481,0.261287001,27.1155,112.2582749,234.7595682,0.163823303,0.633406527
2020,7,193,-0.001998668,0.193281293,0.039435718,0.336538462,25.33736806,341.5922157,112.2582749,-2.263600414,0.391345855
2020,9,193,0.569829106,0.25549528,-0.48164627,0.38942581,25.24152083,66.73411476,609.4707203,0.793612497,0.696208581
2021,6,193,0.500258684,0.154275894,-0.552462518,0.314042608,29.22682639,108.7274704,66.73411476,-0.073627951,0.609728086
2021,7,193,0.507054806,0.210598812,-0.504225314,0.391496991,25.25785185,610.1769638,108.7274704,0.361021105,0.653070928
2021,8,193,-0.017683489,0.100776084,0.041254748,0.316433662,22.21793519,200.1243973,610.1769638,-2.33281159,0.384444175
2021,9,193,0.352379948,0.27022773,-0.317373276,0.308286832,24.23098611,327.6774464,200.1243973,-0.388417078,0.578337576
2022,6,193,0.445635527,0.122695737,-0.50891459,0.26415925,32.12254861,114.0224257,327.6774464,-0.383110164,0.578866777
2022,7,193,0.532741427,0.202437967,-0.465640754,0.418519487,25.385125,568.2304449,114.0224257,0.351301384,0.652101685
2022,8,193,0.783115506,0.274103999,-0.622629404,0.452966656,24.56933333,394.031929,568.2304449,1.840911017,0.800644317
2022,9,193,0.547076941,0.263634086,-0.441100597,0.413558578,23.20285417,160.3653187,394.031929,0.638309478,0.680721893
2023,6,193,0.2262429,0.157000303,-0.227833822,0.326381506,27.27657639,214.3333683,160.3653187,-1.297626774,0.487671942
2023,7,193,0.159658775,0.148892,-0.122937657,0.392313881,24.7879213,628.6758461,214.3333683,-1.425128776,0.474957549
2023,8,193,0.314096987,0.229603514,-0.24396348,0.278164608,20.84758333,409.0278931,628.6758461,-0.521025369,0.565113988
2023,9,193,0.665855646,0.27895391,-0.640575051,0.32544496,24.84133333,278.2946434,409.0278931,1.237872622,0.740509831
2024,6,193,0.472631902,0.15294084,-0.515507877,0.322009554,33.59761111,59.14344025,278.2946434,-0.140901509,0.603019622
2024,7,193,0.256978571,0.13919121,-0.214384168,-0.213554824,24.06219907,456.9105186,59.14344025,-2.485276347,0.369240516
2024,8,193,-0.030530386,0.11267139,0.055814739,0.295662866,24.47959722,407.451915,456.9105186,-2.484099383,0.369357882
2024,9,193,0.369536877,0.218729794,-0.28972888,0.453957349,24.26905556,196.4021183,407.451915,-0.164554823,0.600660934
2025,6,193,0.546793342,0.221763596,-0.611482322,0.373161282,28.77800463,153.6689,196.4021183,0.617682039,0.678664942
2025,8,193,-0.023780733,0.190757126,0.040412046,0.448328267,24.21833333,800.8591871,153.6689,-1.94431344,0.423184887
2025,9,193,0.336117536,0.173440412,-0.28131026,0.331270121,22.1652963,184.7371597,800.8591871,-0.408692315,0.576315746
2019,7,194,0.467950344,-0.072953388,-0.498620361,0.296236882,28.33329624,118.6493797,54.93968574,-1.061581063,0.511210224
2019,8,194,0.624729514,0.047638029,-0.563820302,0.397599843,26.17731572,149.2940445,118.6493797,0.131588473,0.630192097
2019,9,194,0.561586916,-0.01759278,-0.545029581,0.316301803,26.51867872,155.3855343,149.2940445,-0.430509086,0.574140196
2020,6,194,0.446179152,-0.110938482,-0.514282107,0.199065303,31.7388178,58.64506529,155.3855343,-1.404474926,0.477017134
2020,7,194,0.393141448,-0.117282793,-0.438313693,0.239847574,32.48909597,87.87392366,58.64506529,-1.694879706,0.448058211
2020,8,194,0.487079889,-0.075161807,-0.488813281,0.30223694,28.25361613,168.0019522,87.87392366,-1.00594738,0.516757969
2020,9,194,0.51471597,-0.077625573,-0.526573718,0.272488123,28.77050765,53.95126823,168.0019522,-0.909403375,0.526385256
2021,6,194,0.503781259,-0.045538008,-0.499854952,0.316624621,31.09282337,47.71382713,53.95126823,-0.893895349,0.527931704
2021,7,194,0.450443476,-0.087330587,-0.461691827,0.281243678,26.88718359,184.2791204,47.71382713,-1.241218116,0.493296967
2021,8,194,0.53374356,-0.088370875,-0.524165392,0.29948906,28.38187065,69.37195587,184.2791204,-0.831939088,0.534109931
2021,9,194,0.460378349,-0.134884626,-0.486291051,0.229465008,28.35425591,156.9929085,69.37195587,-1.444182806,0.473057497
2022,6,194,0.33373934,-0.172960728,-0.426662207,0.193243529,32.35977051,55.70268798,156.9929085,-2.083201951,0.40933504
2022,7,194,0.4106583,-0.141385227,-0.443232834,0.244311824,26.50624478,149.1803074,55.70268798,-1.630040145,0.454523958
2022,8,194,0.57151705,-0.015897635,-0.531683743,0.350151745,26.37657163,131.4289837,149.1803074,-0.363346277,0.580837615
2022,9,194,0.537386417,-0.059164993,-0.532921076,0.308971835,25.91257302,96.98235226,131.4289837,-0.681570872,0.549104524
2023,6,194,0.453115672,0.018015834,-0.440307498,0.363654316,26.53485396,121.1729956,96.98235226,-0.731008365,0.544174658
2023,7,194,0.605540931,0.021805439,-0.579428852,0.390606851,25.97255911,190.1635752,121.1729956,0.037594099,0.620819056
2023,8,194,0.609033942,0.016252341,-0.576504886,0.367116201,25.24153686,133.3431311,190.1635752,0.008970619,0.617964746
2023,9,194,0.585223615,-0.0010202,-0.559948981,0.341760654,26.60562587,161.6605225,133.3431311,-0.242318372,0.592906417
2024,6,194,0.404078454,-0.110698186,-0.473737091,0.248699557,30.40158554,31.22372124,161.6605225,-1.466635866,0.470818496
2024,7,194,0.373457432,-0.142084852,-0.450164795,0.224092083,28.73578581,100.0009937,31.22372124,-1.794500598,0.438124098
2024,8,194,0.475016236,-0.079197891,-0.504301786,0.27027027,26.04052156,146.5714307,100.0009937,-1.048269831,0.512537609
2024,9,194,0.504497468,-0.099791594,-0.503000736,0.276627514,26.54548679,163.643644,146.5714307,-1.015710967,0.515784352
2025,6,194,0.345288932,-0.139280677,-0.44309783,0.211537791,30.57436718,56.98707345,163.643644,-1.839875426,0.433599358
2025,8,194,0.360866636,-0.180428132,-0.448126793,0.202985757,26.30151599,261.7106724,56.98707345,-1.922087386,0.42540125
2025,9,194,0.443699956,-0.118463352,-0.47505936,0.242366961,24.1333936,157.3730812,261.7106724,-1.250842521,0.492337229
2019,7,195,0.050896134,-0.155242845,-0.08373116,0.035056798,35.27418182,506.9532051,70.78327489,-3.799799219,0.23815739
2019,8,195,0.089084826,0.071846724,-0.119724914,0.057568375,30.55391608,265.1025681,506.9532051,-2.542266882,0.363557467
2019,9,195,0.108130261,0.090767205,-0.083423644,0.176630807,28.99954545,297.228157,265.1025681,-2.38644371,0.379096024
2020,6,195,0.126830593,-0.097479597,-0.209132925,0.041080415,36.57506993,87.87300271,297.228157,-3.090710315,0.308867145
2020,7,195,0.154075548,-0.015439696,-0.156950668,0.1403477,32.25365035,220.5264107,87.87300271,-2.7129089,0.346541187
2020,8,195,0.13931562,0.133648649,-0.140576601,0.109243069,30.09828671,667.8172359,220.5264107,-2.15682267,0.401993643
2020,9,195,0.141483516,0.063206919,-0.157739192,0.085622844,31.78098601,85.84148715,667.8172359,-2.256081265,0.392095659
2021,6,195,0.172125429,-0.126760557,-0.19971469,0.091889881,35.79490909,73.81778145,85.84148715,-3.124943555,0.305453435
2021,7,195,0.14717938,-0.118710771,-0.168498412,0.094926354,33.59816783,589.4198513,73.81778145,-3.096901412,0.308249774
2021,8,195,0.124987848,-0.001881705,-0.081309877,0.138835589,29.90590909,243.7787209,589.4198513,-2.566348736,0.361156045
2021,9,195,0.162518412,-0.087444954,-0.155731902,0.089135195,29.23751748,543.1677055,243.7787209,-2.85072097,0.332798683
2022,6,195,0.129425421,-0.153863892,-0.17038928,0.079594532,39.1419021,106.2935324,543.1677055,-3.154935205,0.302462692
2022,7,195,-0.024462128,0.072238415,-0.057170235,-0.014666384,31.21917483,538.6386242,106.2935324,-3.298900961,0.288106547
2022,8,195,0.121594682,-0.007642563,-0.153793573,0.069318182,30.67371329,346.5602932,538.6386242,-2.595392707,0.358259804
2022,9,195,0.145065397,0.080972821,-0.188745603,0.101632789,29.69776923,156.8092444,346.5602932,-2.240582299,0.393641203
2023,6,195,0.150914103,-0.10609258,-0.172273368,0.105144386,34.55390909,226.4705515,156.8092444,-3.047754619,0.313150651
2023,7,195,0.15692848,0.058943946,-0.158301771,0.150468627,28.81220047,537.9009552,226.4705515,-2.240614437,0.393637998
2023,8,195,0.052969363,-0.007289434,-0.08693058,0.031056916,28.7331958,327.2746143,537.9009552,-2.965860312,0.321317083
2023,9,195,0.144010767,0.014549525,-0.143487856,0.079809055,30.02564336,382.5270042,327.2746143,-2.590514302,0.358746275
2024,6,195,0.12718758,-0.118554667,-0.164202571,0.104853381,40.81637063,59.04837799,382.5270042,-3.131841523,0.304765575
2024,7,195,0.147755504,-0.084308177,-0.145340547,0.115350925,31.12244755,397.4805193,59.04837799,-3.007138916,0.317200815
2024,8,195,0.041962557,0.043984476,-0.109278351,0.023708783,29.21478322,416.5241322,397.4805193,-2.858203674,0.332052514
2024,9,195,0.166598022,0.091108777,-0.138395458,0.183766549,30.16574825,224.1005817,416.5241322,-2.047093438,0.412935751
2025,6,195,0.233750001,-0.098218367,-0.264573991,0.138262477,34.48457343,103.2997928,224.1005817,-2.531674542,0.364613727
2025,8,195,-0.017844398,0.042424243,-0.015498155,-0.009040284,28.99855012,690.7437181,103.2997928,-3.413718997,0.276656988
2025,9,195,0.118755147,-0.106471285,-0.168247595,0.072245889,28.81161305,247.4789963,690.7437181,-2.791571708,0.338696998
2018,6,196,0.366174042,-0.046782508,-0.457092822,0.230665793,33.03729917,78.41730428,133.6764374,-1.456470549,0.471832173
2019,6,196,0.549798489,0.093109749,-0.575140834,0.345836325,32.11862419,73.25510061,78.41730428,-0.082049428,0.608888303
2019,7,196,0.407522649,0.090717442,-0.401981086,0.32696287,26.37227147,323.4060955,73.25510061,-0.732019668,0.544073812
2019,8,196,0.789863169,0.292598188,-0.648109794,0.608832961,24.42810249,236.4025164,323.4060955,2.138398631,0.830309534
2019,9,196,0.685980439,0.213500187,-0.589545846,0.550060834,24.12062327,300.2007523,236.4025164,1.343229536,0.751015934
2020,6,196,0.55361706,0.071023948,-0.585172117,0.311738621,29.64148892,89.06986789,300.2007523,-0.026050228,0.614472497
2020,7,196,0.509212732,0.165312216,-0.451469988,0.529818531,25.34717452,172.3057795,89.06986789,0.294147366,0.646402334
2020,8,196,0.483822018,0.209064797,-0.392169595,0.377522052,25.49819021,489.5819225,172.3057795,0.02214443,0.619278428
2020,9,196,0.82290107,0.260703593,-0.706998408,0.523375453,26.21764543,127.9109859,489.5819225,2.114758817,0.827952192
2021,6,196,0.551074445,0.092596531,-0.570592344,0.355309404,28.91950831,88.51225471,127.9109859,0.003225742,0.617391872
2021,7,196,0.527790546,0.127315208,-0.54769659,0.405941248,26.02732225,392.4454575,88.51225471,0.197768584,0.636791522
2021,8,196,0.529856384,0.206575349,-0.45506829,0.533574359,24.76441136,188.4169846,392.4454575,0.693047938,0.686180367
2021,9,196,0.776760757,0.233912155,-0.670172095,0.529721862,23.29764543,670.6698303,188.4169846,1.808791608,0.797441396
2022,6,196,0.422155678,0.032363784,-0.509470642,0.275669573,31.32558172,98.02047968,670.6698303,-0.487672309,0.568439927
2022,8,196,0.671175778,0.240504205,-0.561485291,0.641089234,23.93875346,201.4493833,98.02047968,1.431354872,0.759803719
2022,9,196,0.375160068,0.134063497,-0.310219109,0.452480266,23.7109349,228.8395039,201.4493833,-0.504153409,0.566796446
2023,6,196,0.467263579,0.063260339,-0.539973199,0.295012496,28.21199446,174.4877186,228.8395039,-0.393101731,0.577870426
2023,7,196,0.543844759,0.150584772,-0.511571169,0.49502077,24.38819021,428.8289223,174.4877186,0.502353947,0.667164521
2023,8,196,0.800873339,0.266937673,-0.647622824,0.623734305,23.53367729,219.3905334,428.8289223,2.182146839,0.834672069
2023,9,196,0.78493458,0.240247667,-0.681565702,0.517461903,24.35635042,297.0740376,219.3905334,1.779340831,0.794504589
2024,6,196,0.493887752,0.07912223,-0.55342555,0.33753874,31.17699446,49.50548664,297.0740376,-0.176437906,0.599475963
2024,7,196,0.679585576,0.164225683,-0.600686729,0.46006598,25.54611265,307.8154383,49.50548664,0.860400987,0.702868673
2024,8,196,0.336615026,0.189488009,-0.289369166,0.157953193,23.65914127,401.0014093,307.8154383,-0.999998836,0.517351152
2024,9,196,0.675279856,0.239574537,-0.569457769,0.416724767,24.64227147,284.1468576,401.0014093,1.158603434,0.732605173
2025,6,196,0.536207557,0.114231512,-0.553970754,0.374420456,27.4484626,75.58179803,284.1468576,0.159070949,0.632932626
2025,7,196,0.399593055,0.130777732,-0.331466317,0.498963236,22.75736842,429.3379607,75.58179803,-0.335965836,0.58356797
2025,8,196,0.186229333,0.149171278,-0.16942811,0.506329114,23.02956371,498.5025349,429.3379607,-0.875043604,0.529811584
2025,9,196,0.683339596,0.094576426,-0.596385539,0.365732656,22.81652355,326.7779083,498.5025349,0.736799018,0.690543188
2019,7,197,0.475028127,0.17804572,-0.42993921,0.385131139,26.12138426,451.1699638,77.54006428,-0.068788356,0.610210686
2019,8,197,0.745397985,0.273311883,-0.620216608,0.526347139,24.8544375,332.2773027,451.1699638,1.82319997,0.798878186
2019,9,197,0.477140516,0.232005343,-0.410798669,0.425249499,23.2476875,209.4397869,332.2773027,0.305527497,0.647537151
2020,6,197,0.858420908,0.341071874,-0.819279194,0.474098856,27.91314583,100.5546823,209.4397869,2.415396796,0.857931561
2020,7,197,0.150203735,0.078098245,-0.129882678,0.354114218,24.75994444,293.6742516,100.5546823,-1.886453006,0.428954681
2020,8,197,0.201623574,0.253425807,-0.117495246,0.161998584,23.11300463,586.2971172,293.6742516,-1.443515938,0.473123996
2020,9,197,0.770325184,0.335377872,-0.660629153,0.463264185,25.72672222,61.74100767,586.2971172,2.060392647,0.822530843
2021,6,197,0.755335748,0.269339353,-0.64662832,0.549324788,28.72783333,86.09917641,61.74100767,1.604122807,0.777031994
2021,7,197,0.688077569,0.25857383,-0.606213093,0.499312971,24.82569213,571.5976028,86.09917641,1.376999211,0.754383418
2021,8,197,0.247937039,0.27092278,-0.166791797,0.327885961,23.64109722,202.7688141,571.5976028,-0.712151915,0.546055008
2021,9,197,0.736773252,0.252483547,-0.625397921,0.56544187,24.01729861,289.0407124,202.7688141,1.680380716,0.784636369
2022,6,197,0.849595249,0.306649655,-0.7443946,0.659835624,30.15692361,118.0251887,289.0407124,2.538273874,0.87018476
2022,7,197,0.815307796,0.316639006,-0.713052034,0.789335911,23.68930556,510.4322739,118.0251887,2.760618335,0.892356765
2022,8,197,0.890127838,0.254059911,-0.772055089,0.631633795,23.4275625,347.4801302,510.4322739,2.722918078,0.888597327
2022,9,197,0.81360203,0.283133686,-0.696912587,0.636243057,22.67790278,131.4169357,347.4801302,2.350458049,0.851455923
2023,6,197,0.451824546,0.247793451,-0.363614231,0.203143469,26.54275,204.6340103,131.4169357,-0.465292877,0.570671585
2023,7,197,0.45439285,0.178688377,-0.397532135,0.403867359,24.79712037,667.797987,204.6340103,-0.007950841,0.616277352
2023,8,197,0.775130689,0.331085265,-0.681717932,0.579764954,22.37948611,350.9227238,667.797987,2.513385302,0.867702893
2023,9,197,0.846203983,0.283279389,-0.768133163,0.530326178,23.96030556,237.4916763,350.9227238,2.364275204,0.852833758
2024,6,197,0.772820592,0.324065149,-0.681219578,0.668397322,30.92722917,55.91696757,237.4916763,2.244458488,0.840885735
2024,7,197,0.752218664,0.315870583,-0.638318896,0.733795452,24.41663889,365.0601711,55.91696757,2.244907087,0.840930469
2024,8,197,0.802469134,0.30558899,-0.693131149,0.633219679,25.33286111,390.710593,365.0601711,2.414608831,0.857852985
2024,9,197,0.566207707,0.287830502,-0.484114379,0.716496446,24.3768125,204.412107,390.710593,1.521269811,0.768769962
2025,6,197,0.831819236,0.306312293,-0.732158601,0.626029943,27.32982176,106.083964,204.412107,2.375460238,0.85394912
2025,8,197,0.058882739,0.012633859,-0.06477733,0.127617801,23.82837963,711.9554958,106.083964,-2.857597546,0.332112956
2025,9,197,0.754419744,0.280155271,-0.67303437,0.638522448,22.36486111,213.0307331,711.9554958,2.407805805,0.857174593
2019,7,198,0.41955325,0.206893742,-0.354163945,0.42473282,20.05551939,101.0979595,51.17829862,-0.195295887,0.59759546
2019,8,198,0.591011822,0.270132124,-0.462820917,0.426876135,18.36764774,111.3087924,101.0979595,0.70454975,0.687327318
2019,9,198,0.667321801,0.186507583,-0.5674932,0.354641256,20.18712604,133.2386246,111.3087924,0.668451959,0.683727676
2020,6,198,0.758087814,0.229022086,-0.715540051,0.324128687,23.91283241,45.39305285,133.2386246,1.239987304,0.740720705
2020,7,198,0.728379965,0.218281195,-0.634429216,0.50100215,23.80103878,55.89121225,45.39305285,1.285846341,0.74529373
2020,8,198,0.760775149,0.244685873,-0.651519895,0.451438849,20.70004386,174.0961742,55.89121225,1.444614619,0.76112597
2020,9,198,0.797848225,0.148673952,-0.719051242,0.340624926,24.13587258,52.84418488,174.0961742,1.127638104,0.729517336
2021,6,198,0.788079798,0.247391164,-0.698997617,0.391664765,24.65501385,42.6858778,52.84418488,1.415992148,0.758271761
2021,7,198,0.734327376,0.271032751,-0.639909029,0.445928831,20.02496768,147.5881033,42.6858778,1.430210861,0.75968964
2021,8,198,0.59164983,0.2406158,-0.466523021,0.43065038,18.38273546,68.50677395,147.5881033,0.644978708,0.681386943
2021,9,198,0.729037464,0.22848776,-0.596982837,0.377777825,19.12015235,241.3702097,68.50677395,1.071495726,0.723918865
2022,6,198,0.753130615,0.195657656,-0.667232573,0.396466887,25.00668283,46.37037247,241.3702097,1.216952524,0.738423696
2022,7,198,-0.009284544,0.094832137,0.030982906,1.770833333,16.74498615,129.5384219,46.37037247,0.595497363,0.676452705
2022,8,198,0.825781167,0.288506448,-0.693539381,0.475424784,19.25869114,95.70691729,129.5384219,1.93269747,0.809797186
2022,9,198,0.8001616,0.184669584,-0.666913927,0.301803217,21.04115651,80.42710924,95.70691729,1.039236445,0.720701996
2023,6,198,0.401834875,0.181972384,-0.333333343,0.359163592,20.5659626,107.0486794,80.42710924,-0.497506363,0.567459283
2023,7,198,0.772919476,0.285735428,-0.648930132,0.470630554,20.50849492,137.1009579,107.0486794,1.670865517,0.783687521
2023,8,198,0.821873546,0.289078027,-0.711060941,0.428912834,17.47309557,108.8218162,137.1009579,1.894902524,0.806028305
2023,9,198,0.81996727,0.257335573,-0.730739295,0.358495438,19.75808864,136.731329,108.8218162,1.635715386,0.78018238
2024,6,198,0.758266091,0.226621255,-0.684480309,0.44409348,26.45256925,24.88466835,136.731329,1.389230616,0.755603124
2024,7,198,0.710782766,0.229954615,-0.603890359,0.421181682,21.6118144,71.49387693,24.88466835,1.056266239,0.722400193
2024,8,198,0.766942143,0.25361678,-0.675548613,0.392554992,17.72495152,129.9143159,71.49387693,1.453304099,0.761992478
2024,9,198,0.799042702,0.212657213,-0.675925851,0.337525,20.98039474,152.8574673,129.9143159,1.266514531,0.743365978
2025,6,198,0.109043092,0.152610809,-0.142321318,0.111705214,20.2065374,40.67491534,152.8574673,-2.192607949,0.398425165
2025,7,198,0.643379927,0.202531651,-0.544715464,0.373618731,18.81057479,127.3263715,40.67491534,0.629707811,0.679864142
2025,8,198,0.774610221,0.215940684,-0.691001713,0.361538774,18.08806325,242.9795122,127.3263715,1.365498295,0.753236556
2025,9,198,0.775014162,0.173384026,-0.668049812,0.310540928,19.77348338,118.1504211,242.9795122,1.084150467,0.725180785
2019,7,199,0.395643324,0.185506508,-0.365020573,0.300085452,16.95816156,279.0895405,97.11811405,-0.464352926,0.570765317
2019,8,199,0.154300719,0.285244256,-0.099437147,0.417789757,13.09769731,257.5971584,279.0895405,-0.868586964,0.530455435
2019,9,199,0.355173677,0.337439626,-0.300645798,0.236014395,16.90926648,175.0327444,257.5971584,-0.259658536,0.591177271
2020,6,199,0.306184798,0.168555856,-0.340069741,0.368526447,17.2227948,116.2691529,175.0327444,-0.610891011,0.556152661
2020,7,199,-0.000469263,0.089672759,0.017527675,0.105988734,17.15433612,220.766214,116.2691529,-2.979914819,0.31991558
2020,8,199,-0.042070199,0.233154476,0.047263075,0.006297044,11.23696379,383.5633984,220.766214,-2.710405037,0.346790871
2020,9,199,0.840222597,0.284998536,-0.809300482,0.41171957,17.9614624,47.89635372,383.5633984,2.251256526,0.84156363
2021,6,199,0.10392236,0.065508686,-0.063498244,0.08145284,16.81547354,110.9496403,47.89635372,-2.755855209,0.342258617
2021,7,199,0.047034774,0.097734705,-0.041405745,0.124929542,13.20004643,421.2836456,110.9496403,-2.582316226,0.35956378
2021,8,199,0.083269894,0.132204354,-0.06762924,1.711956547,13.41035747,123.9792042,421.2836456,1.299652886,0.746670507
2021,9,199,2.49E-05,0.168324053,0.026012639,0.189900476,13.20775766,223.3907318,123.9792042,-2.497221778,0.368049328
2022,6,199,-0.020834835,0.121140145,0.042914525,0.366599891,17.73204271,112.1618598,223.3907318,-2.367667566,0.380968366
2022,7,199,-0.050413225,0.344252706,0.087733224,0.200988468,16.71058496,335.8442183,112.1618598,-2.171548278,0.400525218
2022,8,199,-0.008460237,0.110023677,0.017877094,-0.118858954,14.03377437,267.8950005,335.8442183,-3.239883093,0.29399176
2022,9,199,-0.006493506,0.340337247,0.032411069,0.046638166,16.23480501,97.15726018,267.8950005,-2.242385349,0.393461404
2023,6,199,-0.17905806,0.120754965,0.141591698,0.090418065,16.65395543,215.6988811,97.15726018,-3.599357484,0.258145273
2023,7,199,0.556631684,0.245956689,-0.492964149,0.492112793,16.13547818,486.689436,215.6988811,0.938374738,0.710644151
2023,8,199,0.106767751,0.057783615,-0.087993354,0.306688367,12.88493036,260.2135849,486.689436,-1.868725396,0.430722463
2023,9,199,0.83248359,0.323431611,-0.769338965,0.453085979,16.04142061,170.0865068,260.2135849,2.330487626,0.849464489
2024,6,199,0.034563053,0.062726527,-0.022689581,0.207205637,18.85143454,63.88352823,170.0865068,-2.69440845,0.348386037
2024,7,199,-0.021886408,0.161102608,0.039130811,-1.42236068,13.82467967,259.5466261,63.88352823,-6.188080195,0
2024,8,199,0.357069135,0.101340033,-0.486715645,0.128500334,16.26704735,270.8976698,259.5466261,-0.81019185,0.536278547
2024,9,199,0.275595933,0.189277515,-0.292706221,0.200944743,17.90874652,180.9065385,270.8976698,-1.025436537,0.514814526
2025,6,199,-0.04265403,0.282751083,0.064814813,0.439897974,15.66572423,126.261251,180.9065385,-1.764937225,0.441072133
2025,8,199,0.018599933,0.079376459,0.00132626,0.197274032,16.52738162,528.857029,126.261251,-2.658000511,0.352016606
2025,9,199,0.054122537,0.094573542,-0.049533226,0.143369472,16.32689415,168.8737421,528.857029,-2.346437857,0.383085375
