Year,Month,Longitude,Latitude,NDVI,NDMI
2017,6,74.81264009252207,32.527502364561606,0.0861159935593605,-0.13566432893276215
2017,9,74.61662769752719,32.841014398719324,0.8527442812919617,0.379585325717926
2017,9,74.52140627741052,32.6492240855598,0.8911564350128174,0.3765215575695038
2017,9,74.83923022493201,33.3384115715363,-0.05199698731303215,-0.040061045438051224
2017,9,74.50685356980779,32.815951402292384,0.8099352121353149,0.30098971724510193
2017,9,74.73179171695132,33.284422822960714,0.7756889462471008,0.21823245286941528
2017,9,74.55742872030372,33.236093460675086,0.6837376356124878,0.2866460680961609
2017,9,74.55176933401377,33.35673720333234,0.7404580116271973,0.27130162715911865
2017,9,74.68723527885899,33.204382931145666,0.8690115213394165,0.31850266456604004
2017,9,74.77176674709463,33.31604352096172,0.7046005129814148,0.1798882633447647
2017,9,74.82674364248275,33.33383016358729,0.8227545022964478,0.2699207365512848
2017,9,74.61716668669767,33.4346211384655,0.39895012974739075,-0.017285088077187538
2017,9,74.58006626546353,32.811190331286554,0.7758702635765076,0.3273926079273224
2017,9,74.79269749321462,33.18515898406551,0.8365988731384277,0.2628368139266968
2017,9,74.81264009252207,32.527502364561606,0.7525007128715515,0.24659483134746552
2017,9,74.56165080213908,33.43327366553932,0.6066482067108154,0.3238650858402252
2017,9,74.54134887671798,32.6732989351742,0.7685185074806213,0.2824171185493469
2017,9,74.80132131994218,33.33203353301905,0.8121755719184875,0.2030075192451477
2017,9,74.72900693957055,33.08948840630678,0.8294689655303955,0.12511499226093292
2017,9,74.85108798668239,33.41503786527169,0.7585139274597168,0.0923076942563057
2017,9,74.6474399117725,33.11167679382453,0.6410256624221802,0.12626995146274567
2017,9,74.62543118731156,33.226750981720244,0.8306551575660706,0.2917575240135193
2018,6,74.90103431647944,33.191986180224816,0.6877278089523315,0.08261886239051819
2018,6,74.91334123587187,32.883953869300235,0.14475025236606598,-0.13615384697914124
2018,6,75.10055014108238,32.98483467570686,0.4368590712547302,-0.003049400169402361
2018,6,74.61662769752719,32.841014398719324,0.2834704518318176,-0.17499999701976776
2018,6,74.61519039307261,32.58364706981908,0.3144086003303528,-0.02644154243171215
2018,6,75.05087330587057,32.91961698607978,0.32700949907302856,-0.028331201523542404
2018,6,74.88261885315498,33.28451265448913,0.4556407332420349,0.12818336486816406
2018,6,74.84938118764256,32.829336300025766,0.555875301361084,0.04057738557457924
2018,6,74.69289466514894,32.6740175874015,0.13989637792110443,-0.10720324516296387
2018,6,74.52140627741052,32.6492240855598,0.12339989840984344,-0.19530533254146576
2018,6,74.90893949097969,32.7183045309086,0.28820374608039856,-0.1085343211889267
2018,6,74.93741608548628,33.05023202839076,0.45572608709335327,0.06132989004254341
2018,6,74.83923022493201,33.3384115715363,-0.13467492163181305,-0.06050420179963112
2018,6,74.50685356980779,32.815951402292384,0.06952965259552002,-0.13696369528770447
2018,6,74.73179171695132,33.284422822960714,0.5314285755157471,0.05639781802892685
2018,6,74.55742872030372,33.236093460675086,0.40618380904197693,0.011886619962751865
2018,6,75.01323389546596,32.89365567436872,0.26729291677474976,-0.03290974348783493
2018,6,75.08339231915569,33.26439039212485,0.4493969678878784,0.045385777950286865
2018,6,74.87839677131963,32.765376251796454,0.38129496574401855,-0.09219858050346375
2018,6,75.08617709653647,32.84424833374215,0.3215547800064087,-0.040849972516298294
2018,6,75.08069737330334,32.91916782843772,0.22523461282253265,-0.07987470924854279
2018,6,74.55176933401377,33.35673720333234,0.3461538553237915,0.09974424540996552
2018,6,74.68723527885899,33.204382931145666,0.5981609225273132,0.09808877110481262
2018,6,74.83060639820447,32.78370188359249,0.5883713364601135,0.06489479541778564
2018,6,74.94738738514,32.95096818949555,0.11344211548566818,-0.14358285069465637
2018,6,74.76251409966821,33.02993010296966,0.5286704301834106,-0.10939794778823853
2018,6,75.01736614577291,32.716058742698294,0.28492307662963867,-0.09727626293897629
2018,6,74.77176674709463,33.31604352096172,0.5467694997787476,0.13577623665332794
2018,6,74.6940624750183,32.62011867035433,0.19393283128738403,-0.16735927760601044
2018,6,75.03623076673942,33.20447276267408,0.5933941006660461,0.05366221070289612
2018,6,74.92322270399718,33.10044785277304,0.4418938159942627,-0.02616279013454914
2018,6,74.82674364248275,33.33383016358729,0.6379204988479614,0.11536859720945358
2018,6,74.61716668669767,33.4346211384655,0.19806337356567383,0.0489402711391449
2018,6,74.64582294426108,32.66135134189542,0.21879449486732483,-0.062089115381240845
2018,6,75.07701428063845,32.53953978936881,0.26800471544265747,-0.09367088973522186
2018,6,74.74868004429277,32.64042059577543,0.10356536507606506,-0.056945957243442535
2018,6,74.85710669908599,33.042955674589386,0.4692513346672058,-0.009017132222652435
2018,6,74.58006626546353,32.811190331286554,0.36542239785194397,0.04984894394874573
2018,6,74.97703178951595,33.20402360503202,0.5043029189109802,0.03066037781536579
2018,6,74.74463762551423,32.71138750322088,0.3033175468444824,-0.07702634483575821
2018,6,74.8571965306144,32.80346481984312,0.40150994062423706,-0.05941962078213692
2018,6,75.09821452134366,32.75531512061432,0.36464381217956543,-0.0377674400806427
2018,6,75.08626692806489,33.14805856283137,0.4257095158100128,0.03935091197490692
2018,6,74.79269749321462,33.18515898406551,0.6130267977714539,0.0683019682765007
2018,6,74.78326518273137,32.75504562602908,0.562136173248291,0.12957540154457092
2018,6,74.81264009252207,32.527502364561606,0.15553531050682068,-0.1783601939678192
2018,6,74.79997384701599,32.928240812807324,0.11557041853666306,-0.13896457850933075
2018,6,74.56165080213908,33.43327366553932,0.5314685106277466,0.21690811216831207
2018,6,74.54134887671798,32.6732989351742,0.35053110122680664,0.010789324529469013
2018,6,74.80132131994218,33.33203353301905,0.5271907448768616,0.11821745336055756
2018,6,74.9549332335266,32.74282853816506,0.26430976390838623,-0.21953754127025604
2018,6,75.10432306527568,33.36787631285542,0.6391198039054871,0.18007393181324005
2018,6,74.92744478583255,32.62658654039999,0.18421052396297455,-0.05003909394145012
2018,6,74.66872998400613,32.73384538532386,0.16120906174182892,-0.05942361801862717
2018,6,75.04781903390456,32.96210729901863,0.43863511085510254,-0.0064614214934408665
2018,6,74.7332290214059,32.772113616427355,0.10209662467241287,-0.0536203533411026
2018,6,75.09632805924701,32.769508502103406,0.38436588644981384,-0.07217391580343246
2018,6,74.90489707220115,32.773281426296705,0.06357811391353607,-0.042166002094745636
2018,6,74.72900693957055,33.08948840630678,0.3614881932735443,-0.0883689597249031
2018,6,74.95232811920266,32.996243279815175,0.49015316367149353,-0.03146666660904884
2018,6,74.70960332943356,32.62901199166711,0.2069297432899475,-0.13576842844486237
2018,6,74.69010988776817,32.739145445500164,0.5168781280517578,0.1662065088748932
2018,6,74.93472113963392,33.36203726350864,0.589313805103302,0.05146421864628792
2018,6,74.85108798668239,33.41503786527169,0.5177865624427795,0.01834254153072834
2018,6,74.83393016475571,32.645271498309675,0.17391304671764374,-0.0939597338438034
2018,6,74.9338228243498,33.19845405027048,0.4809628129005432,0.13215121626853943
2018,6,74.81326891322095,33.08131373722129,0.40106382966041565,-0.03780822083353996
2018,6,75.0803380471897,33.12416337627379,0.3290170729160309,-0.03751065582036972
2018,6,74.85674737297234,33.19135735952593,0.8345062136650085,0.25435540080070496
2018,6,74.84785405165955,32.65676993394641,0.13139329850673676,-0.1348617672920227
2018,6,75.0022744489997,32.599996407990055,0.15444014966487885,-0.10264105349779129
2018,6,75.0954297439629,33.38180019975927,0.7345836758613586,0.30650684237480164
2018,6,74.93247535142362,33.292597492046205,0.5523447394371033,0.16892537474632263
2018,6,74.82970808292035,32.94450031944989,0.4112359583377838,0.02180279791355133
2018,6,74.6474399117725,33.11167679382453,0.19299905002117157,-0.08705881983041763
2018,6,74.77473118753223,32.88530134222641,0.5581014752388,0.10163934528827667
2018,6,74.62543118731156,33.226750981720244,0.36617404222488403,-0.04678250849246979
2019,6,74.90103431647944,33.191986180224816,0.7439094185829163,0.15257233381271362
2019,6,75.35980393207927,33.281099056409474,0.59232097864151,0.08067816495895386
2019,6,74.91334123587187,32.883953869300235,0.2334664762020111,-0.09557385742664337
2019,6,75.10055014108238,32.98483467570686,0.5207268595695496,0.05336158722639084
2019,6,75.2930591064692,32.6146389471212,0.30358126759529114,-0.06124785169959068
2019,6,74.61662769752719,32.841014398719324,0.42958489060401917,0.04162077233195305
2019,6,75.45969659167336,33.1685401513093,0.09294512867927551,-0.024000000208616257
2019,6,75.35082077923808,33.33329117441682,0.5722904801368713,0.06782464683055878
2019,6,75.41819442554704,32.9144965889603,0.5395874977111816,0.1572369486093521
2019,6,75.3735481559263,33.2669955064488,0.446601927280426,0.06714413315057755
2019,6,75.33689689233422,33.461390933932265,0.6802619695663452,0.12407886981964111
2019,6,75.30329990070815,33.24866987465276,0.7707006335258484,0.22962214052677155
2019,6,75.10486205444616,32.86859267794179,0.3204022943973541,-0.042299602180719376
2019,6,74.61519039307261,32.58364706981908,0.31098154187202454,0.01936589553952217
2019,6,75.05087330587057,32.91961698607978,0.35430634021759033,0.0009471490629948676
2019,6,75.31659496691313,32.53900080019834,0.49326321482658386,-0.02673063799738884
2019,6,74.88261885315498,33.28451265448913,0.5561239123344421,0.1874258667230606
2019,6,75.52069219946509,33.49489809402992,0.3163907527923584,0.0729527622461319
2019,6,75.53272962427228,32.817658201332215,0.769784152507782,0.3871999979019165
2019,6,74.84938118764256,32.829336300025766,0.6292650103569031,0.10767420381307602
2019,6,74.69289466514894,32.6740175874015,0.20670591294765472,-0.1289474070072174
2019,6,75.68715002161242,32.75693208812573,0.4604026973247528,-0.02540336363017559
2019,6,74.52140627741052,32.6492240855598,0.09913716465234756,-0.13109877705574036
2019,6,75.51449382400466,32.79555964534287,0.48220640420913696,0.17060086131095886
2019,6,75.84291789187876,33.422493882129885,0.7847812175750732,0.22983498871326447
2019,6,75.23610591745602,33.06469490446508,0.6546416282653809,0.1512717604637146
2019,6,75.18319514722138,33.26942095771592,0.41556885838508606,0.09978149831295013
2019,6,75.28299797528706,32.8912302231016,0.5045919418334961,0.0714801475405693
2019,6,75.39420940746105,32.91485591507394,0.6118402481079102,0.1472988724708557
2019,6,75.54557553283519,32.77579670909224,0.7027639150619507,0.13362336158752441
2019,6,74.90893949097969,32.7183045309086,0.5698044896125793,0.07784034311771393
2019,6,75.17897306538602,33.23483581927732,0.6089144349098206,0.18081365525722504
2019,6,74.93741608548628,33.05023202839076,0.5112729668617249,0.06273433566093445
2019,6,75.4885325122936,32.926803508352734,0.702398419380188,0.06637806445360184
2019,6,75.27608094759934,33.069186480885676,0.3469596207141876,0.021447721868753433
2019,6,75.50982258452723,32.61607625157579,0.24881355464458466,-0.06619264930486679
2019,6,75.45583383595165,32.671951462248025,0.32583004236221313,-0.045207954943180084
2019,6,74.83923022493201,33.3384115715363,-0.12360867112874985,-0.02794022113084793
2019,6,75.75946440198405,32.81828702203109,0.7366030812263489,0.29465749859809875
2019,6,75.7448218628529,32.881258923447874,0.657271683216095,0.19967159628868103
2019,6,75.51215820426594,32.93174424241539,0.7792642116546631,0.23449498414993286
2019,6,74.50685356980779,32.815951402292384,0.21834740042686462,0.029914038255810738
2019,6,74.73179171695132,33.284422822960714,0.6252564787864685,0.13257339596748352
2019,6,75.18894436503975,32.59038443444997,0.5448357462882996,0.07385312020778656
2019,6,74.55742872030372,33.236093460675086,0.4287845492362976,0.11993566900491714
2019,6,75.01323389546596,32.89365567436872,0.2810201048851013,-0.029030490666627884
2019,6,75.08339231915569,33.26439039212485,0.5028001070022583,0.09724444150924683
2019,6,75.309588107697,33.385752787009395,0.7010990381240845,0.30520832538604736
2019,6,74.87839677131963,32.765376251796454,0.5508191585540771,0.08725190907716751
2019,6,75.62022553294553,33.35143714315603,0.7702096104621887,0.21647585928440094
2019,6,75.08617709653647,32.84424833374215,0.35258856415748596,-0.021597392857074738
2019,6,75.14834051419754,33.13656012719464,0.6011342406272888,0.13826903700828552
2019,6,75.48278329447524,32.997411089684526,0.7681444883346558,0.23035377264022827
2019,6,75.77168148984808,32.63754598686625,0.7235094904899597,0.22471041977405548
2019,6,75.57117751843259,33.33535729957029,0.023339318111538887,0.16086336970329285
2019,6,75.17448148896541,33.13961439916065,0.8231912851333618,0.3255528211593628
2019,6,75.82692787982143,32.848919573219575,0.0063771638087928295,0.7338908910751343
2019,6,75.08069737330334,32.91916782843772,0.27752411365509033,-0.06914306432008743
2019,6,75.5291363631358,33.02561818960588,0.7381165623664856,0.2783641219139099
2019,6,75.59103028621163,33.301850139472634,0.1757049858570099,0.18217821419239044
2019,6,75.38190248806862,33.194591294548765,0.6209150552749634,0.2023702710866928
2019,6,74.55176933401377,33.35673720333234,0.5203725099563599,0.18206708133220673
2019,6,75.56219436559141,32.9445901509783,0.6129032373428345,0.29139071702957153
2019,6,75.37291933522742,33.14814839435979,0.27520161867141724,0.011191046796739101
2019,6,74.68723527885899,33.204382931145666,0.7371965050697327,0.20473256707191467
2019,6,74.83060639820447,32.78370188359249,0.736667811870575,0.17279401421546936
2019,6,74.94738738514,32.95096818949555,0.11474298685789108,-0.13927198946475983
2019,6,74.76251409966821,33.02993010296966,0.6756106019020081,0.012959374114871025
2019,6,75.01736614577291,32.716058742698294,0.35359615087509155,-0.0328046940267086
2019,6,74.77176674709463,33.31604352096172,0.5582883358001709,0.13871298730373383
2019,6,75.21382769840986,33.47549448389294,0.5891638398170471,0.12827502191066742
2019,6,74.88468497830846,33.45914514572196,-0.026486756280064583,0.1414717584848404
2019,6,75.74724731412003,32.777323845075244,0.13858921825885773,0.4995112419128418
2019,6,74.6940624750183,32.62011867035433,0.12738268077373505,-0.11555732041597366
2019,6,75.03623076673942,33.20447276267408,0.6444672346115112,0.13756133615970612
2019,6,74.92322270399718,33.10044785277304,0.4903477430343628,0.011085046455264091
2019,6,75.60666097215532,32.9859126540478,0.7934746146202087,0.2967151403427124
2019,6,75.81111753082092,32.536126191289156,0.6627500653266907,0.13041603565216064
2019,6,74.82674364248275,33.33383016358729,0.6606109738349915,0.11665917932987213
2019,6,75.28326746987229,32.59155224431933,0.3131868243217468,-0.11938098818063736
2019,6,74.61716668669767,33.4346211384655,0.13835376501083374,0.020054468885064125
2019,6,75.74248624311419,32.95833437482533,0.7727272510528564,0.3097064197063446
2019,6,74.64582294426108,32.66135134189542,0.28272828459739685,-0.013036085292696953
2019,6,75.07701428063845,32.53953978936881,0.19271624088287354,-0.07449112087488174
2019,6,75.67753804807235,33.37685946569661,0.7027236223220825,0.2810089588165283
2019,6,74.74868004429277,32.64042059577543,0.05617906153202057,-0.08467411994934082
2019,6,75.66343449811167,33.4864539303592,0.7807250022888184,0.25922489166259766
2019,6,75.70251121297088,32.503158020361965,-0.10392364859580994,-0.016870273277163506
2019,6,74.85710669908599,33.042955674589386,0.6122539639472961,0.07226349413394928
2019,6,75.86411813258397,32.62470007830334,0.35162949562072754,0.0003738317755050957
2019,6,75.35091061076649,32.60987787611537,0.44043320417404175,0.04356015846133232
2019,6,74.87381536337061,33.49301163193327,-0.029891304671764374,0.8751714825630188
2019,6,74.58006626546353,32.811190331286554,0.38477250933647156,0.06747026741504669
2019,6,74.97703178951595,33.20402360503202,0.5471913814544678,0.08874165266752243
2019,6,75.69577384833998,32.613830463365495,0.4615649878978729,0.09243283420801163
2019,6,74.74463762551423,32.71138750322088,0.29047566652297974,-0.07696320861577988
2019,6,75.83025164637267,33.36446271477577,0.5037918090820312,0.0234830304980278
2019,6,75.20026313761964,33.05912534970354,0.601965606212616,0.05393093451857567
2019,6,74.8571965306144,32.80346481984312,0.6478011012077332,0.1072290688753128
2019,6,75.09821452134366,32.75531512061432,0.42989131808280945,-0.005036807619035244
2019,6,75.27365549633221,33.166653689212644,0.5300713777542114,0.14318354427814484
2019,6,75.19002234338069,33.289722883137024,0.6773684024810791,0.16872714459896088
2019,6,75.74437270521084,33.16315025960458,0.4045694172382355,-0.10101210325956345
2019,6,75.08626692806489,33.14805856283137,0.4642102122306824,0.056850358843803406
2019,6,75.39052631479616,33.49319129499009,0.7560538053512573,0.26915520429611206
2019,6,75.46715260853156,32.62703569804205,0.17944325506687164,-0.0791512280702591
2019,6,74.79269749321462,33.18515898406551,0.7179044485092163,0.16570976376533508
2019,6,75.71508762694855,33.21821698652111,0.5428887605667114,0.12190749496221542
2019,6,75.2487721629621,32.78891211224039,0.2097485065460205,-0.06072874367237091
2019,6,75.63926981696886,32.82403623984946,0.6029411554336548,0.11869700998067856
2019,6,75.87813185101624,33.43641776903374,0.5615764260292053,0.15464147925376892
2019,6,74.78326518273137,32.75504562602908,0.6193921566009521,0.17206186056137085
2019,6,75.82046000977577,33.16297059654776,0.37013962864875793,-0.0810171514749527
2019,6,75.4501744496617,33.073049236607396,0.7042253613471985,0.18859648704528809
2019,6,74.81264009252207,32.527502364561606,0.13133604824543,-0.1303533911705017
2019,6,75.13432679576528,32.99561445911629,0.30682429671287537,0.019899409264326096
2019,6,74.79997384701599,32.928240812807324,0.2127474546432495,-0.078345887362957
2019,6,74.56165080213908,33.43327366553932,0.5352055430412292,0.1973913013935089
2019,6,74.54134887671798,32.6732989351742,0.24315525591373444,-0.06043991446495056
2019,6,75.71859105655662,33.15982649305334,0.657827615737915,0.117594413459301
2019,6,75.72739454634099,33.382249357401335,0.2910924553871155,-0.027905885130167007
2019,6,75.1991851592787,33.01402992244074,0.5820398926734924,0.033436745405197144
2019,6,75.7778798653085,32.8213412939971,0.7161825895309448,0.14880545437335968
2019,6,75.32962053853286,33.19090820188387,0.35355594754219055,0.008582872338593006
2019,6,75.37983636291514,32.69539749116355,0.38461539149284363,-0.02821316570043564
2019,6,75.31354069494712,32.854578959509524,0.6841467022895813,0.1949450969696045
2019,6,75.2961133784352,33.4180921372377,0.4331902265548706,0.1839568167924881
2019,6,75.77976632740516,33.496604893069744,0.7346411943435669,0.25984251499176025
2019,6,74.80132131994218,33.33203353301905,0.5730516314506531,0.12526611983776093
2019,6,75.80105639963878,32.73312673309657,0.525712788105011,0.054003022611141205
2019,6,75.36887691644888,32.81352595102526,0.44582894444465637,0.11461734026670456
2019,6,75.2193972531714,33.06505423057873,0.37167200446128845,0.04393265023827553
2019,6,74.5076620535635,33.473967347909934,0.367066890001297,-0.021383162587881088
2019,6,74.9549332335266,32.74282853816506,0.46706706285476685,-0.026423251256346703
2019,6,75.10432306527568,33.36787631285542,0.4814196228981018,0.2653324604034424
2019,6,75.11564183785559,33.35925248612787,0.7934232354164124,0.16188444197177887
2019,6,74.92744478583255,32.62658654039999,0.42241305112838745,0.04466218501329422
2019,6,74.66872998400613,32.73384538532386,0.1203736960887909,-0.0815209373831749
2019,6,75.53524490706782,33.233398514822724,0.7104731202125549,0.22549019753932953
2019,6,75.45206091175835,32.9746837129963,0.7601827383041382,0.2558392286300659
2019,6,75.6598412369752,32.52552607093654,0.5966074466705322,0.17244063317775726
2019,6,75.04781903390456,32.96210729901863,0.44712913036346436,0.06115450710058212
2019,6,74.7332290214059,32.772113616427355,0.08823034912347794,-0.05356331169605255
2019,6,75.09632805924701,32.769508502103406,0.5456475615501404,0.04574066400527954
2019,6,75.78183245255863,32.91907799690931,0.7331174612045288,0.2584382891654968
2019,6,74.90489707220115,32.773281426296705,-0.21857798099517822,-0.03967806324362755
2019,6,75.66244635129914,32.525615902464956,0.4794335663318634,-0.0150257907807827
2019,6,74.72900693957055,33.08948840630678,0.5087584853172302,0.010954633355140686
2019,6,74.95232811920266,32.996243279815175,0.5933700203895569,0.0948018804192543
2019,6,75.40966043034791,32.58095212396672,0.45504459738731384,-0.012805587612092495
2019,6,74.70960332943356,32.62901199166711,0.11674737930297852,-0.1495819389820099
2019,6,75.871753812499,32.75962703397809,0.6129458546638489,0.07466627657413483
2019,6,74.69010988776817,32.739145445500164,0.7373806238174438,0.29454129934310913
2019,6,75.46418816809397,33.33293184830317,0.2144423872232437,0.16983585059642792
2019,6,74.93472113963392,33.36203726350864,0.7200447916984558,0.20417287945747375
2019,6,75.49104779508913,32.51483611905552,0.4314381182193756,0.01819738745689392
2019,6,74.85108798668239,33.41503786527169,0.5833101272583008,0.10319560021162033
2019,6,75.62938834884355,33.338142076951065,0.7806401252746582,0.3036719262599945
2019,6,75.56354183851758,33.10368178779587,0.7875000238418579,0.2966324985027313
2019,6,74.83393016475571,32.645271498309675,0.3556065857410431,-0.0464467778801918
2019,6,75.13118269227085,32.6439240253835,0.05293159559369087,-0.10632079094648361
2019,6,75.40139592973401,32.693960186708956,0.3819405436515808,0.03697967156767845
2019,6,75.23179400409224,33.13386518134229,0.5416470766067505,0.17926566302776337
2019,6,74.9338228243498,33.19845405027048,0.5466862320899963,0.1561223864555359
2019,6,75.28129117624722,33.06092198027178,0.573441743850708,0.1698569357395172
2019,6,75.4337352799623,32.743906516506,0.7461538314819336,0.15229515731334686
2019,6,75.68580254868625,33.492831968876445,0.44028177857398987,0.059958070516586304
2019,6,75.14196247568029,32.66180049953748,0.305736243724823,-0.0926445797085762
2019,6,75.14510657917471,33.20950332826515,0.4130232632160187,0.10977169126272202
2019,6,75.3795668683299,32.91764069245472,0.7027337551116943,0.1851615011692047
2019,6,74.81326891322095,33.08131373722129,0.4183448851108551,0.01664738915860653
2019,6,75.86384863799874,33.10601740753458,0.5146621465682983,0.021899886429309845
2019,6,75.72739454634099,32.74462516873329,0.7553452253341675,0.08460699021816254
2019,6,75.0803380471897,33.12416337627379,0.4251819849014282,0.059815336018800735
2019,6,75.19873600163665,33.27427186025017,0.4800758957862854,0.08623910695314407
2019,6,75.35055128465284,33.47387751638152,0.328472763299942,-0.09133858233690262
2019,6,75.71382998555077,32.738965782443344,0.6668316721916199,0.18067426979541779
2019,6,75.422326675854,33.030558923668536,0.718687891960144,0.1586030125617981
2019,6,74.85674737297234,33.19135735952593,0.8706972599029541,0.3076617121696472
2019,6,74.84785405165955,32.65676993394641,0.19918234646320343,-0.07734904438257217
2019,6,74.50119418351784,33.46381638519939,0.7519500851631165,0.289463073015213
2019,6,75.83752800017403,33.19971169166824,0.6082424521446228,0.07922563701868057
2019,6,75.0022744489997,32.599996407990055,0.11863088607788086,-0.14797483384609222
2019,6,75.52724990103916,33.10718521740394,0.801975429058075,0.28272438049316406
2019,6,75.69271957637397,33.468487624676804,0.8306010961532593,0.29163986444473267
2019,6,75.16028810747633,33.40946831051016,0.6729766130447388,0.20507068932056427
2019,6,75.49571903456656,32.61742372450197,0.177749365568161,-0.16106805205345154
2019,6,75.0954297439629,33.38180019975927,0.7723076939582825,0.3479318618774414
2019,6,74.93247535142362,33.292597492046205,0.46596163511276245,0.1674216240644455
2019,6,74.82970808292035,32.94450031944989,0.4885132312774658,0.10164570063352585
2019,6,74.6474399117725,33.11167679382453,0.16300226747989655,-0.07355067133903503
2019,6,74.63037192137422,33.45698918904007,-0.004672897048294544,0.20126894116401672
2019,6,74.77473118753223,32.88530134222641,0.333030641078949,-0.030001435428857803
2019,6,75.57351313817131,32.68758214819171,0.4803231656551361,0.16752313077449799
2019,6,75.79162408915553,33.21372541010051,0.5251798629760742,-0.027550261467695236
2019,6,75.11393503881577,32.58274875453496,0.03411306068301201,-0.14505156874656677
2019,6,74.62543118731156,33.226750981720244,0.5497984886169434,0.09310974925756454
2019,6,75.44137095987733,32.7919663842064,0.8325173854827881,0.31508874893188477
2019,6,75.2863217418383,33.411354772606806,0.7478771805763245,0.19738930463790894
2019,6,75.62247132115583,32.84775176335022,0.002378052333369851,0.19079506397247314
2019,7,74.90103431647944,33.191986180224816,0.5186223387718201,0.16124314069747925
2019,7,75.35980393207927,33.281099056409474,0.31726327538490295,0.07198084145784378
2019,7,74.91334123587187,32.883953869300235,0.18539977073669434,-0.12338995933532715
2019,7,75.10055014108238,32.98483467570686,0.0476190485060215,0.07338357716798782
2019,7,75.2930591064692,32.6146389471212,0.30403104424476624,-0.061908870935440063
2019,7,74.61662769752719,32.841014398719324,0.51683509349823,0.1788078397512436
2019,7,75.45969659167336,33.1685401513093,0.09996838867664337,-0.043360017240047455
2019,7,75.35082077923808,33.33329117441682,0.28728169202804565,0.13185155391693115
2019,7,75.41819442554704,32.9144965889603,0.5814341902732849,0.1769036054611206
2019,7,75.3735481559263,33.2669955064488,0.2594016492366791,0.08546687662601471
2019,7,75.33689689233422,33.461390933932265,0.6682580709457397,0.18003660440444946
2019,7,75.30329990070815,33.24866987465276,0.6603633165359497,0.29678821563720703
2019,7,75.10486205444616,32.86859267794179,0.24680987000465393,-0.039380427449941635
2019,7,74.61519039307261,32.58364706981908,0.25583234429359436,0.0163199994713068
2019,7,75.05087330587057,32.91961698607978,0.3341830372810364,0.0033235582523047924
2019,7,75.31659496691313,32.53900080019834,0.5846888422966003,0.018511483445763588
2019,7,74.88261885315498,33.28451265448913,0.5876665711402893,0.20771218836307526
2019,7,75.52069219946509,33.49489809402992,0.20341137051582336,0.11127997189760208
2019,7,75.53272962427228,32.817658201332215,0.585048258304596,0.271616131067276
2019,7,74.84938118764256,32.829336300025766,0.5448621511459351,0.1210235133767128
2019,7,74.69289466514894,32.6740175874015,0.1718229353427887,-0.15337000787258148
2019,7,75.68715002161242,32.75693208812573,0.481557697057724,-0.035682689398527145
2019,7,74.52140627741052,32.6492240855598,0.04590442776679993,-0.09935987740755081
2019,7,75.51449382400466,32.79555964534287,0.418023943901062,0.12739913165569305
2019,7,75.84291789187876,33.422493882129885,0.45243754982948303,0.19166173040866852
2019,7,75.23610591745602,33.06469490446508,0.3590252995491028,0.12034564465284348
2019,7,75.18319514722138,33.26942095771592,0.23379038274288177,0.05507886782288551
2019,7,75.28299797528706,32.8912302231016,0.2351696789264679,0.03163092955946922
2019,7,75.39420940746105,32.91485591507394,0.7172503471374512,0.17411142587661743
2019,7,75.54557553283519,32.77579670909224,0.38434088230133057,0.06571990251541138
2019,7,74.90893949097969,32.7183045309086,0.5221238732337952,0.05783082917332649
2019,7,75.17897306538602,33.23483581927732,0.47447866201400757,0.1144120916724205
2019,7,74.93741608548628,33.05023202839076,0.13565650582313538,0.02375296875834465
2019,7,75.4885325122936,32.926803508352734,0.3542315661907196,0.1264781653881073
2019,7,75.27608094759934,33.069186480885676,0.2892460525035858,0.022759679704904556
2019,7,75.50982258452723,32.61607625157579,0.28521034121513367,-0.03860188648104668
2019,7,75.45583383595165,32.671951462248025,0.4492846429347992,0.02445933036506176
2019,7,74.83923022493201,33.3384115715363,-0.08456376194953918,-0.05605536326766014
2019,7,75.75946440198405,32.81828702203109,0.7655496597290039,0.3226085305213928
2019,7,75.7448218628529,32.881258923447874,0.6833284497261047,0.21308819949626923
2019,7,75.51215820426594,32.93174424241539,0.35779136419296265,0.3810986578464508
2019,7,74.50685356980779,32.815951402292384,0.11672195047140121,-0.0013643448473885655
2019,7,74.73179171695132,33.284422822960714,0.13726185262203217,0.12592564523220062
2019,7,75.18894436503975,32.59038443444997,0.27231335639953613,0.029598211869597435
2019,7,74.55742872030372,33.236093460675086,0.4676479995250702,0.12523095309734344
2019,7,75.01323389546596,32.89365567436872,0.3116912543773651,-0.0006918021244928241
2019,7,75.08339231915569,33.26439039212485,0.5818358659744263,0.15978392958641052
2019,7,75.309588107697,33.385752787009395,0.40290141105651855,0.28634580969810486
2019,7,74.87839677131963,32.765376251796454,0.5258001089096069,0.07451701909303665
2019,7,75.62022553294553,33.35143714315603,0.7787046432495117,0.23103708028793335
2019,7,75.08617709653647,32.84424833374215,0.3232058584690094,-0.023146331310272217
2019,7,75.14834051419754,33.13656012719464,0.6188196539878845,0.1641031950712204
2019,7,75.48278329447524,32.997411089684526,0.4091217815876007,0.15383216738700867
2019,7,75.77168148984808,32.63754598686625,0.7958549857139587,0.260868638753891
2019,7,75.57117751843259,33.33535729957029,0.3753719627857208,0.18471689522266388
2019,7,75.17448148896541,33.13961439916065,0.6433476209640503,0.2717107832431793
2019,7,75.82692787982143,32.848919573219575,0.008894922211766243,0.37309592962265015
2019,7,75.08069737330334,32.91916782843772,0.19070258736610413,-0.07479431480169296
2019,7,75.5291363631358,33.02561818960588,0.3875035047531128,0.23123802244663239
2019,7,75.59103028621163,33.301850139472634,0.03657380864024162,0.07574301958084106
2019,7,75.38190248806862,33.194591294548765,0.6434125900268555,0.1910322904586792
2019,7,74.55176933401377,33.35673720333234,0.669390082359314,0.27356964349746704
2019,7,75.56219436559141,32.9445901509783,0.3566170036792755,0.2795846164226532
2019,7,75.37291933522742,33.14814839435979,0.2557826042175293,-0.0005474102217704058
2019,7,74.68723527885899,33.204382931145666,0.7224171161651611,0.1866748183965683
2019,7,74.83060639820447,32.78370188359249,0.6034063100814819,0.16921712458133698
2019,7,74.94738738514,32.95096818949555,0.09538228809833527,-0.13080042600631714
2019,7,74.76251409966821,33.02993010296966,0.4346895217895508,0.0018691589357331395
2019,7,75.01736614577291,32.716058742698294,0.41687658429145813,-0.020612116903066635
2019,7,74.77176674709463,33.31604352096172,0.30634546279907227,0.1723184734582901
2019,7,75.21382769840986,33.47549448389294,0.35704463720321655,0.11064942181110382
2019,7,74.88468497830846,33.45914514572196,0.33942967653274536,0.2970532476902008
2019,7,75.74724731412003,32.777323845075244,0.26431992650032043,0.11143861711025238
2019,7,74.6940624750183,32.62011867035433,0.1231168806552887,-0.11867941170930862
2019,7,75.03623076673942,33.20447276267408,0.31371617317199707,0.12474603950977325
2019,7,74.92322270399718,33.10044785277304,0.4936154782772064,0.0334903858602047
2019,7,75.60666097215532,32.9859126540478,0.40703704953193665,0.26622274518013
2019,7,75.81111753082092,32.536126191289156,0.6575493216514587,0.1011069118976593
2019,7,74.82674364248275,33.33383016358729,0.6823026537895203,0.11863554269075394
2019,7,75.28326746987229,32.59155224431933,0.3577272593975067,-0.12443949282169342
2019,7,74.61716668669767,33.4346211384655,0.02681060880422592,0.09852864593267441
2019,7,75.74248624311419,32.95833437482533,0.7595844268798828,0.30277594923973083
2019,7,74.64582294426108,32.66135134189542,0.2672750949859619,0.03880355879664421
2019,7,75.07701428063845,32.53953978936881,0.06233900040388107,-0.06389933079481125
2019,7,75.67753804807235,33.37685946569661,0.6999668478965759,0.2609023451805115
2019,7,74.74868004429277,32.64042059577543,0.07792207598686218,-0.07760696113109589
2019,7,75.66343449811167,33.4864539303592,0.7688655257225037,0.21018220484256744
2019,7,75.70251121297088,32.503158020361965,-0.09183202683925629,0.0
2019,7,74.85710669908599,33.042955674589386,0.4241645336151123,0.09626900404691696
2019,7,75.86411813258397,32.62470007830334,0.3561471104621887,-0.02727280743420124
2019,7,75.35091061076649,32.60987787611537,0.4113220274448395,0.042647697031497955
2019,7,74.87381536337061,33.49301163193327,-0.006556290667504072,0.2762107253074646
2019,7,74.58006626546353,32.811190331286554,0.362906813621521,0.11071164906024933
2019,7,74.97703178951595,33.20402360503202,0.02196001261472702,0.1236749142408371
2019,7,75.69577384833998,32.613830463365495,0.4809204041957855,0.07739382237195969
2019,7,74.74463762551423,32.71138750322088,0.2495291829109192,-0.06532840430736542
2019,7,75.83025164637267,33.36446271477577,0.5709673762321472,0.0720532089471817
2019,7,75.20026313761964,33.05912534970354,0.2957451641559601,0.15699318051338196
2019,7,74.8571965306144,32.80346481984312,0.6390352249145508,0.1660749465227127
2019,7,75.09821452134366,32.75531512061432,0.29969969391822815,-0.03643188253045082
2019,7,75.27365549633221,33.166653689212644,0.33962154388427734,0.09599291533231735
2019,7,75.19002234338069,33.289722883137024,0.41360020637512207,0.10179780423641205
2019,7,75.74437270521084,33.16315025960458,0.2902168333530426,-0.07561776041984558
2019,7,75.08626692806489,33.14805856283137,0.4345991611480713,0.08023901283740997
2019,7,75.39052631479616,33.49319129499009,0.5826132893562317,0.18370221555233002
2019,7,75.46715260853156,32.62703569804205,0.2482191026210785,-0.03268207982182503
2019,7,74.79269749321462,33.18515898406551,0.6551342606544495,0.14618369936943054
2019,7,75.71508762694855,33.21821698652111,0.40549513697624207,0.26814207434654236
2019,7,75.2487721629621,32.78891211224039,0.2479175180196762,-0.04748862609267235
2019,7,75.63926981696886,32.82403623984946,0.3891065716743469,0.1942196786403656
2019,7,75.87813185101624,33.43641776903374,0.37118369340896606,0.1474350392818451
2019,7,74.78326518273137,32.75504562602908,0.5182631015777588,0.18713800609111786
2019,7,75.82046000977577,33.16297059654776,0.32847774028778076,-0.12087001651525497
2019,7,75.4501744496617,33.073049236607396,0.43162402510643005,0.13820235431194305
2019,7,74.81264009252207,32.527502364561606,0.14881117641925812,-0.09507188946008682
2019,7,75.13432679576528,32.99561445911629,0.326408326625824,0.012103348039090633
2019,7,74.79997384701599,32.928240812807324,0.25922632217407227,-0.07825358957052231
2019,7,74.56165080213908,33.43327366553932,0.2677094042301178,0.23136934638023376
2019,7,74.54134887671798,32.6732989351742,0.2351018488407135,-0.024997886270284653
2019,7,75.71859105655662,33.15982649305334,0.6419577598571777,0.10596857964992523
2019,7,75.72739454634099,33.382249357401335,0.3499484956264496,0.029735710471868515
2019,7,75.1991851592787,33.01402992244074,0.601763129234314,0.058159105479717255
2019,7,75.7778798653085,32.8213412939971,0.7947909832000732,0.15952421724796295
2019,7,75.32962053853286,33.19090820188387,0.32466360926628113,0.022575533017516136
2019,7,75.37983636291514,32.69539749116355,0.30282315611839294,-0.020742759108543396
2019,7,75.31354069494712,32.854578959509524,0.7214919328689575,0.19227033853530884
2019,7,75.2961133784352,33.4180921372377,0.43711957335472107,0.2374139279127121
2019,7,75.77976632740516,33.496604893069744,0.8418444991111755,0.29471516609191895
2019,7,74.80132131994218,33.33203353301905,0.5813671350479126,0.1586565375328064
2019,7,75.80105639963878,32.73312673309657,0.5494379997253418,0.042167969048023224
2019,7,75.36887691644888,32.81352595102526,0.2905319631099701,0.036322034895420074
2019,7,75.2193972531714,33.06505423057873,0.1788722574710846,0.0801747515797615
2019,7,74.5076620535635,33.473967347909934,0.09673075377941132,0.14009541273117065
2019,7,74.9549332335266,32.74282853816506,0.420175701379776,0.03678596392273903
2019,7,75.10432306527568,33.36787631285542,0.10608695447444916,0.295571893453598
2019,7,75.11564183785559,33.35925248612787,0.4584420621395111,0.20423680543899536
2019,7,74.92744478583255,32.62658654039999,0.3242286145687103,0.04218362271785736
2019,7,74.66872998400613,32.73384538532386,0.19866998493671417,-0.07667680829763412
2019,7,75.53524490706782,33.233398514822724,0.3547655940055847,0.14181481301784515
2019,7,75.45206091175835,32.9746837129963,0.38374727964401245,0.33814024925231934
2019,7,75.6598412369752,32.52552607093654,0.6180957555770874,0.1767406314611435
2019,7,75.04781903390456,32.96210729901863,0.3825717270374298,0.027397260069847107
2019,7,74.7332290214059,32.772113616427355,0.17184942960739136,0.20336134731769562
2019,7,75.09632805924701,32.769508502103406,0.5088793635368347,0.05448154732584953
2019,7,75.78183245255863,32.91907799690931,0.6898173093795776,0.2549595236778259
2019,7,74.90489707220115,32.773281426296705,-0.0019083969527855515,0.29978254437446594
2019,7,75.66244635129914,32.525615902464956,0.491056352853775,0.0073059359565377235
2019,7,74.72900693957055,33.08948840630678,0.4242190718650818,-0.0013550135772675276
2019,7,74.95232811920266,32.996243279815175,0.5997989177703857,0.09518716484308243
2019,7,75.40966043034791,32.58095212396672,0.465038001537323,-0.05225951597094536
2019,7,74.70960332943356,32.62901199166711,0.105027936398983,-0.1298084855079651
2019,7,75.871753812499,32.75962703397809,0.7621436715126038,0.20889201760292053
2019,7,74.69010988776817,32.739145445500164,0.278767466545105,0.0707518681883812
2019,7,75.46418816809397,33.33293184830317,0.4421033561229706,0.18562261760234833
2019,7,74.93472113963392,33.36203726350864,0.19924098253250122,0.17763975262641907
2019,7,75.49104779508913,32.51483611905552,0.4791666567325592,0.021011672914028168
2019,7,74.85108798668239,33.41503786527169,0.6786146759986877,0.2245064228773117
2019,7,75.62938834884355,33.338142076951065,0.44099143147468567,0.1805562674999237
2019,7,75.56354183851758,33.10368178779587,0.7493190169334412,0.2586621642112732
2019,7,74.83393016475571,32.645271498309675,0.5392335653305054,0.11151375621557236
2019,7,75.13118269227085,32.6439240253835,0.03355025500059128,-0.1166403666138649
2019,7,75.40139592973401,32.693960186708956,0.48005422949790955,0.0370769128203392
2019,7,75.23179400409224,33.13386518134229,0.40144866704940796,0.16964291036128998
2019,7,74.9338228243498,33.19845405027048,0.22745782136917114,0.12033779174089432
2019,7,75.28129117624722,33.06092198027178,0.4033730924129486,0.13153298199176788
2019,7,75.4337352799623,32.743906516506,0.3885638415813446,0.08380734920501709
2019,7,75.68580254868625,33.492831968876445,0.2913745939731598,0.08423885703086853
2019,7,75.14196247568029,32.66180049953748,0.29118141531944275,-0.12621040642261505
2019,7,75.14510657917471,33.20950332826515,0.31035080552101135,0.0653921365737915
2019,7,75.3795668683299,32.91764069245472,0.464982271194458,0.1218252032995224
2019,7,74.81326891322095,33.08131373722129,0.391591876745224,-0.0028769674245268106
2019,7,75.86384863799874,33.10601740753458,0.5039312243461609,0.011640083976089954
2019,7,75.72739454634099,32.74462516873329,0.39073479175567627,0.11597418785095215
2019,7,75.0803380471897,33.12416337627379,0.3639846742153168,0.06893066316843033
2019,7,75.19873600163665,33.27427186025017,0.4933983087539673,0.1192643791437149
2019,7,75.35055128465284,33.47387751638152,0.2946402430534363,-0.11436957865953445
2019,7,75.71382998555077,32.738965782443344,0.7986202836036682,0.2148275375366211
2019,7,75.422326675854,33.030558923668536,0.658364474773407,0.1883734166622162
2019,7,74.85674737297234,33.19135735952593,0.7588589191436768,0.2562878131866455
2019,7,74.84785405165955,32.65676993394641,0.13661670684814453,-0.0833333358168602
2019,7,74.50119418351784,33.46381638519939,0.4876987040042877,0.2717783451080322
2019,7,75.83752800017403,33.19971169166824,0.3469485342502594,0.06353512406349182
2019,7,75.0022744489997,32.599996407990055,0.12653811275959015,-0.10596123337745667
2019,7,75.52724990103916,33.10718521740394,0.7951495051383972,0.3043343126773834
2019,7,75.69271957637397,33.468487624676804,0.8901540040969849,0.33450910449028015
2019,7,75.16028810747633,33.40946831051016,0.39283910393714905,0.1942342221736908
2019,7,75.49571903456656,32.61742372450197,0.2146844118833542,-0.1751669943332672
2019,7,75.0954297439629,33.38180019975927,0.12293025851249695,0.3467608094215393
2019,7,74.93247535142362,33.292597492046205,0.572139322757721,0.24486468732357025
2019,7,74.82970808292035,32.94450031944989,0.4793589115142822,0.08916892856359482
2019,7,74.6474399117725,33.11167679382453,0.36766839027404785,0.15322428941726685
2019,7,74.63037192137422,33.45698918904007,0.08996734023094177,0.16340988874435425
2019,7,74.77473118753223,32.88530134222641,0.42465752363204956,0.025261860340833664
2019,7,75.57351313817131,32.68758214819171,0.5440897345542908,0.21686185896396637
2019,7,75.79162408915553,33.21372541010051,0.46795034408569336,-0.07295338809490204
2019,7,75.11393503881577,32.58274875453496,0.05089613422751427,-0.15524284541606903
2019,7,74.62543118731156,33.226750981720244,0.40752264857292175,0.09071744233369827
2019,7,75.44137095987733,32.7919663842064,0.4750281274318695,0.17804571986198425
2019,7,75.2863217418383,33.411354772606806,0.4195532500743866,0.20689374208450317
2019,7,75.62247132115583,32.84775176335022,0.39564332365989685,0.18550650775432587
2019,8,74.90103431647944,33.191986180224816,0.7312087416648865,0.25315409898757935
2019,8,75.35980393207927,33.281099056409474,0.004898530431091785,0.1409209966659546
2019,8,74.91334123587187,32.883953869300235,0.3051495850086212,-0.05476592481136322
2019,8,75.10055014108238,32.98483467570686,0.6343514919281006,0.25025397539138794
2019,8,75.2930591064692,32.6146389471212,0.6596858501434326,0.23427040874958038
2019,8,74.61662769752719,32.841014398719324,0.5671244263648987,0.13894937932491302
2019,8,75.45969659167336,33.1685401513093,0.1526479721069336,-0.013793103396892548
2019,8,75.35082077923808,33.33329117441682,-0.014947137795388699,0.15760605037212372
2019,8,75.41819442554704,32.9144965889603,0.6994574069976807,0.3056924343109131
2019,8,75.3735481559263,33.2669955064488,0.36608245968818665,0.0986214205622673
2019,8,75.33689689233422,33.461390933932265,0.6825633645057678,0.22389991581439972
2019,8,75.30329990070815,33.24866987465276,0.7837931513786316,0.30872055888175964
2019,8,75.10486205444616,32.86859267794179,0.5017836093902588,0.16083575785160065
2019,8,74.61519039307261,32.58364706981908,0.6177958846092224,0.24560709297657013
2019,8,75.05087330587057,32.91961698607978,0.36018186807632446,0.1241578459739685
2019,8,75.31659496691313,32.53900080019834,0.6808122992515564,0.27513331174850464
2019,8,74.88261885315498,33.28451265448913,0.43351444602012634,0.1669788360595703
2019,8,75.52069219946509,33.49489809402992,0.3969658613204956,0.11321806907653809
2019,8,75.53272962427228,32.817658201332215,0.608296275138855,0.3542914092540741
2019,8,74.84938118764256,32.829336300025766,0.673645555973053,0.28657713532447815
2019,8,74.69289466514894,32.6740175874015,0.1939978301525116,0.11343222111463547
2019,8,75.68715002161242,32.75693208812573,-0.02634778991341591,0.09981685131788254
2019,8,74.52140627741052,32.6492240855598,0.7070944309234619,0.28682446479797363
2019,8,75.51449382400466,32.79555964534287,0.7770763635635376,0.39783304929733276
2019,8,75.84291789187876,33.422493882129885,0.3742060959339142,0.2213810533285141
2019,8,75.23610591745602,33.06469490446508,0.02143522910773754,0.17961423099040985
2019,8,75.18319514722138,33.26942095771592,0.44308680295944214,0.18047672510147095
2019,8,75.28299797528706,32.8912302231016,0.42489269375801086,0.2730976641178131
2019,8,75.39420940746105,32.91485591507394,0.8255754709243774,0.2821986675262451
2019,8,75.54557553283519,32.77579670909224,-0.02080443874001503,0.16357643902301788
2019,8,74.90893949097969,32.7183045309086,0.7159845232963562,0.33647364377975464
2019,8,75.17897306538602,33.23483581927732,0.6488785743713379,0.2398165613412857
2019,8,74.93741608548628,33.05023202839076,0.36131951212882996,0.246027410030365
2019,8,75.4885325122936,32.926803508352734,-0.036908380687236786,0.15558449923992157
2019,8,75.27608094759934,33.069186480885676,0.4181240200996399,0.08012109249830246
2019,8,75.50982258452723,32.61607625157579,0.5537042617797852,0.2151457965373993
2019,8,75.45583383595165,32.671951462248025,0.8301395773887634,0.2910476326942444
2019,8,74.83923022493201,33.3384115715363,0.03095071017742157,0.12129222601652145
2019,8,75.75946440198405,32.81828702203109,0.6469534039497375,0.28727272152900696
2019,8,75.7448218628529,32.881258923447874,0.3736152946949005,0.174849271774292
2019,8,75.51215820426594,32.93174424241539,0.15876451134681702,0.16684530675411224
2019,8,74.50685356980779,32.815951402292384,0.7071273922920227,0.30033883452415466
2019,8,74.73179171695132,33.284422822960714,0.00406278483569622,0.18743252754211426
2019,8,75.18894436503975,32.59038443444997,0.8065902590751648,0.2962138056755066
2019,8,74.55742872030372,33.236093460675086,0.32029375433921814,0.14904144406318665
2019,8,75.01323389546596,32.89365567436872,0.8241848945617676,0.34959861636161804
2019,8,75.08339231915569,33.26439039212485,0.6757301092147827,0.2406337410211563
2019,8,75.309588107697,33.385752787009395,-0.006553588435053825,0.17093320190906525
2019,8,74.87839677131963,32.765376251796454,0.14460326731204987,0.1338665634393692
2019,8,75.62022553294553,33.35143714315603,0.7627974152565002,0.22700536251068115
2019,8,75.08617709653647,32.84424833374215,0.3902847468852997,0.16549129784107208
2019,8,75.14834051419754,33.13656012719464,0.6717531085014343,0.21056456863880157
2019,8,75.48278329447524,32.997411089684526,0.7297019362449646,0.2393997311592102
2019,8,75.77168148984808,32.63754598686625,0.0579439252614975,0.04776008799672127
2019,8,75.57117751843259,33.33535729957029,0.047413792461156845,0.13474074006080627
2019,8,75.17448148896541,33.13961439916065,0.17295072972774506,0.18202197551727295
2019,8,75.82692787982143,32.848919573219575,-0.018675722181797028,0.10117711126804352
2019,8,75.08069737330334,32.91916782843772,0.3600517213344574,-0.07396648079156876
2019,8,75.5291363631358,33.02561818960588,0.10551421344280243,0.17581507563591003
2019,8,75.59103028621163,33.301850139472634,-0.013374182395637035,0.10622274875640869
2019,8,75.38190248806862,33.194591294548765,0.5050694942474365,0.2568947970867157
2019,8,74.55176933401377,33.35673720333234,0.7012048363685608,0.3682823181152344
2019,8,75.56219436559141,32.9445901509783,0.7678157091140747,0.34538534283638
2019,8,75.37291933522742,33.14814839435979,0.3464912176132202,0.001427115174010396
2019,8,74.68723527885899,33.204382931145666,0.7731777429580688,0.2583671808242798
2019,8,74.83060639820447,32.78370188359249,0.48972731828689575,0.28185349702835083
2019,8,74.94738738514,32.95096818949555,0.24208569526672363,0.10512267798185349
2019,8,74.76251409966821,33.02993010296966,0.5076533555984497,0.27307263016700745
2019,8,75.01736614577291,32.716058742698294,0.7417218685150146,0.24965800344944
2019,8,74.77176674709463,33.31604352096172,0.7508675456047058,0.301041841506958
2019,8,75.21382769840986,33.47549448389294,0.6702632904052734,0.18511714041233063
2019,8,74.88468497830846,33.45914514572196,-0.019999999552965164,0.29132702946662903
2019,8,75.74724731412003,32.777323845075244,0.5649613738059998,0.1951441615819931
2019,8,74.6940624750183,32.62011867035433,0.5248826146125793,0.20263567566871643
2019,8,75.03623076673942,33.20447276267408,0.6352078318595886,0.11738317459821701
2019,8,74.92322270399718,33.10044785277304,0.7216405868530273,0.33880266547203064
2019,8,75.60666097215532,32.9859126540478,0.7343798875808716,0.3333333432674408
2019,8,75.81111753082092,32.536126191289156,0.8327718377113342,0.23629629611968994
2019,8,74.82674364248275,33.33383016358729,0.7205689549446106,0.20788396894931793
2019,8,75.28326746987229,32.59155224431933,0.7530528903007507,0.31751570105552673
2019,8,74.61716668669767,33.4346211384655,0.021809080615639687,0.17841409146785736
2019,8,75.74248624311419,32.95833437482533,0.7413622736930847,0.3280312418937683
2019,8,74.64582294426108,32.66135134189542,0.35569462180137634,0.18096068501472473
2019,8,75.07701428063845,32.53953978936881,-0.024316109716892242,0.16815534234046936
2019,8,75.67753804807235,33.37685946569661,0.7207649946212769,0.29292061924934387
2019,8,74.74868004429277,32.64042059577543,0.1530378758907318,-0.0003947095538023859
2019,8,75.66343449811167,33.4864539303592,0.6610032320022583,0.24726609885692596
2019,8,75.70251121297088,32.503158020361965,-0.3433258533477783,0.2216932326555252
2019,8,74.85710669908599,33.042955674589386,0.6610504984855652,0.2088644653558731
2019,8,75.86411813258397,32.62470007830334,0.8505721092224121,0.28885671496391296
2019,8,75.35091061076649,32.60987787611537,0.643291711807251,0.21755634248256683
2019,8,74.87381536337061,33.49301163193327,0.0013937281910330057,0.7540433406829834
2019,8,74.58006626546353,32.811190331286554,0.5421246290206909,0.20675507187843323
2019,8,74.97703178951595,33.20402360503202,0.37142708897590637,0.2315468043088913
2019,8,75.69577384833998,32.613830463365495,0.6425162553787231,0.22514285147190094
2019,8,74.74463762551423,32.71138750322088,0.4336381256580353,0.03547799587249756
2019,8,75.83025164637267,33.36446271477577,0.7189738750457764,0.1878020316362381
2019,8,75.20026313761964,33.05912534970354,0.0008723466307856143,0.1705515831708908
2019,8,74.8571965306144,32.80346481984312,0.8186162710189819,0.3403637409210205
2019,8,75.09821452134366,32.75531512061432,0.6173016428947449,0.17478151619434357
2019,8,75.27365549633221,33.166653689212644,0.6941303014755249,0.18426501750946045
2019,8,75.19002234338069,33.289722883137024,0.720186173915863,0.16369596123695374
2019,8,75.74437270521084,33.16315025960458,0.561004102230072,-0.02069218084216118
2019,8,75.08626692806489,33.14805856283137,0.5432873368263245,0.10807628929615021
2019,8,75.39052631479616,33.49319129499009,0.38211995363235474,0.1631745994091034
2019,8,75.46715260853156,32.62703569804205,0.6510171890258789,0.2526610791683197
2019,8,74.79269749321462,33.18515898406551,0.7561807036399841,0.27070948481559753
2019,8,75.71508762694855,33.21821698652111,0.0578061006963253,0.12365526705980301
2019,8,75.2487721629621,32.78891211224039,0.3174748420715332,0.22821734845638275
2019,8,75.63926981696886,32.82403623984946,0.02432885952293873,0.06191037595272064
2019,8,75.87813185101624,33.43641776903374,0.7149103283882141,0.269546777009964
2019,8,74.78326518273137,32.75504562602908,0.4493677318096161,0.22409741580486298
2019,8,75.82046000977577,33.16297059654776,0.5572519302368164,0.033542975783348083
2019,8,75.4501744496617,33.073049236607396,0.7091950178146362,0.1709733009338379
2019,8,74.81264009252207,32.527502364561606,0.33881524205207825,0.18978706002235413
2019,8,75.13432679576528,32.99561445911629,0.444141685962677,0.1488921046257019
2019,8,74.79997384701599,32.928240812807324,0.40251249074935913,0.12285415828227997
2019,8,74.56165080213908,33.43327366553932,0.535897433757782,0.3054930865764618
2019,8,74.54134887671798,32.6732989351742,0.6951779127120972,0.26456496119499207
2019,8,75.71859105655662,33.15982649305334,0.783880352973938,0.2797548174858093
2019,8,75.72739454634099,33.382249357401335,0.8200159668922424,0.34336286783218384
2019,8,75.1991851592787,33.01402992244074,0.6306020617485046,0.2359902560710907
2019,8,75.7778798653085,32.8213412939971,0.6110154986381531,0.19134493172168732
2019,8,75.32962053853286,33.19090820188387,0.59375,0.15045316517353058
2019,8,75.37983636291514,32.69539749116355,-0.014106789603829384,0.12373810261487961
2019,8,75.31354069494712,32.854578959509524,0.7312359809875488,0.3099812865257263
2019,8,75.2961133784352,33.4180921372377,0.16899563372135162,0.154635488986969
2019,8,75.77976632740516,33.496604893069744,0.8481141924858093,0.29801565408706665
2019,8,74.80132131994218,33.33203353301905,0.6791897416114807,0.20620942115783691
2019,8,75.80105639963878,32.73312673309657,0.6127527356147766,0.0791846364736557
2019,8,75.36887691644888,32.81352595102526,0.7424718141555786,0.33540987968444824
2019,8,75.2193972531714,33.06505423057873,0.1008458063006401,0.14074386656284332
2019,8,74.5076620535635,33.473967347909934,0.08881271630525589,0.11772233247756958
2019,8,74.9549332335266,32.74282853816506,0.6684006452560425,0.21048204600811005
2019,8,75.10432306527568,33.36787631285542,0.757640540599823,0.3144329786300659
2019,8,75.11564183785559,33.35925248612787,0.02599930390715599,0.13278937339782715
2019,8,74.92744478583255,32.62658654039999,0.28130683302879333,0.09576158970594406
2019,8,74.66872998400613,32.73384538532386,0.4790101647377014,0.2134198397397995
2019,8,75.53524490706782,33.233398514822724,0.6947729587554932,0.22335444390773773
2019,8,75.45206091175835,32.9746837129963,-0.009714453481137753,0.145191490650177
2019,8,75.6598412369752,32.52552607093654,0.7674083113670349,0.26759621500968933
2019,8,75.04781903390456,32.96210729901863,0.7524129152297974,0.30866333842277527
2019,8,74.7332290214059,32.772113616427355,0.7440062165260315,0.34695497155189514
2019,8,75.09632805924701,32.769508502103406,0.5167286396026611,0.18502339720726013
2019,8,75.78183245255863,32.91907799690931,0.8234524726867676,0.3239436745643616
2019,8,74.90489707220115,32.773281426296705,-0.17366236448287964,0.1555393785238266
2019,8,75.66244635129914,32.525615902464956,0.8153567910194397,0.2480500489473343
2019,8,74.72900693957055,33.08948840630678,0.41540074348449707,0.25661343336105347
2019,8,74.95232811920266,32.996243279815175,0.40220099687576294,0.23479770123958588
2019,8,75.40966043034791,32.58095212396672,0.6938850283622742,0.26377952098846436
2019,8,74.70960332943356,32.62901199166711,0.4964979290962219,0.24633295834064484
2019,8,75.871753812499,32.75962703397809,0.03197064995765686,0.21083125472068787
2019,8,74.69010988776817,32.739145445500164,0.3300445079803467,0.14442922174930573
2019,8,75.46418816809397,33.33293184830317,0.7256819605827332,0.35038259625434875
2019,8,74.93472113963392,33.36203726350864,0.03298969194293022,0.19794638454914093
2019,8,75.49104779508913,32.51483611905552,0.6827293634414673,0.2237236052751541
2019,8,74.85108798668239,33.41503786527169,0.5674486756324768,0.2311178296804428
2019,8,75.62938834884355,33.338142076951065,0.43949660658836365,0.2507019639015198
2019,8,75.56354183851758,33.10368178779587,0.7215859293937683,0.3060648739337921
2019,8,74.83393016475571,32.645271498309675,0.33880284428596497,0.1735273152589798
2019,8,75.13118269227085,32.6439240253835,0.15623770654201508,0.013802622444927692
2019,8,75.40139592973401,32.693960186708956,0.8255271911621094,0.3506200611591339
2019,8,75.23179400409224,33.13386518134229,0.5487179756164551,0.18102219700813293
2019,8,74.9338228243498,33.19845405027048,0.32099294662475586,0.24620024859905243
2019,8,75.28129117624722,33.06092198027178,0.5731288194656372,0.20283114910125732
2019,8,75.4337352799623,32.743906516506,0.565562903881073,0.2551101744174957
2019,8,75.68580254868625,33.492831968876445,0.4296296238899231,0.19608403742313385
2019,8,75.14196247568029,32.66180049953748,0.6502325534820557,0.1946128010749817
2019,8,75.14510657917471,33.20950332826515,0.7352723479270935,0.26527678966522217
2019,8,75.3795668683299,32.91764069245472,0.6970239281654358,0.24962925910949707
2019,8,74.81326891322095,33.08131373722129,0.7358459830284119,0.2893736958503723
2019,8,75.86384863799874,33.10601740753458,0.6912049651145935,0.19230243563652039
2019,8,75.72739454634099,32.74462516873329,-0.007060900330543518,0.20919238030910492
2019,8,75.0803380471897,33.12416337627379,0.7092348337173462,0.26942676305770874
2019,8,75.19873600163665,33.27427186025017,0.7451682090759277,0.30899327993392944
2019,8,75.35055128465284,33.47387751638152,0.35414066910743713,-0.035566095262765884
2019,8,75.71382998555077,32.738965782443344,0.023856859654188156,0.21099752187728882
2019,8,75.422326675854,33.030558923668536,0.4773021936416626,0.16224490106105804
2019,8,74.85674737297234,33.19135735952593,0.5797372460365295,0.21107879281044006
2019,8,74.84785405165955,32.65676993394641,0.7408079504966736,0.2785393297672272
2019,8,74.50119418351784,33.46381638519939,0.05478799343109131,0.13233081996440887
2019,8,75.83752800017403,33.19971169166824,0.8055810928344727,0.2780429720878601
2019,8,75.0022744489997,32.599996407990055,0.7487794160842896,0.2700612246990204
2019,8,75.52724990103916,33.10718521740394,0.79666668176651,0.27624309062957764
2019,8,75.69271957637397,33.468487624676804,0.8185744881629944,0.37638309597969055
2019,8,75.16028810747633,33.40946831051016,0.215554878115654,0.19546537101268768
2019,8,75.49571903456656,32.61742372450197,0.681175172328949,0.19037432968616486
2019,8,75.0954297439629,33.38180019975927,0.3187108337879181,0.2684607207775116
2019,8,74.93247535142362,33.292597492046205,0.6175941228866577,0.3702884614467621
2019,8,74.82970808292035,32.94450031944989,0.49058887362480164,0.23446401953697205
2019,8,74.6474399117725,33.11167679382453,0.35849079489707947,0.334815114736557
2019,8,74.63037192137422,33.45698918904007,0.030112044885754585,0.17285358905792236
2019,8,74.77473118753223,32.88530134222641,0.7858871221542358,0.3317010998725891
2019,8,75.57351313817131,32.68758214819171,0.5347825884819031,0.29138466715812683
2019,8,75.79162408915553,33.21372541010051,0.6247295141220093,0.04763802886009216
2019,8,75.11393503881577,32.58274875453496,0.08908482640981674,0.07184672355651855
2019,8,74.62543118731156,33.226750981720244,0.7898631691932678,0.2925981879234314
2019,8,75.44137095987733,32.7919663842064,0.7453979849815369,0.27331188321113586
2019,8,75.2863217418383,33.411354772606806,0.5910118222236633,0.2701321244239807
2019,8,75.62247132115583,32.84775176335022,0.154300719499588,0.28524425625801086
2019,9,74.90103431647944,33.191986180224816,0.7725643515586853,0.2547065317630768
2019,9,75.35980393207927,33.281099056409474,0.5620183944702148,0.12751182913780212
2019,9,74.91334123587187,32.883953869300235,0.29121193289756775,-0.06020066887140274
2019,9,75.10055014108238,32.98483467570686,0.36625000834465027,0.2519954442977905
2019,9,75.2930591064692,32.6146389471212,0.5826510190963745,0.19786159694194794
2019,9,74.61662769752719,32.841014398719324,0.6169792413711548,0.30718955397605896
2019,9,75.45969659167336,33.1685401513093,0.20246271789073944,0.01173641812056303
2019,9,75.35082077923808,33.33329117441682,0.33049601316452026,0.12023341655731201
2019,9,75.41819442554704,32.9144965889603,0.6956738233566284,0.2834319472312927
2019,9,75.3735481559263,33.2669955064488,0.44719135761260986,0.04150346666574478
2019,9,75.33689689233422,33.461390933932265,0.7176216840744019,0.20630818605422974
2019,9,75.30329990070815,33.24866987465276,0.7350323796272278,0.3275384306907654
2019,9,75.10486205444616,32.86859267794179,0.42362454533576965,0.15423890948295593
2019,9,74.61519039307261,32.58364706981908,0.4137985408306122,0.16337549686431885
2019,9,75.05087330587057,32.91961698607978,0.3549359440803528,0.14225411415100098
2019,9,75.31659496691313,32.53900080019834,0.4892355799674988,0.28525692224502563
2019,9,74.88261885315498,33.28451265448913,0.6379352807998657,0.16493940353393555
2019,9,75.52069219946509,33.49489809402992,0.2180042266845703,0.04418623074889183
2019,9,75.53272962427228,32.817658201332215,0.5107831954956055,0.337936133146286
2019,9,74.84938118764256,32.829336300025766,0.8337153792381287,0.34228187799453735
2019,9,74.69289466514894,32.6740175874015,0.3893846869468689,0.08094280958175659
2019,9,75.68715002161242,32.75693208812573,0.07073806971311569,0.11889150738716125
2019,9,74.52140627741052,32.6492240855598,0.7110157608985901,0.3642892837524414
2019,9,75.51449382400466,32.79555964534287,0.6612614393234253,0.3151131570339203
2019,9,75.84291789187876,33.422493882129885,0.3596729338169098,0.30329981446266174
2019,9,75.23610591745602,33.06469490446508,0.5845896601676941,0.11830546706914902
2019,9,75.18319514722138,33.26942095771592,0.49632036685943604,0.11679074168205261
2019,9,75.28299797528706,32.8912302231016,0.19440728425979614,0.1525379717350006
2019,9,75.39420940746105,32.91485591507394,0.7568569779396057,0.24114397168159485
2019,9,75.54557553283519,32.77579670909224,0.07321018725633621,0.08641961961984634
2019,9,74.90893949097969,32.7183045309086,0.5666666626930237,0.3310684561729431
2019,9,75.17897306538602,33.23483581927732,0.7240237593650818,0.2735739052295685
2019,9,74.93741608548628,33.05023202839076,0.6787967085838318,0.2086275964975357
2019,9,75.4885325122936,32.926803508352734,0.49766144156455994,0.22577323019504547
2019,9,75.27608094759934,33.069186480885676,0.47195398807525635,0.05875413119792938
2019,9,75.50982258452723,32.61607625157579,0.1982782781124115,0.09368427842855453
2019,9,75.45583383595165,32.671951462248025,0.017086399719119072,0.18158546090126038
2019,9,74.83923022493201,33.3384115715363,-0.04359779134392738,-0.03256150707602501
2019,9,75.75946440198405,32.81828702203109,0.5957326889038086,0.31889232993125916
2019,9,75.7448218628529,32.881258923447874,0.20185209810733795,0.15689817070960999
2019,9,75.51215820426594,32.93174424241539,0.4847937226295471,0.10402726382017136
2019,9,74.50685356980779,32.815951402292384,0.7439758777618408,0.3247469961643219
2019,9,74.73179171695132,33.284422822960714,0.4073823094367981,0.141667902469635
2019,9,75.18894436503975,32.59038443444997,0.3730570077896118,0.2106478214263916
2019,9,74.55742872030372,33.236093460675086,0.236897274851799,0.2415856420993805
2019,9,75.01323389546596,32.89365567436872,0.7396870851516724,0.23482850193977356
2019,9,75.08339231915569,33.26439039212485,0.5378125905990601,0.11782742291688919
2019,9,75.309588107697,33.385752787009395,0.4227835237979889,0.24730391800403595
2019,9,74.87839677131963,32.765376251796454,0.6964174509048462,0.3319095969200134
2019,9,75.62022553294553,33.35143714315603,0.6863901019096375,0.09477167576551437
2019,9,75.08617709653647,32.84424833374215,0.3656734824180603,0.17869485914707184
2019,9,75.14834051419754,33.13656012719464,0.7280763983726501,0.23101210594177246
2019,9,75.48278329447524,32.997411089684526,0.7230843305587769,0.25009068846702576
2019,9,75.77168148984808,32.63754598686625,-0.019883427768945694,0.29045283794403076
2019,9,75.57117751843259,33.33535729957029,0.36264628171920776,0.19187140464782715
2019,9,75.17448148896541,33.13961439916065,0.4244053363800049,0.2242579162120819
2019,9,75.82692787982143,32.848919573219575,0.05752639099955559,0.14519375562667847
2019,9,75.08069737330334,32.91916782843772,0.3333333432674408,0.025723043829202652
2019,9,75.5291363631358,33.02561818960588,0.424336701631546,0.19175009429454803
2019,9,75.59103028621163,33.301850139472634,0.5575203895568848,0.059231948107481
2019,9,75.38190248806862,33.194591294548765,0.619295060634613,0.13736242055892944
2019,9,74.55176933401377,33.35673720333234,0.6771748065948486,0.28585854172706604
2019,9,75.56219436559141,32.9445901509783,0.43464386463165283,0.2790999114513397
2019,9,75.37291933522742,33.14814839435979,0.2636677026748657,-0.02962430939078331
2019,9,74.68723527885899,33.204382931145666,0.7818396091461182,0.27487942576408386
2019,9,74.83060639820447,32.78370188359249,0.7949907183647156,0.3477276563644409
2019,9,74.94738738514,32.95096818949555,0.6159217953681946,0.24270382523536682
2019,9,74.76251409966821,33.02993010296966,0.762499988079071,0.22918958961963654
2019,9,75.01736614577291,32.716058742698294,0.6000000238418579,0.1921311467885971
2019,9,74.77176674709463,33.31604352096172,0.7330724000930786,0.2534656822681427
2019,9,75.21382769840986,33.47549448389294,0.5670248866081238,0.06651857495307922
2019,9,74.88468497830846,33.45914514572196,0.38364869356155396,0.18822933733463287
2019,9,75.74724731412003,32.777323845075244,0.1502610146999359,0.21216662228107452
2019,9,74.6940624750183,32.62011867035433,0.5276073813438416,0.3413533866405487
2019,9,75.03623076673942,33.20447276267408,0.6084029078483582,0.12358717620372772
2019,9,74.92322270399718,33.10044785277304,0.7928972244262695,0.2890912890434265
2019,9,75.60666097215532,32.9859126540478,0.7460092306137085,0.37471339106559753
2019,9,75.81111753082092,32.536126191289156,0.3712121248245239,0.19712401926517487
2019,9,74.82674364248275,33.33383016358729,0.7577353715896606,0.204330176115036
2019,9,75.28326746987229,32.59155224431933,0.507398784160614,0.2348930388689041
2019,9,74.61716668669767,33.4346211384655,0.15520836412906647,0.08597800880670547
2019,9,75.74248624311419,32.95833437482533,0.7051600813865662,0.3689431846141815
2019,9,74.64582294426108,32.66135134189542,0.5961095690727234,0.22442568838596344
2019,9,75.07701428063845,32.53953978936881,0.13618233799934387,0.25103792548179626
2019,9,75.67753804807235,33.37685946569661,0.7311206459999084,0.29770877957344055
2019,9,74.74868004429277,32.64042059577543,0.2315734475851059,-0.047888461500406265
2019,9,75.66343449811167,33.4864539303592,0.7420899271965027,0.2815099358558655
2019,9,75.70251121297088,32.503158020361965,-0.01534037385135889,0.08456011861562729
2019,9,74.85710669908599,33.042955674589386,0.7370932698249817,0.1996522694826126
2019,9,75.86411813258397,32.62470007830334,0.08369838446378708,0.2112046480178833
2019,9,75.35091061076649,32.60987787611537,0.34876778721809387,0.22344085574150085
2019,9,74.87381536337061,33.49301163193327,0.019922878593206406,0.7480045557022095
2019,9,74.58006626546353,32.811190331286554,0.49460476636886597,0.23224665224552155
2019,9,74.97703178951595,33.20402360503202,0.23662208020687103,0.11932877451181412
2019,9,75.69577384833998,32.613830463365495,0.07508964091539383,0.14996936917304993
2019,9,74.74463762551423,32.71138750322088,0.3800928294658661,0.05186797305941582
2019,9,75.83025164637267,33.36446271477577,0.5905646681785583,0.0659070834517479
2019,9,75.20026313761964,33.05912534970354,0.7244674563407898,0.15587663650512695
2019,9,74.8571965306144,32.80346481984312,0.8622547388076782,0.35177749395370483
2019,9,75.09821452134366,32.75531512061432,0.5205865502357483,0.1679733842611313
2019,9,75.27365549633221,33.166653689212644,0.6279984712600708,0.10723435133695602
2019,9,75.19002234338069,33.289722883137024,0.689431369304657,0.15562477707862854
2019,9,75.74437270521084,33.16315025960458,0.43595531582832336,-0.07770435512065887
2019,9,75.08626692806489,33.14805856283137,0.5565046072006226,0.08180708438158035
2019,9,75.39052631479616,33.49319129499009,0.7847030758857727,0.31359049677848816
2019,9,75.46715260853156,32.62703569804205,0.35991477966308594,0.1851963847875595
2019,9,74.79269749321462,33.18515898406551,0.8294013142585754,0.28252220153808594
2019,9,75.71508762694855,33.21821698652111,0.42521965503692627,0.17273415625095367
2019,9,75.2487721629621,32.78891211224039,0.5333009362220764,0.1609124392271042
2019,9,75.63926981696886,32.82403623984946,0.3262803256511688,0.1633332371711731
2019,9,75.87813185101624,33.43641776903374,0.49717265367507935,0.0998893678188324
2019,9,74.78326518273137,32.75504562602908,0.7162593007087708,0.2347094863653183
2019,9,75.82046000977577,33.16297059654776,0.45240816473960876,-0.052160292863845825
2019,9,75.4501744496617,33.073049236607396,0.6891494393348694,0.185675248503685
2019,9,74.81264009252207,32.527502364561606,0.5507088303565979,0.21869783103466034
2019,9,75.13432679576528,32.99561445911629,0.4109876751899719,0.11367249488830566
2019,9,74.79997384701599,32.928240812807324,0.6909843683242798,0.21788644790649414
2019,9,74.56165080213908,33.43327366553932,0.5941879153251648,0.2723303735256195
2019,9,74.54134887671798,32.6732989351742,0.5828065872192383,0.27362367510795593
2019,9,75.71859105655662,33.15982649305334,0.6988098621368408,0.19252589344978333
2019,9,75.72739454634099,33.382249357401335,0.5190244317054749,0.10729511827230453
2019,9,75.1991851592787,33.01402992244074,0.6573681831359863,0.19420795142650604
2019,9,75.7778798653085,32.8213412939971,0.6840083599090576,0.21700584888458252
2019,9,75.32962053853286,33.19090820188387,0.4794915020465851,0.037232931703329086
2019,9,75.37983636291514,32.69539749116355,-0.03003835864365101,0.16822582483291626
2019,9,75.31354069494712,32.854578959509524,0.6927943825721741,0.3070613741874695
2019,9,75.2961133784352,33.4180921372377,0.11844360083341599,0.10184959322214127
2019,9,75.77976632740516,33.496604893069744,0.8001052737236023,0.22022315859794617
2019,9,74.80132131994218,33.33203353301905,0.739739716053009,0.20866872370243073
2019,9,75.80105639963878,32.73312673309657,0.45686236023902893,0.06476853042840958
2019,9,75.36887691644888,32.81352595102526,0.6723833680152893,0.2444809228181839
2019,9,75.2193972531714,33.06505423057873,0.19310739636421204,0.08481748402118683
2019,9,74.5076620535635,33.473967347909934,0.4006514549255371,-0.006008583586663008
2019,9,74.9549332335266,32.74282853816506,0.618969738483429,0.28379932045936584
2019,9,75.10432306527568,33.36787631285542,0.7294073700904846,0.2618855834007263
2019,9,75.11564183785559,33.35925248612787,0.5606734156608582,0.20480145514011383
2019,9,74.92744478583255,32.62658654039999,0.4069811999797821,0.2438114583492279
2019,9,74.66872998400613,32.73384538532386,0.38746145367622375,0.10250122845172882
2019,9,75.53524490706782,33.233398514822724,0.3949093818664551,0.19976355135440826
2019,9,75.45206091175835,32.9746837129963,0.4349135458469391,0.14851976931095123
2019,9,75.6598412369752,32.52552607093654,0.5401598811149597,0.2900894284248352
2019,9,75.04781903390456,32.96210729901863,0.5217183828353882,0.28673383593559265
2019,9,74.7332290214059,32.772113616427355,0.7433628439903259,0.340751051902771
2019,9,75.09632805924701,32.769508502103406,0.4207407534122467,0.20720379054546356
2019,9,75.78183245255863,32.91907799690931,0.6649752855300903,0.3628472685813904
2019,9,74.90489707220115,32.773281426296705,-0.15258215367794037,0.08881548047065735
2019,9,75.66244635129914,32.525615902464956,0.7070701122283936,0.2178328037261963
2019,9,74.72900693957055,33.08948840630678,0.7276574373245239,0.2064714878797531
2019,9,74.95232811920266,32.996243279815175,0.3974025845527649,0.15475423634052277
2019,9,75.40966043034791,32.58095212396672,0.08578801155090332,0.2889884412288666
2019,9,74.70960332943356,32.62901199166711,0.6223365068435669,0.2621951103210449
2019,9,75.871753812499,32.75962703397809,0.3940032124519348,0.12451758980751038
2019,9,74.69010988776817,32.739145445500164,0.38824763894081116,0.13440515100955963
2019,9,75.46418816809397,33.33293184830317,0.7335076332092285,0.34055790305137634
2019,9,74.93472113963392,33.36203726350864,0.7047619223594666,0.09967707097530365
2019,9,75.49104779508913,32.51483611905552,0.20005424320697784,0.16762115061283112
2019,9,74.85108798668239,33.41503786527169,0.7435168623924255,0.14644183218479156
2019,9,75.62938834884355,33.338142076951065,0.697210967540741,0.3038748800754547
2019,9,75.56354183851758,33.10368178779587,0.7117425799369812,0.2824404537677765
2019,9,74.83393016475571,32.645271498309675,0.5010407567024231,0.15726730227470398
2019,9,75.13118269227085,32.6439240253835,0.17022906243801117,0.08090800791978836
2019,9,75.40139592973401,32.693960186708956,0.20739391446113586,0.16050106287002563
2019,9,75.23179400409224,33.13386518134229,0.5886356830596924,0.15323999524116516
2019,9,74.9338228243498,33.19845405027048,0.6090383529663086,0.1727975308895111
2019,9,75.28129117624722,33.06092198027178,0.6377106308937073,0.20091432332992554
2019,9,75.4337352799623,32.743906516506,0.15922175347805023,0.15232153236865997
2019,9,75.68580254868625,33.492831968876445,0.3438049256801605,0.0917905643582344
2019,9,75.14196247568029,32.66180049953748,0.5706989765167236,0.21535564959049225
2019,9,75.14510657917471,33.20950332826515,0.6150546073913574,0.1831589937210083
2019,9,75.3795668683299,32.91764069245472,0.6827638745307922,0.21360158920288086
2019,9,74.81326891322095,33.08131373722129,0.6818181872367859,0.19448818266391754
2019,9,75.86384863799874,33.10601740753458,0.6086704134941101,0.10831940919160843
2019,9,75.72739454634099,32.74462516873329,0.011212530545890331,0.18004369735717773
2019,9,75.0803380471897,33.12416337627379,0.7732876539230347,0.22559870779514313
2019,9,75.19873600163665,33.27427186025017,0.6020058989524841,0.2363889515399933
2019,9,75.35055128465284,33.47387751638152,0.3707304000854492,-0.012715364806354046
2019,9,75.71382998555077,32.738965782443344,0.05126196891069412,0.14770491421222687
2019,9,75.422326675854,33.030558923668536,0.12150558084249496,0.052832454442977905
2019,9,74.85674737297234,33.19135735952593,0.8633764386177063,0.2717190384864807
2019,9,74.84785405165955,32.65676993394641,0.5786644816398621,0.2300257682800293
2019,9,74.50119418351784,33.46381638519939,0.8065887093544006,0.32442283630371094
2019,9,75.83752800017403,33.19971169166824,0.7332406640052795,0.18038378655910492
2019,9,75.0022744489997,32.599996407990055,0.412420392036438,0.208906352519989
2019,9,75.52724990103916,33.10718521740394,0.7135511040687561,0.24430182576179504
2019,9,75.69271957637397,33.468487624676804,0.8347625136375427,0.31140899658203125
2019,9,75.16028810747633,33.40946831051016,0.6124138832092285,0.18238794803619385
2019,9,75.49571903456656,32.61742372450197,0.3902638554573059,0.0962240919470787
2019,9,75.0954297439629,33.38180019975927,0.7970149517059326,0.38958707451820374
2019,9,74.93247535142362,33.292597492046205,0.8077230453491211,0.3286357522010803
2019,9,74.82970808292035,32.94450031944989,0.731998085975647,0.26228460669517517
2019,9,74.6474399117725,33.11167679382453,0.5591620206832886,0.1972883641719818
2019,9,74.63037192137422,33.45698918904007,0.4030612111091614,0.036801017820835114
2019,9,74.77473118753223,32.88530134222641,0.7821297645568848,0.33651551604270935
2019,9,75.57351313817131,32.68758214819171,-0.046768710017204285,0.18138499557971954
2019,9,75.79162408915553,33.21372541010051,0.5615869164466858,-0.01759278029203415
2019,9,75.11393503881577,32.58274875453496,0.10813026130199432,0.09076720476150513
2019,9,74.62543118731156,33.226750981720244,0.6859804391860962,0.21350018680095673
2019,9,75.44137095987733,32.7919663842064,0.47714051604270935,0.23200534284114838
2019,9,75.2863217418383,33.411354772606806,0.6673218011856079,0.18650758266448975
2019,9,75.62247132115583,32.84775176335022,0.35517367720603943,0.337439626455307
2020,6,74.90103431647944,33.191986180224816,0.7530935406684875,0.11677360534667969
2020,6,75.35980393207927,33.281099056409474,0.6206884384155273,0.07731127738952637
2020,6,74.91334123587187,32.883953869300235,0.19873817265033722,-0.15132606029510498
2020,6,75.10055014108238,32.98483467570686,0.5019867420196533,0.04728328436613083
2020,6,75.2930591064692,32.6146389471212,0.4539960026741028,0.0070401811972260475
2020,6,74.61662769752719,32.841014398719324,0.4994903802871704,0.04648223891854286
2020,6,75.45969659167336,33.1685401513093,0.15059566497802734,-0.04010212793946266
2020,6,75.35082077923808,33.33329117441682,0.62739098072052,0.07425456494092941
2020,6,75.41819442554704,32.9144965889603,0.6312093734741211,0.17599879205226898
2020,6,75.3735481559263,33.2669955064488,0.4764203131198883,0.09369895607233047
2020,6,75.33689689233422,33.461390933932265,0.7377984523773193,0.11617951095104218
2020,6,75.30329990070815,33.24866987465276,0.7875300049781799,0.2119680494070053
2020,6,75.10486205444616,32.86859267794179,0.4242161810398102,-0.011152415536344051
2020,6,74.61519039307261,32.58364706981908,0.3733459413051605,0.07629629969596863
2020,6,75.05087330587057,32.91961698607978,0.4290887117385864,0.02190074324607849
2020,6,75.31659496691313,32.53900080019834,0.638979971408844,0.08780276775360107
2020,6,74.88261885315498,33.28451265448913,0.6166746616363525,0.19683854281902313
2020,6,75.52069219946509,33.49489809402992,0.44621503353118896,-0.011706470511853695
2020,6,75.53272962427228,32.817658201332215,0.7960271835327148,0.3964177668094635
2020,6,74.84938118764256,32.829336300025766,0.5396163463592529,0.22513419389724731
2020,6,74.69289466514894,32.6740175874015,0.6217915415763855,0.17003494501113892
2020,6,75.68715002161242,32.75693208812573,0.496054083108902,-0.012802578508853912
2020,6,74.52140627741052,32.6492240855598,0.11460738629102707,-0.07557467371225357
2020,6,75.51449382400466,32.79555964534287,0.6122121214866638,0.18952637910842896
2020,6,75.84291789187876,33.422493882129885,0.8337053060531616,0.20421352982521057
2020,6,75.23610591745602,33.06469490446508,0.6823817491531372,0.1459035873413086
2020,6,75.18319514722138,33.26942095771592,0.34053730964660645,0.05489438399672508
2020,6,75.28299797528706,32.8912302231016,0.5780414938926697,0.09962722659111023
2020,6,75.39420940746105,32.91485591507394,0.6179205179214478,0.12955042719841003
2020,6,75.54557553283519,32.77579670909224,0.6481165289878845,0.13050824403762817
2020,6,74.90893949097969,32.7183045309086,0.5870646834373474,0.10142425447702408
2020,6,75.17897306538602,33.23483581927732,0.6587228178977966,0.1987408697605133
2020,6,74.93741608548628,33.05023202839076,0.5868157744407654,0.04380632936954498
2020,6,75.4885325122936,32.926803508352734,0.7479289174079895,0.0873345360159874
2020,6,75.27608094759934,33.069186480885676,0.4338042736053467,0.03606304153800011
2020,6,75.50982258452723,32.61607625157579,0.3869532346725464,-0.014821436256170273
2020,6,75.45583383595165,32.671951462248025,0.34802180528640747,-0.05689432844519615
2020,6,74.83923022493201,33.3384115715363,-0.06081504747271538,0.011847582645714283
2020,6,75.75946440198405,32.81828702203109,0.42095237970352173,0.2782517969608307
2020,6,75.7448218628529,32.881258923447874,0.6939451694488525,0.1470726579427719
2020,6,75.51215820426594,32.93174424241539,0.566666841506958,0.13589657843112946
2020,6,74.50685356980779,32.815951402292384,0.11576250195503235,-0.08436789363622665
2020,6,74.73179171695132,33.284422822960714,0.6693705320358276,0.17427141964435577
2020,6,75.18894436503975,32.59038443444997,0.6783373951911926,0.1275501549243927
2020,6,74.55742872030372,33.236093460675086,0.4510554075241089,0.12908576428890228
2020,6,75.01323389546596,32.89365567436872,0.42006269097328186,0.00804189220070839
2020,6,75.08339231915569,33.26439039212485,0.37365010380744934,-0.021235521882772446
2020,6,75.309588107697,33.385752787009395,0.8659624457359314,0.2883009612560272
2020,6,74.87839677131963,32.765376251796454,0.6219751238822937,0.19932495057582855
2020,6,75.62022553294553,33.35143714315603,0.7890884876251221,0.20134063065052032
2020,6,75.08617709653647,32.84424833374215,0.4175824224948883,-0.01379980519413948
2020,6,75.14834051419754,33.13656012719464,0.6860328912734985,0.18719398975372314
2020,6,75.48278329447524,32.997411089684526,0.8634924292564392,0.3052125573158264
2020,6,75.77168148984808,32.63754598686625,0.5534734725952148,0.16825337707996368
2020,6,75.57117751843259,33.33535729957029,0.413944810628891,0.17331498861312866
2020,6,75.17448148896541,33.13961439916065,0.857424259185791,0.34439605474472046
2020,6,75.82692787982143,32.848919573219575,0.04281451925635338,0.6410152912139893
2020,6,75.08069737330334,32.91916782843772,0.37278106808662415,-0.023157894611358643
2020,6,75.5291363631358,33.02561818960588,0.4166945517063141,0.06639856100082397
2020,6,75.59103028621163,33.301850139472634,0.18638646602630615,0.10340847074985504
2020,6,75.38190248806862,33.194591294548765,0.6603630781173706,0.20608945190906525
2020,6,74.55176933401377,33.35673720333234,0.5073891878128052,0.1822064071893692
2020,6,75.56219436559141,32.9445901509783,0.4201476275920868,0.1997867375612259
2020,6,75.37291933522742,33.14814839435979,0.2808295786380768,-0.022321181371808052
2020,6,74.68723527885899,33.204382931145666,0.7469905614852905,0.20024244487285614
2020,6,74.83060639820447,32.78370188359249,0.6778042912483215,0.20273737609386444
2020,6,74.94738738514,32.95096818949555,0.07241659611463547,-0.1408083438873291
2020,6,74.76251409966821,33.02993010296966,0.654075562953949,0.04438040405511856
2020,6,75.01736614577291,32.716058742698294,0.507796585559845,0.005424954928457737
2020,6,74.77176674709463,33.31604352096172,0.5692822933197021,0.17905937135219574
2020,6,75.21382769840986,33.47549448389294,0.5480107069015503,0.04690779745578766
2020,6,74.88468497830846,33.45914514572196,0.10475189983844757,0.10658307373523712
2020,6,75.74724731412003,32.777323845075244,0.10665842145681381,0.4043850302696228
2020,6,74.6940624750183,32.62011867035433,0.2963210642337799,-0.14465409517288208
2020,6,75.03623076673942,33.20447276267408,0.6233692765235901,0.07399425655603409
2020,6,74.92322270399718,33.10044785277304,0.5260361433029175,-0.008991008624434471
2020,6,75.60666097215532,32.9859126540478,0.884715735912323,0.30640169978141785
2020,6,75.81111753082092,32.536126191289156,0.4148752987384796,0.09552982449531555
2020,6,74.82674364248275,33.33383016358729,0.6713869571685791,0.16281627118587494
2020,6,75.28326746987229,32.59155224431933,0.29224976897239685,-0.10402030497789383
2020,6,74.61716668669767,33.4346211384655,0.14122681319713593,0.014955812133848667
2020,6,75.74248624311419,32.95833437482533,0.8150571584701538,0.3216097354888916
2020,6,74.64582294426108,32.66135134189542,0.4269286096096039,0.0516962856054306
2020,6,75.07701428063845,32.53953978936881,0.09309865534305573,0.07575386017560959
2020,6,75.67753804807235,33.37685946569661,0.7513108253479004,0.2870047986507416
2020,6,74.74868004429277,32.64042059577543,0.16396568715572357,-0.08015768975019455
2020,6,75.66343449811167,33.4864539303592,0.649675726890564,0.19431553781032562
2020,6,75.70251121297088,32.503158020361965,-0.010279593989253044,0.009385923855006695
2020,6,74.85710669908599,33.042955674589386,0.615757167339325,0.12222471088171005
2020,6,75.86411813258397,32.62470007830334,0.14844222366809845,-0.026258831843733788
2020,6,75.35091061076649,32.60987787611537,0.5080674290657043,0.08131030946969986
2020,6,74.87381536337061,33.49301163193327,-0.024769771844148636,0.900415301322937
2020,6,74.58006626546353,32.811190331286554,0.2973875403404236,0.05532879754900932
2020,6,74.97703178951595,33.20402360503202,0.5965664982795715,0.09484949707984924
2020,6,75.69577384833998,32.613830463365495,0.4004562497138977,0.10694941133260727
2020,6,74.74463762551423,32.71138750322088,0.31640809774398804,-0.05229311063885689
2020,6,75.83025164637267,33.36446271477577,0.5743263959884644,0.0525604747235775
2020,6,75.20026313761964,33.05912534970354,0.706859827041626,0.12492739409208298
2020,6,74.8571965306144,32.80346481984312,0.45570865273475647,0.09151291847229004
2020,6,75.09821452134366,32.75531512061432,0.4841628968715668,0.03649913892149925
2020,6,75.27365549633221,33.166653689212644,0.46338415145874023,0.09109687060117722
2020,6,75.19002234338069,33.289722883137024,0.7429972290992737,0.155913308262825
2020,6,75.74437270521084,33.16315025960458,0.48572903871536255,-0.0842503160238266
2020,6,75.08626692806489,33.14805856283137,0.4209827482700348,0.010707635432481766
2020,6,75.39052631479616,33.49319129499009,0.7799025177955627,0.23779940605163574
2020,6,75.46715260853156,32.62703569804205,0.16259728372097015,-0.05949030816555023
2020,6,74.79269749321462,33.18515898406551,0.7108571529388428,0.17935974895954132
2020,6,75.71508762694855,33.21821698652111,0.4749078154563904,0.19628924131393433
2020,6,75.2487721629621,32.78891211224039,0.3175666928291321,-0.04038512706756592
2020,6,75.63926981696886,32.82403623984946,0.4241999387741089,0.1507469266653061
2020,6,75.87813185101624,33.43641776903374,0.689659595489502,0.15850761532783508
2020,6,74.78326518273137,32.75504562602908,0.5653235912322998,0.15239420533180237
2020,6,75.82046000977577,33.16297059654776,0.4058501422405243,-0.09405699372291565
2020,6,75.4501744496617,33.073049236607396,0.759443998336792,0.19596819579601288
2020,6,74.81264009252207,32.527502364561606,0.15967965126037598,-0.14265595376491547
2020,6,75.13432679576528,32.99561445911629,0.3519231677055359,-0.015809757634997368
2020,6,74.79997384701599,32.928240812807324,0.21090386807918549,-0.11358173191547394
2020,6,74.56165080213908,33.43327366553932,0.4516400396823883,0.16766467690467834
2020,6,74.54134887671798,32.6732989351742,0.0899832621216774,-0.08876101672649384
2020,6,75.71859105655662,33.15982649305334,0.6407947540283203,0.08923149853944778
2020,6,75.72739454634099,33.382249357401335,0.24185916781425476,-0.06557271629571915
2020,6,75.1991851592787,33.01402992244074,0.6434172987937927,0.03752392530441284
2020,6,75.7778798653085,32.8213412939971,0.7951091527938843,0.18660402297973633
2020,6,75.32962053853286,33.19090820188387,0.33682239055633545,-0.045496243983507156
2020,6,75.37983636291514,32.69539749116355,0.24059273302555084,0.025098221376538277
2020,6,75.31354069494712,32.854578959509524,0.7573078870773315,0.21755759418010712
2020,6,75.2961133784352,33.4180921372377,0.8009024858474731,-0.14123380184173584
2020,6,75.77976632740516,33.496604893069744,0.8426626920700073,0.3017580509185791
2020,6,74.80132131994218,33.33203353301905,0.4854758381843567,0.13259045779705048
2020,6,75.80105639963878,32.73312673309657,0.5504920482635498,0.012478925287723541
2020,6,75.36887691644888,32.81352595102526,0.5937074422836304,0.15991675853729248
2020,6,75.2193972531714,33.06505423057873,0.4612533152103424,0.06115732342004776
2020,6,74.5076620535635,33.473967347909934,0.2632075548171997,-0.013357899151742458
2020,6,74.9549332335266,32.74282853816506,0.5558408498764038,0.052540164440870285
2020,6,75.10432306527568,33.36787631285542,0.797990620136261,0.3061980605125427
2020,6,75.11564183785559,33.35925248612787,0.8759897351264954,0.1558196246623993
2020,6,74.92744478583255,32.62658654039999,0.30730223655700684,-0.0198105089366436
2020,6,74.66872998400613,32.73384538532386,0.5122228264808655,0.04116610437631607
2020,6,75.53524490706782,33.233398514822724,0.7467594146728516,0.22204546630382538
2020,6,75.45206091175835,32.9746837129963,0.4256669282913208,0.15263736248016357
2020,6,75.6598412369752,32.52552607093654,0.5687119364738464,0.16579346358776093
2020,6,75.04781903390456,32.96210729901863,0.48995739221572876,0.10318807512521744
2020,6,74.7332290214059,32.772113616427355,0.12213267385959625,-0.061566781252622604
2020,6,75.09632805924701,32.769508502103406,0.616797924041748,0.11907606571912766
2020,6,75.78183245255863,32.91907799690931,0.7557849884033203,0.22964005172252655
2020,6,74.90489707220115,32.773281426296705,0.006937562022358179,0.0323176346719265
2020,6,75.66244635129914,32.525615902464956,0.6152106523513794,0.08849002420902252
2020,6,74.72900693957055,33.08948840630678,0.537453830242157,0.0016787953209131956
2020,6,74.95232811920266,32.996243279815175,0.6039495468139648,0.02780711092054844
2020,6,75.40966043034791,32.58095212396672,0.6125126481056213,0.06455852091312408
2020,6,74.70960332943356,32.62901199166711,0.26279470324516296,-0.10257457941770554
2020,6,75.871753812499,32.75962703397809,0.6882387399673462,0.09712251275777817
2020,6,74.69010988776817,32.739145445500164,0.6961206793785095,0.2177949696779251
2020,6,75.46418816809397,33.33293184830317,0.46221041679382324,0.1959691196680069
2020,6,74.93472113963392,33.36203726350864,0.7589960098266602,0.22313719987869263
2020,6,75.49104779508913,32.51483611905552,0.6127274036407471,0.11880035698413849
2020,6,74.85108798668239,33.41503786527169,0.6271747946739197,0.12101373076438904
2020,6,75.62938834884355,33.338142076951065,0.7223576903343201,0.2980450987815857
2020,6,75.56354183851758,33.10368178779587,0.8019930124282837,0.2792380452156067
2020,6,74.83393016475571,32.645271498309675,0.5312306880950928,0.07698999345302582
2020,6,75.13118269227085,32.6439240253835,0.13995608687400818,-0.12446364015340805
2020,6,75.40139592973401,32.693960186708956,0.4259072244167328,0.1194365918636322
2020,6,75.23179400409224,33.13386518134229,0.5778248906135559,0.16599346697330475
2020,6,74.9338228243498,33.19845405027048,0.5459227561950684,0.14658603072166443
2020,6,75.28129117624722,33.06092198027178,0.6257586479187012,0.19685131311416626
2020,6,75.4337352799623,32.743906516506,0.7564857602119446,0.18812328577041626
2020,6,75.68580254868625,33.492831968876445,0.5250189900398254,0.07325293123722076
2020,6,75.14196247568029,32.66180049953748,0.551875650882721,0.015316284261643887
2020,6,75.14510657917471,33.20950332826515,0.32503315806388855,0.05649172142148018
2020,6,75.3795668683299,32.91764069245472,0.7357235550880432,0.18189474940299988
2020,6,74.81326891322095,33.08131373722129,0.4708215296268463,0.020248426124453545
2020,6,75.86384863799874,33.10601740753458,0.6476708054542542,0.08604782819747925
2020,6,75.72739454634099,32.74462516873329,0.11021938920021057,0.18565382063388824
2020,6,75.0803380471897,33.12416337627379,0.4430641829967499,0.04928988963365555
2020,6,75.19873600163665,33.27427186025017,0.5128563642501831,0.08728623390197754
2020,6,75.35055128465284,33.47387751638152,0.2907072603702545,-0.08621673285961151
2020,6,75.71382998555077,32.738965782443344,0.3728645443916321,0.12084322422742844
2020,6,75.422326675854,33.030558923668536,0.7922145128250122,0.19876688718795776
2020,6,74.85674737297234,33.19135735952593,0.8529289364814758,0.281218945980072
2020,6,74.84785405165955,32.65676993394641,0.17664232850074768,-0.09910581260919571
2020,6,74.50119418351784,33.46381638519939,0.7286112308502197,0.28853267431259155
2020,6,75.83752800017403,33.19971169166824,0.6341591477394104,0.09283088892698288
2020,6,75.0022744489997,32.599996407990055,0.19447004795074463,-0.0773114562034607
2020,6,75.52724990103916,33.10718521740394,0.8660840392112732,0.30717912316322327
2020,6,75.69271957637397,33.468487624676804,0.8276719450950623,0.2486831247806549
2020,6,75.16028810747633,33.40946831051016,0.6638755202293396,0.14553327858448029
2020,6,75.49571903456656,32.61742372450197,0.26785191893577576,-0.11359849572181702
2020,6,75.0954297439629,33.38180019975927,0.7957417964935303,0.33239996433258057
2020,6,74.93247535142362,33.292597492046205,0.6332559585571289,0.20182648301124573
2020,6,74.82970808292035,32.94450031944989,0.47558921575546265,0.06638713926076889
2020,6,74.6474399117725,33.11167679382453,0.29093050956726074,-0.030809318646788597
2020,6,74.63037192137422,33.45698918904007,-0.028759244829416275,0.34078213572502136
2020,6,74.77473118753223,32.88530134222641,0.23340658843517303,0.015311330556869507
2020,6,75.57351313817131,32.68758214819171,0.5186030268669128,0.17378249764442444
2020,6,75.79162408915553,33.21372541010051,0.4461791515350342,-0.11093848198652267
2020,6,75.11393503881577,32.58274875453496,0.126830592751503,-0.09747959673404694
2020,6,74.62543118731156,33.226750981720244,0.5536170601844788,0.07102394849061966
2020,6,75.44137095987733,32.7919663842064,0.8584209084510803,0.34107187390327454
2020,6,75.2863217418383,33.411354772606806,0.7580878138542175,0.2290220856666565
2020,6,75.62247132115583,32.84775176335022,0.3061847984790802,0.1685558557510376
2020,7,74.90103431647944,33.191986180224816,0.4849376678466797,0.2441139817237854
2020,7,75.35980393207927,33.281099056409474,0.5403401851654053,0.040200263261795044
2020,7,74.91334123587187,32.883953869300235,0.23830126225948334,-0.09827658534049988
2020,7,75.10055014108238,32.98483467570686,0.40838852524757385,0.043310876935720444
2020,7,75.2930591064692,32.6146389471212,0.42605060338974,0.06465592235326767
2020,7,74.61662769752719,32.841014398719324,0.45688802003860474,0.13867925107479095
2020,7,75.45969659167336,33.1685401513093,0.14267989993095398,-0.042897507548332214
2020,7,75.35082077923808,33.33329117441682,0.0847410336136818,0.0001106317067751661
2020,7,75.41819442554704,32.9144965889603,0.6174242496490479,0.22152690589427948
2020,7,75.3735481559263,33.2669955064488,0.4405023455619812,0.07851433753967285
2020,7,75.33689689233422,33.461390933932265,0.6251100301742554,0.12350436300039291
2020,7,75.30329990070815,33.24866987465276,0.7220263481140137,0.2165909856557846
2020,7,75.10486205444616,32.86859267794179,0.3595375716686249,0.04929734393954277
2020,7,74.61519039307261,32.58364706981908,0.23823100328445435,0.05959830433130264
2020,7,75.05087330587057,32.91961698607978,0.35597485303878784,0.06803170591592789
2020,7,75.31659496691313,32.53900080019834,0.33306580781936646,0.0943831354379654
2020,7,74.88261885315498,33.28451265448913,0.5372719764709473,0.1792326271533966
2020,7,75.52069219946509,33.49489809402992,0.14669987559318542,0.008431702852249146
2020,7,75.53272962427228,32.817658201332215,0.5670498013496399,0.2966485619544983
2020,7,74.84938118764256,32.829336300025766,0.5924209356307983,0.2353069931268692
2020,7,74.69289466514894,32.6740175874015,0.45735517144203186,0.0924607366323471
2020,7,75.68715002161242,32.75693208812573,0.00046533270506188273,0.12523864209651947
2020,7,74.52140627741052,32.6492240855598,0.06407766789197922,0.07626841217279434
2020,7,75.51449382400466,32.79555964534287,0.5089820623397827,0.18049049377441406
2020,7,75.84291789187876,33.422493882129885,0.8456140160560608,0.2783023416996002
2020,7,75.23610591745602,33.06469490446508,0.3082828223705292,0.14720992743968964
2020,7,75.18319514722138,33.26942095771592,0.3570536971092224,0.052274927496910095
2020,7,75.28299797528706,32.8912302231016,0.30934232473373413,0.16241738200187683
2020,7,75.39420940746105,32.91485591507394,0.7231996059417725,0.24616914987564087
2020,7,75.54557553283519,32.77579670909224,0.0010695187374949455,0.21505841612815857
2020,7,74.90893949097969,32.7183045309086,0.6097285151481628,0.14000959694385529
2020,7,75.17897306538602,33.23483581927732,0.5994559526443481,0.20525120198726654
2020,7,74.93741608548628,33.05023202839076,0.09785976260900497,-0.0032158386893570423
2020,7,75.4885325122936,32.926803508352734,0.13611111044883728,0.050625815987586975
2020,7,75.27608094759934,33.069186480885676,0.10167992860078812,0.1095721498131752
2020,7,75.50982258452723,32.61607625157579,0.29880478978157043,0.08467809110879898
2020,7,75.45583383595165,32.671951462248025,0.30588236451148987,0.135262593626976
2020,7,74.83923022493201,33.3384115715363,-0.004854368977248669,0.07878091186285019
2020,7,75.75946440198405,32.81828702203109,0.7264785170555115,0.3793288469314575
2020,7,75.7448218628529,32.881258923447874,0.06530380249023438,0.04135442525148392
2020,7,75.51215820426594,32.93174424241539,0.12180525809526443,0.3348850607872009
2020,7,74.50685356980779,32.815951402292384,0.21731038391590118,0.16438356041908264
2020,7,74.73179171695132,33.284422822960714,0.06001348793506622,0.15772119164466858
2020,7,75.18894436503975,32.59038443444997,0.37156903743743896,0.19549736380577087
2020,7,74.55742872030372,33.236093460675086,0.5305421948432922,0.20394562184810638
2020,7,75.01323389546596,32.89365567436872,0.5899950861930847,0.1405452936887741
2020,7,75.08339231915569,33.26439039212485,0.32341596484184265,-0.030865442007780075
2020,7,75.309588107697,33.385752787009395,-0.0062720379792153835,0.12788966298103333
2020,7,74.87839677131963,32.765376251796454,0.6621318459510803,0.2506069242954254
2020,7,75.62022553294553,33.35143714315603,0.6940006613731384,0.1660146862268448
2020,7,75.08617709653647,32.84424833374215,0.024492653086781502,0.0671382024884224
2020,7,75.14834051419754,33.13656012719464,0.7014590501785278,0.21824860572814941
2020,7,75.48278329447524,32.997411089684526,0.7496806979179382,0.214898020029068
2020,7,75.77168148984808,32.63754598686625,-0.01729106716811657,0.19383187592029572
2020,7,75.57117751843259,33.33535729957029,-0.00490420451387763,0.15507709980010986
2020,7,75.17448148896541,33.13961439916065,0.763552725315094,0.3006950616836548
2020,7,75.82692787982143,32.848919573219575,0.013564839959144592,0.21961969137191772
2020,7,75.08069737330334,32.91916782843772,0.3481907546520233,0.0028571428265422583
2020,7,75.5291363631358,33.02561818960588,0.7466970682144165,0.2865771949291229
2020,7,75.59103028621163,33.301850139472634,0.33180177211761475,0.09218139946460724
2020,7,75.38190248806862,33.194591294548765,0.6606584787368774,0.2022199034690857
2020,7,74.55176933401377,33.35673720333234,0.6845502257347107,0.27980536222457886
2020,7,75.56219436559141,32.9445901509783,0.03434094041585922,0.15913435816764832
2020,7,75.37291933522742,33.14814839435979,0.20470336079597473,-0.04854368790984154
2020,7,74.68723527885899,33.204382931145666,0.6444048881530762,0.19598521292209625
2020,7,74.83060639820447,32.78370188359249,0.7932258248329163,0.319763720035553
2020,7,74.94738738514,32.95096818949555,0.5666458606719971,0.10977526754140854
2020,7,74.76251409966821,33.02993010296966,0.5584012269973755,0.1114647388458252
2020,7,75.01736614577291,32.716058742698294,0.04973166435956955,0.06031210348010063
2020,7,74.77176674709463,33.31604352096172,0.28669846057891846,0.13566847145557404
2020,7,75.21382769840986,33.47549448389294,0.4241417348384857,-0.001552795059978962
2020,7,74.88468497830846,33.45914514572196,0.20557649433612823,0.18963497877120972
2020,7,75.74724731412003,32.777323845075244,0.037806399166584015,0.11854919791221619
2020,7,74.6940624750183,32.62011867035433,0.12258494645357132,-0.10565785318613052
2020,7,75.03623076673942,33.20447276267408,0.6124236583709717,0.10077241063117981
2020,7,74.92322270399718,33.10044785277304,0.6014320850372314,0.09749869257211685
2020,7,75.60666097215532,32.9859126540478,0.7669758796691895,0.2953929603099823
2020,7,75.81111753082092,32.536126191289156,0.7420924305915833,0.25638526678085327
2020,7,74.82674364248275,33.33383016358729,0.6384215354919434,0.14273522794246674
2020,7,75.28326746987229,32.59155224431933,0.2137054055929184,0.061521973460912704
2020,7,74.61716668669767,33.4346211384655,0.008558712899684906,0.04228993505239487
2020,7,75.74248624311419,32.95833437482533,0.7568597793579102,0.32524874806404114
2020,7,74.64582294426108,32.66135134189542,0.18042196333408356,0.031822044402360916
2020,7,75.07701428063845,32.53953978936881,0.0408642552793026,0.06842800229787827
2020,7,75.67753804807235,33.37685946569661,0.6852333545684814,0.26545965671539307
2020,7,74.74868004429277,32.64042059577543,0.08480918407440186,-0.06079530343413353
2020,7,75.66343449811167,33.4864539303592,0.7663065195083618,0.24198086559772491
2020,7,75.70251121297088,32.503158020361965,-0.06143033131957054,0.1339174211025238
2020,7,74.85710669908599,33.042955674589386,0.6523176431655884,0.14749787747859955
2020,7,75.86411813258397,32.62470007830334,-0.025035427883267403,0.14900259673595428
2020,7,75.35091061076649,32.60987787611537,0.3360184133052826,0.0981319472193718
2020,7,74.87381536337061,33.49301163193327,-0.003999910317361355,0.8826830983161926
2020,7,74.58006626546353,32.811190331286554,0.4088754951953888,0.16473731398582458
2020,7,74.97703178951595,33.20402360503202,0.25390440225601196,0.10713990777730942
2020,7,75.69577384833998,32.613830463365495,0.47268107533454895,0.15265081822872162
2020,7,74.74463762551423,32.71138750322088,0.3836340606212616,-0.01639227569103241
2020,7,75.83025164637267,33.36446271477577,0.4767096936702728,0.011116497218608856
2020,7,75.20026313761964,33.05912534970354,-0.011309374123811722,0.12959444522857666
2020,7,74.8571965306144,32.80346481984312,0.4206219017505646,0.09627856314182281
2020,7,75.09821452134366,32.75531512061432,0.34584179520606995,0.06873977184295654
2020,7,75.27365549633221,33.166653689212644,0.48514851927757263,0.08718788623809814
2020,7,75.19002234338069,33.289722883137024,0.6583850979804993,0.11588145792484283
2020,7,75.74437270521084,33.16315025960458,0.4274509847164154,-0.10211872309446335
2020,7,75.08626692806489,33.14805856283137,0.42281877994537354,0.044262997806072235
2020,7,75.39052631479616,33.49319129499009,0.7802703380584717,0.29200583696365356
2020,7,75.46715260853156,32.62703569804205,0.30619630217552185,0.07101798802614212
2020,7,74.79269749321462,33.18515898406551,0.6997663378715515,0.22321777045726776
2020,7,75.71508762694855,33.21821698652111,0.4223752021789551,0.2531698942184448
2020,7,75.2487721629621,32.78891211224039,0.4198174774646759,0.1134432777762413
2020,7,75.63926981696886,32.82403623984946,0.15989938378334045,0.040115997195243835
2020,7,75.87813185101624,33.43641776903374,0.6790257096290588,0.1274283230304718
2020,7,74.78326518273137,32.75504562602908,0.642383337020874,0.220404714345932
2020,7,75.82046000977577,33.16297059654776,0.3456140458583832,-0.10423357784748077
2020,7,75.4501744496617,33.073049236607396,0.721526563167572,0.17845658957958221
2020,7,74.81264009252207,32.527502364561606,0.24136191606521606,0.0148524334654212
2020,7,75.13432679576528,32.99561445911629,0.4050104320049286,0.024158265441656113
2020,7,74.79997384701599,32.928240812807324,0.21089597046375275,-0.10112333297729492
2020,7,74.56165080213908,33.43327366553932,0.45077139139175415,0.19383428990840912
2020,7,74.54134887671798,32.6732989351742,0.10684473812580109,-0.03850855678319931
2020,7,75.71859105655662,33.15982649305334,0.628230631351471,0.11428571492433548
2020,7,75.72739454634099,33.382249357401335,0.3271208703517914,-0.007768483366817236
2020,7,75.1991851592787,33.01402992244074,0.4807048738002777,0.03315174952149391
2020,7,75.7778798653085,32.8213412939971,0.6781340837478638,0.1859838217496872
2020,7,75.32962053853286,33.19090820188387,0.3276441693305969,-0.04765624925494194
2020,7,75.37983636291514,32.69539749116355,-0.04896843060851097,0.19787101447582245
2020,7,75.31354069494712,32.854578959509524,0.6893203854560852,0.2839072346687317
2020,7,75.2961133784352,33.4180921372377,0.4717406630516052,0.2591146230697632
2020,7,75.77976632740516,33.496604893069744,0.8363497257232666,0.2827128767967224
2020,7,74.80132131994218,33.33203353301905,0.47683772444725037,0.1375824213027954
2020,7,75.80105639963878,32.73312673309657,0.4795180857181549,0.023290758952498436
2020,7,75.36887691644888,32.81352595102526,0.5489290356636047,0.21877065300941467
2020,7,75.2193972531714,33.06505423057873,0.32590529322624207,0.051980677992105484
2020,7,74.5076620535635,33.473967347909934,0.08595128357410431,0.06806951761245728
2020,7,74.9549332335266,32.74282853816506,0.6284452080726624,0.1614406853914261
2020,7,75.10432306527568,33.36787631285542,0.7301619052886963,0.28140461444854736
2020,7,75.11564183785559,33.35925248612787,0.7388642430305481,0.1363757848739624
2020,7,74.92744478583255,32.62658654039999,0.449174702167511,0.09611185640096664
2020,7,74.66872998400613,32.73384538532386,0.6062852144241333,0.20889949798583984
2020,7,75.53524490706782,33.233398514822724,0.6899278163909912,0.2134108692407608
2020,7,75.45206091175835,32.9746837129963,0.7170731425285339,0.25095680356025696
2020,7,75.6598412369752,32.52552607093654,0.452283650636673,0.22620974481105804
2020,7,75.04781903390456,32.96210729901863,0.6528854370117188,0.19993135333061218
2020,7,74.7332290214059,32.772113616427355,0.38371530175209045,0.15907348692417145
2020,7,75.09632805924701,32.769508502103406,0.41826483607292175,0.12958694994449615
2020,7,75.78183245255863,32.91907799690931,0.7829357385635376,0.28705883026123047
2020,7,74.90489707220115,32.773281426296705,-0.000775099964812398,0.38393568992614746
2020,7,75.66244635129914,32.525615902464956,0.41203877329826355,0.20855118334293365
2020,7,74.72900693957055,33.08948840630678,0.537700891494751,0.07809662073850632
2020,7,74.95232811920266,32.996243279815175,0.3959520757198334,0.13017524778842926
2020,7,75.40966043034791,32.58095212396672,0.6495301127433777,0.18300653994083405
2020,7,74.70960332943356,32.62901199166711,0.09857562929391861,-0.12295917421579361
2020,7,75.871753812499,32.75962703397809,0.2404426485300064,0.12581904232501984
2020,7,74.69010988776817,32.739145445500164,0.39727452397346497,0.1290077418088913
2020,7,75.46418816809397,33.33293184830317,0.7162871956825256,0.34645089507102966
2020,7,74.93472113963392,33.36203726350864,-0.029281988739967346,0.10749498754739761
2020,7,75.49104779508913,32.51483611905552,0.5937970280647278,0.2195182591676712
2020,7,74.85108798668239,33.41503786527169,0.518410861492157,0.15285298228263855
2020,7,75.62938834884355,33.338142076951065,0.6665476560592651,0.23166227340698242
2020,7,75.56354183851758,33.10368178779587,0.7222861647605896,0.30780142545700073
2020,7,74.83393016475571,32.645271498309675,0.26944679021835327,0.04261670634150505
2020,7,75.13118269227085,32.6439240253835,0.13728129863739014,-0.0066838045604527
2020,7,75.40139592973401,32.693960186708956,0.14814814925193787,0.13720136880874634
2020,7,75.23179400409224,33.13386518134229,0.5571030378341675,0.15485964715480804
2020,7,74.9338228243498,33.19845405027048,0.4057531952857971,0.09177975356578827
2020,7,75.28129117624722,33.06092198027178,0.5534791946411133,0.19297583401203156
2020,7,75.4337352799623,32.743906516506,-0.04217950627207756,0.16773366928100586
2020,7,75.68580254868625,33.492831968876445,0.03822755068540573,0.02879251353442669
2020,7,75.14196247568029,32.66180049953748,0.6528226733207703,0.1436930000782013
2020,7,75.14510657917471,33.20950332826515,0.3696848452091217,0.0878029391169548
2020,7,75.3795668683299,32.91764069245472,0.6197802424430847,0.16117851436138153
2020,7,74.81326891322095,33.08131373722129,0.7300099730491638,0.2170720398426056
2020,7,75.86384863799874,33.10601740753458,0.5428106784820557,0.05040154978632927
2020,7,75.72739454634099,32.74462516873329,-0.017291206866502762,0.13479268550872803
2020,7,75.0803380471897,33.12416337627379,0.37591859698295593,0.0940711498260498
2020,7,75.19873600163665,33.27427186025017,0.5443270802497864,0.1363866776227951
2020,7,75.35055128465284,33.47387751638152,0.2825322449207306,-0.07034482806921005
2020,7,75.71382998555077,32.738965782443344,0.2560155987739563,0.1317073106765747
2020,7,75.422326675854,33.030558923668536,0.6912092566490173,0.15619279444217682
2020,7,74.85674737297234,33.19135735952593,0.7478945851325989,0.25575974583625793
2020,7,74.84785405165955,32.65676993394641,0.18610680103302002,-0.0675976499915123
2020,7,74.50119418351784,33.46381638519939,0.5458433628082275,0.21749213337898254
2020,7,75.83752800017403,33.19971169166824,0.6022877097129822,0.07767421007156372
2020,7,75.0022744489997,32.599996407990055,0.21635884046554565,-0.08712871372699738
2020,7,75.52724990103916,33.10718521740394,0.7879617214202881,0.29834437370300293
2020,7,75.69271957637397,33.468487624676804,0.8274547457695007,0.3039264976978302
2020,7,75.16028810747633,33.40946831051016,0.5063181519508362,0.08628210425376892
2020,7,75.49571903456656,32.61742372450197,0.11926605552434921,0.0508916936814785
2020,7,75.0954297439629,33.38180019975927,0.752635657787323,0.3273673355579376
2020,7,74.93247535142362,33.292597492046205,0.5976408123970032,0.3313145041465759
2020,7,74.82970808292035,32.94450031944989,0.49016115069389343,0.14264824986457825
2020,7,74.6474399117725,33.11167679382453,0.5831162333488464,0.22756826877593994
2020,7,74.63037192137422,33.45698918904007,0.14851273596286774,0.05316800996661186
2020,7,74.77473118753223,32.88530134222641,0.43243950605392456,0.24479521811008453
2020,7,75.57351313817131,32.68758214819171,-0.0019986676052212715,0.19328129291534424
2020,7,75.79162408915553,33.21372541010051,0.3931414484977722,-0.11728279292583466
2020,7,75.11393503881577,32.58274875453496,0.15407554805278778,-0.015439695678651333
2020,7,74.62543118731156,33.226750981720244,0.5092127323150635,0.16531221568584442
2020,7,75.44137095987733,32.7919663842064,0.15020373463630676,0.07809824496507645
2020,7,75.2863217418383,33.411354772606806,0.7283799648284912,0.21828119456768036
2020,7,75.62247132115583,32.84775176335022,-0.000469263264676556,0.0896727591753006
2020,8,74.90103431647944,33.191986180224816,0.7608155012130737,0.2463078498840332
2020,8,75.35980393207927,33.281099056409474,0.29925984144210815,0.06800848245620728
2020,8,74.91334123587187,32.883953869300235,0.37564584612846375,-0.04277101904153824
2020,8,75.10055014108238,32.98483467570686,0.7741957306861877,0.22545793652534485
2020,8,75.2930591064692,32.6146389471212,0.6815786361694336,0.19183453917503357
2020,8,74.61662769752719,32.841014398719324,0.3859405219554901,0.15742747485637665
2020,8,75.45969659167336,33.1685401513093,0.08920324593782425,-0.02955450303852558
2020,8,75.35082077923808,33.33329117441682,0.3320426344871521,0.19440510869026184
2020,8,75.41819442554704,32.9144965889603,0.536543071269989,0.16937966644763947
2020,8,75.3735481559263,33.2669955064488,0.153983935713768,-0.008644647896289825
2020,8,75.33689689233422,33.461390933932265,0.7068607211112976,0.27782100439071655
2020,8,75.30329990070815,33.24866987465276,0.8010481595993042,0.3284851908683777
2020,8,75.10486205444616,32.86859267794179,0.5599941611289978,0.1134357675909996
2020,8,74.61519039307261,32.58364706981908,0.5143818855285645,0.14814120531082153
2020,8,75.05087330587057,32.91961698607978,0.34374281764030457,0.10822366178035736
2020,8,75.31659496691313,32.53900080019834,0.7728341817855835,0.2769857943058014
2020,8,74.88261885315498,33.28451265448913,0.6081780195236206,0.15540015697479248
2020,8,75.52069219946509,33.49489809402992,0.01807980053126812,0.07454496622085571
2020,8,75.53272962427228,32.817658201332215,0.7125245928764343,0.402530699968338
2020,8,74.84938118764256,32.829336300025766,0.545651912689209,0.2277238667011261
2020,8,74.69289466514894,32.6740175874015,0.36688870191574097,0.058503828942775726
2020,8,75.68715002161242,32.75693208812573,0.12736643850803375,0.08429958671331406
2020,8,74.52140627741052,32.6492240855598,0.5612160563468933,0.30562540888786316
2020,8,75.51449382400466,32.79555964534287,0.4748702347278595,0.19865190982818604
2020,8,75.84291789187876,33.422493882129885,0.7684833407402039,0.37021276354789734
2020,8,75.23610591745602,33.06469490446508,0.4052077531814575,0.12017717957496643
2020,8,75.18319514722138,33.26942095771592,0.3328718841075897,0.047244079411029816
2020,8,75.28299797528706,32.8912302231016,0.8193688988685608,0.32710161805152893
2020,8,75.39420940746105,32.91485591507394,0.5508109331130981,0.21079611778259277
2020,8,75.54557553283519,32.77579670909224,0.33286556601524353,0.17113347351551056
2020,8,74.90893949097969,32.7183045309086,0.7954980731010437,0.28526756167411804
2020,8,75.17897306538602,33.23483581927732,0.6879761815071106,0.2548934519290924
2020,8,74.93741608548628,33.05023202839076,0.14067579805850983,0.1272244155406952
2020,8,75.4885325122936,32.926803508352734,0.04463320970535278,0.19528627395629883
2020,8,75.27608094759934,33.069186480885676,0.35962143540382385,0.04860403388738632
2020,8,75.50982258452723,32.61607625157579,0.6890226006507874,0.1976746767759323
2020,8,75.45583383595165,32.671951462248025,0.50938880443573,0.16443397104740143
2020,8,74.83923022493201,33.3384115715363,-0.06851721554994583,0.07016537338495255
2020,8,75.75946440198405,32.81828702203109,0.5778061747550964,0.4109788239002228
2020,8,75.7448218628529,32.881258923447874,0.03724154457449913,0.1277017891407013
2020,8,75.51215820426594,32.93174424241539,0.05933120474219322,0.06033394858241081
2020,8,74.50685356980779,32.815951402292384,0.7631728053092957,0.3217334747314453
2020,8,74.73179171695132,33.284422822960714,0.01397479884326458,0.1396847367286682
2020,8,75.18894436503975,32.59038443444997,0.4250218868255615,0.17494644224643707
2020,8,74.55742872030372,33.236093460675086,0.37875813245773315,0.24247173964977264
2020,8,75.01323389546596,32.89365567436872,0.835755467414856,0.2944493591785431
2020,8,75.08339231915569,33.26439039212485,0.5840660333633423,0.13390670716762543
2020,8,75.309588107697,33.385752787009395,0.16693678498268127,0.1388102024793625
2020,8,74.87839677131963,32.765376251796454,0.8290137052536011,0.3292602002620697
2020,8,75.62022553294553,33.35143714315603,0.712950587272644,0.11279908567667007
2020,8,75.08617709653647,32.84424833374215,0.6257675290107727,0.12258440256118774
2020,8,75.14834051419754,33.13656012719464,0.4840456545352936,0.13491275906562805
2020,8,75.48278329447524,32.997411089684526,0.286308228969574,0.31282544136047363
2020,8,75.77168148984808,32.63754598686625,0.3948823809623718,0.17496787011623383
2020,8,75.57117751843259,33.33535729957029,0.28459206223487854,0.17825578153133392
2020,8,75.17448148896541,33.13961439916065,0.3718283772468567,0.13984867930412292
2020,8,75.82692787982143,32.848919573219575,-0.021628711372613907,0.1807568520307541
2020,8,75.08069737330334,32.91916782843772,0.26993733644485474,0.0485735759139061
2020,8,75.5291363631358,33.02561818960588,0.22219887375831604,0.25844600796699524
2020,8,75.59103028621163,33.301850139472634,0.01955469325184822,0.14918118715286255
2020,8,75.38190248806862,33.194591294548765,0.5450965762138367,0.2281723916530609
2020,8,74.55176933401377,33.35673720333234,0.37281519174575806,0.3196280300617218
2020,8,75.56219436559141,32.9445901509783,0.03829973563551903,0.2734050452709198
2020,8,75.37291933522742,33.14814839435979,0.29292404651641846,0.1025342345237732
2020,8,74.68723527885899,33.204382931145666,0.49115559458732605,0.1901710331439972
2020,8,74.83060639820447,32.78370188359249,0.8139557242393494,0.4493370056152344
2020,8,74.94738738514,32.95096818949555,0.7459560036659241,0.23382386565208435
2020,8,74.76251409966821,33.02993010296966,0.7257446050643921,0.20959395170211792
2020,8,75.01736614577291,32.716058742698294,0.5177408456802368,0.16660510003566742
2020,8,74.77176674709463,33.31604352096172,0.7388575673103333,0.31610026955604553
2020,8,75.21382769840986,33.47549448389294,0.22051282227039337,0.07929284125566483
2020,8,74.88468497830846,33.45914514572196,0.363927960395813,0.18283940851688385
2020,8,75.74724731412003,32.777323845075244,0.2926587462425232,0.17792558670043945
2020,8,74.6940624750183,32.62011867035433,0.2800520062446594,0.2226984202861786
2020,8,75.03623076673942,33.20447276267408,0.6276676654815674,0.08125339448451996
2020,8,74.92322270399718,33.10044785277304,0.791745126247406,0.29280388355255127
2020,8,75.60666097215532,32.9859126540478,0.37211325764656067,0.32871636748313904
2020,8,75.81111753082092,32.536126191289156,0.8196663856506348,0.26329925656318665
2020,8,74.82674364248275,33.33383016358729,0.7192195653915405,0.1370413601398468
2020,8,75.28326746987229,32.59155224431933,0.4800221920013428,0.22223232686519623
2020,8,74.61716668669767,33.4346211384655,0.031505972146987915,0.1686263531446457
2020,8,75.74248624311419,32.95833437482533,0.3313310444355011,0.26192259788513184
2020,8,74.64582294426108,32.66135134189542,0.4712779223918915,0.18633224070072174
2020,8,75.07701428063845,32.53953978936881,-0.07703034579753876,0.14869940280914307
2020,8,75.67753804807235,33.37685946569661,0.7213582992553711,0.2720450162887573
2020,8,74.74868004429277,32.64042059577543,0.14456774294376373,-0.09206710010766983
2020,8,75.66343449811167,33.4864539303592,0.7266070246696472,0.31969112157821655
2020,8,75.70251121297088,32.503158020361965,-0.24234822392463684,0.1750972718000412
2020,8,74.85710669908599,33.042955674589386,0.6322941184043884,0.1404380053281784
2020,8,75.86411813258397,32.62470007830334,0.20710870623588562,0.211755633354187
2020,8,75.35091061076649,32.60987787611537,0.5022372007369995,0.2411823868751526
2020,8,74.87381536337061,33.49301163193327,-0.0018331543542444706,0.334651380777359
2020,8,74.58006626546353,32.811190331286554,0.5417750477790833,0.1976037323474884
2020,8,74.97703178951595,33.20402360503202,0.4323894679546356,0.1558866947889328
2020,8,75.69577384833998,32.613830463365495,0.5892336368560791,0.18099215626716614
2020,8,74.74463762551423,32.71138750322088,0.4377378523349762,0.003592868335545063
2020,8,75.83025164637267,33.36446271477577,0.4063231945037842,0.00441083824262023
2020,8,75.20026313761964,33.05912534970354,0.40397340059280396,0.1998908966779709
2020,8,74.8571965306144,32.80346481984312,0.5775524377822876,0.11033018678426743
2020,8,75.09821452134366,32.75531512061432,0.6154004335403442,0.1613064855337143
2020,8,75.27365549633221,33.166653689212644,0.7188581824302673,0.22284014523029327
2020,8,75.19002234338069,33.289722883137024,0.7158663868904114,0.12111242115497589
2020,8,75.74437270521084,33.16315025960458,0.4803772568702698,-0.0905567929148674
2020,8,75.08626692806489,33.14805856283137,0.4853608012199402,0.04507342353463173
2020,8,75.39052631479616,33.49319129499009,0.7238307595252991,0.3197360634803772
2020,8,75.46715260853156,32.62703569804205,0.6820884943008423,0.23236723244190216
2020,8,74.79269749321462,33.18515898406551,0.8202154636383057,0.25574353337287903
2020,8,75.71508762694855,33.21821698652111,0.014169654808938503,0.10921595990657806
2020,8,75.2487721629621,32.78891211224039,0.46164584159851074,0.16476517915725708
2020,8,75.63926981696886,32.82403623984946,0.06759975850582123,0.10218716412782669
2020,8,75.87813185101624,33.43641776903374,0.7527173757553101,0.2440500259399414
2020,8,74.78326518273137,32.75504562602908,0.79776531457901,0.28004205226898193
2020,8,75.82046000977577,33.16297059654776,0.3781588673591614,-0.02994525618851185
2020,8,75.4501744496617,33.073049236607396,0.6923879981040955,0.18185853958129883
2020,8,74.81264009252207,32.527502364561606,0.6363859176635742,0.1682279258966446
2020,8,75.13432679576528,32.99561445911629,0.5114643573760986,0.11385605484247208
2020,8,74.79997384701599,32.928240812807324,0.7742452025413513,0.2714782655239105
2020,8,74.56165080213908,33.43327366553932,0.30534759163856506,0.18958231806755066
2020,8,74.54134887671798,32.6732989351742,0.4333711266517639,0.08486249297857285
2020,8,75.71859105655662,33.15982649305334,0.5704050660133362,0.06049893796443939
2020,8,75.72739454634099,33.382249357401335,0.3949361741542816,0.18295371532440186
2020,8,75.1991851592787,33.01402992244074,0.7590757012367249,0.1429823487997055
2020,8,75.7778798653085,32.8213412939971,0.6966234445571899,0.20698954164981842
2020,8,75.32962053853286,33.19090820188387,0.4185824990272522,0.0011240560561418533
2020,8,75.37983636291514,32.69539749116355,0.28398269414901733,0.10776934027671814
2020,8,75.31354069494712,32.854578959509524,0.534172534942627,0.2525384724140167
2020,8,75.2961133784352,33.4180921372377,0.18087556958198547,0.047493401914834976
2020,8,75.77976632740516,33.496604893069744,0.803889811038971,0.25811371207237244
2020,8,74.80132131994218,33.33203353301905,0.6393658518791199,0.12056460231542587
2020,8,75.80105639963878,32.73312673309657,0.273236483335495,0.04697791486978531
2020,8,75.36887691644888,32.81352595102526,0.4061536490917206,0.1640894114971161
2020,8,75.2193972531714,33.06505423057873,0.27740299701690674,0.06267428398132324
2020,8,74.5076620535635,33.473967347909934,0.10671816021203995,0.14880435168743134
2020,8,74.9549332335266,32.74282853816506,0.3815869688987732,0.21507512032985687
2020,8,75.10432306527568,33.36787631285542,0.7168979048728943,0.2553842067718506
2020,8,75.11564183785559,33.35925248612787,-0.00245347386226058,0.12277910113334656
2020,8,74.92744478583255,32.62658654039999,0.6366283297538757,0.2248946875333786
2020,8,74.66872998400613,32.73384538532386,0.4940880835056305,0.17898713052272797
2020,8,75.53524490706782,33.233398514822724,0.07969973236322403,0.14602261781692505
2020,8,75.45206091175835,32.9746837129963,0.36911749839782715,0.16146500408649445
2020,8,75.6598412369752,32.52552607093654,0.7026522159576416,0.24656426906585693
2020,8,75.04781903390456,32.96210729901863,0.8153994679450989,0.359325647354126
2020,8,74.7332290214059,32.772113616427355,0.7260506749153137,0.2673400938510895
2020,8,75.09632805924701,32.769508502103406,0.41553616523742676,0.22327208518981934
2020,8,75.78183245255863,32.91907799690931,0.014981626532971859,0.24480754137039185
2020,8,74.90489707220115,32.773281426296705,-0.3897489011287689,0.16036517918109894
2020,8,75.66244635129914,32.525615902464956,0.7809187173843384,0.2676587700843811
2020,8,74.72900693957055,33.08948840630678,0.4208299219608307,0.1638006567955017
2020,8,74.95232811920266,32.996243279815175,0.18893513083457947,0.11696674674749374
2020,8,75.40966043034791,32.58095212396672,0.7887495160102844,0.262800395488739
2020,8,74.70960332943356,32.62901199166711,0.40735456347465515,0.15376009047031403
2020,8,75.871753812499,32.75962703397809,0.32131436467170715,0.24048137664794922
2020,8,74.69010988776817,32.739145445500164,0.3422067165374756,0.050709206610918045
2020,8,75.46418816809397,33.33293184830317,0.7213864326477051,0.399301677942276
2020,8,74.93472113963392,33.36203726350864,0.055607330054044724,0.15738025307655334
2020,8,75.49104779508913,32.51483611905552,0.05273684859275818,0.24065473675727844
2020,8,74.85108798668239,33.41503786527169,0.5246370434761047,0.20146304368972778
2020,8,75.62938834884355,33.338142076951065,0.3706858158111572,0.3023926615715027
2020,8,75.56354183851758,33.10368178779587,0.6923049688339233,0.28610754013061523
2020,8,74.83393016475571,32.645271498309675,0.772097110748291,0.2527031898498535
2020,8,75.13118269227085,32.6439240253835,0.17586490511894226,0.04856475815176964
2020,8,75.40139592973401,32.693960186708956,0.7860018610954285,0.32107335329055786
2020,8,75.23179400409224,33.13386518134229,0.03103036992251873,0.08191630244255066
2020,8,74.9338228243498,33.19845405027048,0.30827903747558594,0.0815209448337555
2020,8,75.28129117624722,33.06092198027178,0.6669019460678101,0.17894329130649567
2020,8,75.4337352799623,32.743906516506,0.3858950734138489,0.1924821138381958
2020,8,75.68580254868625,33.492831968876445,0.5278036594390869,0.005931683350354433
2020,8,75.14196247568029,32.66180049953748,0.6667070984840393,0.18901975452899933
2020,8,75.14510657917471,33.20950332826515,0.5246650576591492,0.15769316256046295
2020,8,75.3795668683299,32.91764069245472,0.32400766015052795,0.20446966588497162
2020,8,74.81326891322095,33.08131373722129,0.8101977109909058,0.23623767495155334
2020,8,75.86384863799874,33.10601740753458,0.2874349355697632,0.1866377741098404
2020,8,75.72739454634099,32.74462516873329,0.05920339748263359,0.06647419184446335
2020,8,75.0803380471897,33.12416337627379,0.6081684231758118,0.1636067032814026
2020,8,75.19873600163665,33.27427186025017,0.6621208786964417,0.2348695993423462
2020,8,75.35055128465284,33.47387751638152,0.31635168194770813,-0.055086176842451096
2020,8,75.71382998555077,32.738965782443344,0.2631731629371643,0.11488889157772064
2020,8,75.422326675854,33.030558923668536,0.15257802605628967,0.2235790193080902
2020,8,74.85674737297234,33.19135735952593,0.8479681015014648,0.26171672344207764
2020,8,74.84785405165955,32.65676993394641,0.46762487292289734,0.17894712090492249
2020,8,74.50119418351784,33.46381638519939,0.031778354197740555,0.0936964601278305
2020,8,75.83752800017403,33.19971169166824,0.5182925462722778,0.11718270182609558
2020,8,75.0022744489997,32.599996407990055,0.7323915958404541,0.2663659155368805
2020,8,75.52724990103916,33.10718521740394,0.6135633587837219,0.2549336850643158
2020,8,75.69271957637397,33.468487624676804,0.876288652420044,0.3279569745063782
2020,8,75.16028810747633,33.40946831051016,0.017375033348798752,0.09435751289129257
2020,8,75.49571903456656,32.61742372450197,0.48969146609306335,0.09992284327745438
2020,8,75.0954297439629,33.38180019975927,0.5145519971847534,0.38932767510414124
2020,8,74.93247535142362,33.292597492046205,0.8597046732902527,0.40463027358055115
2020,8,74.82970808292035,32.94450031944989,0.8221573233604431,0.2775753140449524
2020,8,74.6474399117725,33.11167679382453,0.7054898738861084,0.26159587502479553
2020,8,74.63037192137422,33.45698918904007,-0.0001533994945930317,0.19177787005901337
2020,8,74.77473118753223,32.88530134222641,0.8305407166481018,0.35335925221443176
2020,8,75.57351313817131,32.68758214819171,0.1794671267271042,0.20248323678970337
2020,8,75.79162408915553,33.21372541010051,0.4870798885822296,-0.07516180723905563
2020,8,75.11393503881577,32.58274875453496,0.1393156200647354,0.13364864885807037
2020,8,74.62543118731156,33.226750981720244,0.4838220179080963,0.2090647965669632
2020,8,75.44137095987733,32.7919663842064,0.2016235738992691,0.25342580676078796
2020,8,75.2863217418383,33.411354772606806,0.7607751488685608,0.24468587338924408
2020,8,75.62247132115583,32.84775176335022,-0.04207019880414009,0.23315447568893433
2020,9,74.90103431647944,33.191986180224816,0.7827121615409851,0.2576223909854889
2020,9,75.35980393207927,33.281099056409474,0.606856644153595,0.08941097557544708
2020,9,74.91334123587187,32.883953869300235,0.3419506549835205,-0.05206611752510071
2020,9,75.10055014108238,32.98483467570686,0.7637022137641907,0.2242410033941269
2020,9,75.2930591064692,32.6146389471212,0.6858992576599121,0.19769291579723358
2020,9,74.61662769752719,32.841014398719324,0.7633481621742249,0.27790066599845886
2020,9,75.45969659167336,33.1685401513093,0.22711434960365295,0.02466598153114319
2020,9,75.35082077923808,33.33329117441682,0.6206594705581665,0.1279224455356598
2020,9,75.41819442554704,32.9144965889603,0.6509568691253662,0.22431688010692596
2020,9,75.3735481559263,33.2669955064488,0.625,-0.04098360612988472
2020,9,75.33689689233422,33.461390933932265,0.7066178917884827,0.230667844414711
2020,9,75.30329990070815,33.24866987465276,0.807482123374939,0.34900373220443726
2020,9,75.10486205444616,32.86859267794179,0.4639696478843689,0.08426966518163681
2020,9,74.61519039307261,32.58364706981908,0.49392619729042053,0.0760108157992363
2020,9,75.05087330587057,32.91961698607978,0.2809048593044281,0.08673029392957687
2020,9,75.31659496691313,32.53900080019834,0.7563245296478271,0.2596454620361328
2020,9,74.88261885315498,33.28451265448913,0.6250317692756653,0.16020718216896057
2020,9,75.52069219946509,33.49489809402992,0.41044357419013977,0.005602241028100252
2020,9,75.53272962427228,32.817658201332215,0.7966772317886353,0.4287390112876892
2020,9,74.84938118764256,32.829336300025766,0.8191826939582825,0.34270980954170227
2020,9,74.69289466514894,32.6740175874015,0.5251166820526123,0.013735732063651085
2020,9,75.68715002161242,32.75693208812573,0.5812332630157471,0.02395833283662796
2020,9,74.52140627741052,32.6492240855598,0.7825796604156494,0.364250123500824
2020,9,75.51449382400466,32.79555964534287,0.6913214921951294,0.29165881872177124
2020,9,75.84291789187876,33.422493882129885,0.7747538089752197,0.39043834805488586
2020,9,75.23610591745602,33.06469490446508,0.5919203758239746,0.07488986849784851
2020,9,75.18319514722138,33.26942095771592,0.43958333134651184,0.10101550072431564
2020,9,75.28299797528706,32.8912302231016,0.71378093957901,0.2054681032896042
2020,9,75.39420940746105,32.91485591507394,0.8277453184127808,0.26195380091667175
2020,9,75.54557553283519,32.77579670909224,0.6590772867202759,0.20297029614448547
2020,9,74.90893949097969,32.7183045309086,0.7765362858772278,0.2867981791496277
2020,9,75.17897306538602,33.23483581927732,0.7281806468963623,0.27546295523643494
2020,9,74.93741608548628,33.05023202839076,0.46929824352264404,0.21116258203983307
2020,9,75.4885325122936,32.926803508352734,0.7314996719360352,0.1766899824142456
2020,9,75.27608094759934,33.069186480885676,0.4977028965950012,0.029747148975729942
2020,9,75.50982258452723,32.61607625157579,0.3075648844242096,-0.008622502908110619
2020,9,75.45583383595165,32.671951462248025,0.5909878611564636,0.09002669155597687
2020,9,74.83923022493201,33.3384115715363,-0.010316264815628529,-0.0216875858604908
2020,9,75.75946440198405,32.81828702203109,0.8192929029464722,0.4216614067554474
2020,9,75.7448218628529,32.881258923447874,0.703066885471344,0.19947636127471924
2020,9,75.51215820426594,32.93174424241539,0.5821515321731567,0.06916426867246628
2020,9,74.50685356980779,32.815951402292384,0.686664879322052,0.21917477250099182
2020,9,74.73179171695132,33.284422822960714,0.6752713918685913,0.11264240741729736
2020,9,75.18894436503975,32.59038443444997,0.77613365650177,0.30013975501060486
2020,9,74.55742872030372,33.236093460675086,0.7018811702728271,0.25645843148231506
2020,9,75.01323389546596,32.89365567436872,0.7547050714492798,0.23693729937076569
2020,9,75.08339231915569,33.26439039212485,0.6529573202133179,0.20095521211624146
2020,9,75.309588107697,33.385752787009395,0.844548225402832,0.22031444311141968
2020,9,74.87839677131963,32.765376251796454,0.8268551230430603,0.34547820687294006
2020,9,75.62022553294553,33.35143714315603,0.6334229707717896,-0.04849584400653839
2020,9,75.08617709653647,32.84424833374215,0.6438696980476379,0.1977042257785797
2020,9,75.14834051419754,33.13656012719464,0.7564444541931152,0.16320645809173584
2020,9,75.48278329447524,32.997411089684526,0.8053649663925171,0.23728089034557343
2020,9,75.77168148984808,32.63754598686625,0.2949787676334381,0.10395607352256775
2020,9,75.57117751843259,33.33535729957029,0.07692307978868484,0.10472103208303452
2020,9,75.17448148896541,33.13961439916065,0.6256603598594666,0.15826545655727386
2020,9,75.82692787982143,32.848919573219575,0.6312560439109802,0.09982139617204666
2020,9,75.08069737330334,32.91916782843772,0.32211312651634216,-0.05588334798812866
2020,9,75.5291363631358,33.02561818960588,0.7822028398513794,0.3638095259666443
2020,9,75.59103028621163,33.301850139472634,0.500625491142273,0.03894195333123207
2020,9,75.38190248806862,33.194591294548765,0.627191424369812,0.12462908029556274
2020,9,74.55176933401377,33.35673720333234,0.7302871942520142,0.25452467799186707
2020,9,75.56219436559141,32.9445901509783,0.8592655062675476,0.30233538150787354
2020,9,75.37291933522742,33.14814839435979,0.3519301116466522,0.00883095059543848
2020,9,74.68723527885899,33.204382931145666,0.8229901790618896,0.28725817799568176
2020,9,74.83060639820447,32.78370188359249,0.8457921743392944,0.3758542239665985
2020,9,74.94738738514,32.95096818949555,0.41910332441329956,-0.08090614527463913
2020,9,74.76251409966821,33.02993010296966,0.8400467038154602,0.27551019191741943
2020,9,75.01736614577291,32.716058742698294,0.7107418179512024,0.23234644532203674
2020,9,74.77176674709463,33.31604352096172,0.7535383701324463,0.23192177712917328
2020,9,75.21382769840986,33.47549448389294,0.6407220959663391,0.10174880921840668
2020,9,74.88468497830846,33.45914514572196,0.47488921880722046,0.1538461595773697
2020,9,75.74724731412003,32.777323845075244,0.4891112446784973,0.10609152168035507
2020,9,74.6940624750183,32.62011867035433,0.6808421015739441,0.21150389313697815
2020,9,75.03623076673942,33.20447276267408,0.6477616429328918,0.12381149083375931
2020,9,74.92322270399718,33.10044785277304,0.7994648218154907,0.32275357842445374
2020,9,75.60666097215532,32.9859126540478,0.781177282333374,0.4217262864112854
2020,9,75.81111753082092,32.536126191289156,0.7904132008552551,0.24569064378738403
2020,9,74.82674364248275,33.33383016358729,0.7423278093338013,0.15806971490383148
2020,9,75.28326746987229,32.59155224431933,0.4079492688179016,0.02162262052297592
2020,9,74.61716668669767,33.4346211384655,0.35031265020370483,0.0343472883105278
2020,9,75.74248624311419,32.95833437482533,0.7669549584388733,0.4114994406700134
2020,9,74.64582294426108,32.66135134189542,0.6967095732688904,0.22626227140426636
2020,9,75.07701428063845,32.53953978936881,0.12202157825231552,0.12205841392278671
2020,9,75.67753804807235,33.37685946569661,0.7502506375312805,0.32649657130241394
2020,9,74.74868004429277,32.64042059577543,0.21744054555892944,-0.062159214168787
2020,9,75.66343449811167,33.4864539303592,0.8451709747314453,0.31277889013290405
2020,9,75.70251121297088,32.503158020361965,-0.2151401787996292,0.2251139134168625
2020,9,74.85710669908599,33.042955674589386,0.7606635093688965,0.11243344843387604
2020,9,75.86411813258397,32.62470007830334,0.8212209343910217,0.28103384375572205
2020,9,75.35091061076649,32.60987787611537,0.5567125082015991,0.1875
2020,9,74.87381536337061,33.49301163193327,0.009163581766188145,0.7741413116455078
2020,9,74.58006626546353,32.811190331286554,0.5098082423210144,0.18865573406219482
2020,9,74.97703178951595,33.20402360503202,0.6659599542617798,0.13538874685764313
2020,9,75.69577384833998,32.613830463365495,0.5945369005203247,0.19169139862060547
2020,9,74.74463762551423,32.71138750322088,0.4352791905403137,-0.056320399045944214
2020,9,75.83025164637267,33.36446271477577,0.36546385288238525,-0.07567893713712692
2020,9,75.20026313761964,33.05912534970354,0.28012770414352417,0.11285846680402756
2020,9,74.8571965306144,32.80346481984312,0.6399912238121033,0.20323625206947327
2020,9,75.09821452134366,32.75531512061432,0.602901816368103,0.13368140161037445
2020,9,75.27365549633221,33.166653689212644,0.6155391931533813,0.06255506724119186
2020,9,75.19002234338069,33.289722883137024,0.7528696656227112,0.16204118728637695
2020,9,75.74437270521084,33.16315025960458,0.473794549703598,-0.10597711056470871
2020,9,75.08626692806489,33.14805856283137,0.51888507604599,0.06926573812961578
2020,9,75.39052631479616,33.49319129499009,0.7861538529396057,0.28015851974487305
2020,9,75.46715260853156,32.62703569804205,0.5536637306213379,0.09323961287736893
2020,9,74.79269749321462,33.18515898406551,0.825530469417572,0.26864680647850037
2020,9,75.71508762694855,33.21821698652111,0.7280243635177612,0.11170133948326111
2020,9,75.2487721629621,32.78891211224039,0.4409063160419464,0.044385265558958054
2020,9,75.63926981696886,32.82403623984946,0.8746145963668823,0.1109677404165268
2020,9,75.87813185101624,33.43641776903374,0.7783390283584595,0.07661324739456177
2020,9,74.78326518273137,32.75504562602908,0.7780072093009949,0.26909691095352173
2020,9,75.82046000977577,33.16297059654776,0.39709967374801636,-0.12603744864463806
2020,9,75.4501744496617,33.073049236607396,0.7643961906433105,0.22979110479354858
2020,9,74.81264009252207,32.527502364561606,0.723706841468811,0.2653042674064636
2020,9,75.13432679576528,32.99561445911629,0.4841628968715668,0.08609271794557571
2020,9,74.79997384701599,32.928240812807324,0.6209850311279297,0.11466961354017258
2020,9,74.56165080213908,33.43327366553932,0.5508828163146973,0.2728854715824127
2020,9,74.54134887671798,32.6732989351742,0.7244188189506531,0.31576600670814514
2020,9,75.71859105655662,33.15982649305334,0.567091703414917,0.08310139179229736
2020,9,75.72739454634099,33.382249357401335,0.6377177238464355,0.13240425288677216
2020,9,75.1991851592787,33.01402992244074,0.7399492859840393,0.13623462617397308
2020,9,75.7778798653085,32.8213412939971,0.8175675868988037,0.23187661170959473
2020,9,75.32962053853286,33.19090820188387,0.4892676770687103,0.04984423518180847
2020,9,75.37983636291514,32.69539749116355,0.011296882294118404,0.11558352410793304
2020,9,75.31354069494712,32.854578959509524,0.7873972654342651,0.3209506571292877
2020,9,75.2961133784352,33.4180921372377,0.7878966927528381,0.24040533602237701
2020,9,75.77976632740516,33.496604893069744,0.7952423691749573,0.28491833806037903
2020,9,74.80132131994218,33.33203353301905,0.7048798203468323,0.16489295661449432
2020,9,75.80105639963878,32.73312673309657,0.6089844703674316,0.038595058023929596
2020,9,75.36887691644888,32.81352595102526,0.5889890789985657,0.2093191295862198
2020,9,75.2193972531714,33.06505423057873,0.34970036149024963,0.05142517015337944
2020,9,74.5076620535635,33.473967347909934,0.38847094774246216,-0.030196968466043472
2020,9,74.9549332335266,32.74282853816506,0.7626516819000244,0.24994753301143646
2020,9,75.10432306527568,33.36787631285542,0.7004269957542419,0.25031018257141113
2020,9,75.11564183785559,33.35925248612787,0.8177520036697388,0.13712088763713837
2020,9,74.92744478583255,32.62658654039999,0.5967828631401062,0.21600653231143951
2020,9,74.66872998400613,32.73384538532386,0.3823802173137665,-0.0164943914860487
2020,9,75.53524490706782,33.233398514822724,0.8132196068763733,0.34490740299224854
2020,9,75.45206091175835,32.9746837129963,0.7692650556564331,0.23177441954612732
2020,9,75.6598412369752,32.52552607093654,0.7358230948448181,0.2588845491409302
2020,9,75.04781903390456,32.96210729901863,0.769343376159668,0.24804195761680603
2020,9,74.7332290214059,32.772113616427355,0.7468706369400024,0.27580225467681885
2020,9,75.09632805924701,32.769508502103406,0.7587622404098511,0.25762951374053955
2020,9,75.78183245255863,32.91907799690931,0.7835497856140137,0.34694647789001465
2020,9,74.90489707220115,32.773281426296705,-0.1898898184299469,0.11550632864236832
2020,9,75.66244635129914,32.525615902464956,0.807771623134613,0.248676136136055
2020,9,74.72900693957055,33.08948840630678,0.757887601852417,0.12586908042430878
2020,9,74.95232811920266,32.996243279815175,0.670806348323822,0.3310188353061676
2020,9,75.40966043034791,32.58095212396672,0.7008816003799438,0.2381153553724289
2020,9,74.70960332943356,32.62901199166711,0.7033434510231018,0.31683647632598877
2020,9,75.871753812499,32.75962703397809,0.8195140957832336,0.2665501832962036
2020,9,74.69010988776817,32.739145445500164,0.29646483063697815,0.05842985957860947
2020,9,75.46418816809397,33.33293184830317,0.7805642485618591,0.3626803755760193
2020,9,74.93472113963392,33.36203726350864,0.7918765544891357,0.14718905091285706
2020,9,75.49104779508913,32.51483611905552,0.7724488377571106,0.29515543580055237
2020,9,74.85108798668239,33.41503786527169,0.6947895288467407,0.1099301353096962
2020,9,75.62938834884355,33.338142076951065,0.7804877758026123,0.2961319088935852
2020,9,75.56354183851758,33.10368178779587,0.7437352538108826,0.33526429533958435
2020,9,74.83393016475571,32.645271498309675,0.7350289225578308,0.30886662006378174
2020,9,75.13118269227085,32.6439240253835,0.12562188506126404,-0.06338939070701599
2020,9,75.40139592973401,32.693960186708956,0.7420060038566589,0.30006086826324463
2020,9,75.23179400409224,33.13386518134229,0.578549325466156,0.0916946679353714
2020,9,74.9338228243498,33.19845405027048,0.6349740028381348,0.14221641421318054
2020,9,75.28129117624722,33.06092198027178,0.682834267616272,0.19598521292209625
2020,9,75.4337352799623,32.743906516506,0.6495940089225769,0.20763187110424042
2020,9,75.68580254868625,33.492831968876445,0.4419502913951874,-0.01662551425397396
2020,9,75.14196247568029,32.66180049953748,0.7540733218193054,0.22489683330059052
2020,9,75.14510657917471,33.20950332826515,0.6835479140281677,0.23933136463165283
2020,9,75.3795668683299,32.91764069245472,0.6864068508148193,0.17982913553714752
2020,9,74.81326891322095,33.08131373722129,0.6959806680679321,0.1441386342048645
2020,9,75.86384863799874,33.10601740753458,0.5229142308235168,0.02594936639070511
2020,9,75.72739454634099,32.74462516873329,0.28326866030693054,0.0998447984457016
2020,9,75.0803380471897,33.12416337627379,0.7447537183761597,0.2388351410627365
2020,9,75.19873600163665,33.27427186025017,0.5682932138442993,0.19760090112686157
2020,9,75.35055128465284,33.47387751638152,0.4077448844909668,-0.06356487423181534
2020,9,75.71382998555077,32.738965782443344,0.644119918346405,0.10286156088113785
2020,9,75.422326675854,33.030558923668536,0.7761836647987366,0.23676323890686035
2020,9,74.85674737297234,33.19135735952593,0.864829421043396,0.2933507263660431
2020,9,74.84785405165955,32.65676993394641,0.757797122001648,0.2960430979728699
2020,9,74.50119418351784,33.46381638519939,0.829563558101654,0.3714750111103058
2020,9,75.83752800017403,33.19971169166824,0.5040171146392822,0.03254692628979683
2020,9,75.0022744489997,32.599996407990055,0.6095439195632935,0.12657950818538666
2020,9,75.52724990103916,33.10718521740394,0.7814207673072815,0.2725929617881775
2020,9,75.69271957637397,33.468487624676804,0.8608695864677429,0.31044527888298035
2020,9,75.16028810747633,33.40946831051016,0.6230147480964661,0.15833382308483124
2020,9,75.49571903456656,32.61742372450197,0.413134902715683,-0.03957783803343773
2020,9,75.0954297439629,33.38180019975927,0.8576004505157471,0.4464658796787262
2020,9,74.93247535142362,33.292597492046205,0.8336886763572693,0.3188161253929138
2020,9,74.82970808292035,32.94450031944989,0.7938195466995239,0.27723464369773865
2020,9,74.6474399117725,33.11167679382453,0.31010955572128296,-0.011509215459227562
2020,9,74.63037192137422,33.45698918904007,0.4329131543636322,0.03791645169258118
2020,9,74.77473118753223,32.88530134222641,0.8113718628883362,0.3875564932823181
2020,9,75.57351313817131,32.68758214819171,0.5698291063308716,0.2554952800273895
2020,9,75.79162408915553,33.21372541010051,0.5147159695625305,-0.077625572681427
2020,9,75.11393503881577,32.58274875453496,0.14148351550102234,0.06320691853761673
2020,9,74.62543118731156,33.226750981720244,0.8229010701179504,0.26070359349250793
2020,9,75.44137095987733,32.7919663842064,0.7703251838684082,0.33537787199020386
2020,9,75.2863217418383,33.411354772606806,0.7978482246398926,0.14867395162582397
2020,9,75.62247132115583,32.84775176335022,0.8402225971221924,0.2849985361099243
2021,6,74.90103431647944,33.191986180224816,0.7096130847930908,0.12134108692407608
2021,6,75.35980393207927,33.281099056409474,0.5675675868988037,0.06491632759571075
2021,6,74.91334123587187,32.883953869300235,0.19821079075336456,-0.1380869448184967
2021,6,75.10055014108238,32.98483467570686,0.5428571701049805,0.07022296637296677
2021,6,75.2930591064692,32.6146389471212,0.2455858737230301,-0.0819140300154686
2021,6,74.61662769752719,32.841014398719324,0.5001362562179565,0.0410919226706028
2021,6,75.45969659167336,33.1685401513093,0.09487257897853851,-0.06595365703105927
2021,6,75.35082077923808,33.33329117441682,0.5492827296257019,0.017938582226634026
2021,6,75.41819442554704,32.9144965889603,0.5858182907104492,0.1719590425491333
2021,6,75.3735481559263,33.2669955064488,0.41428571939468384,0.06598984450101852
2021,6,75.33689689233422,33.461390933932265,0.6880313754081726,0.12805944681167603
2021,6,75.30329990070815,33.24866987465276,0.7002565264701843,0.15198026597499847
2021,6,75.10486205444616,32.86859267794179,0.33065056800842285,-0.021087680011987686
2021,6,74.61519039307261,32.58364706981908,0.3560747802257538,0.06833795458078384
2021,6,75.05087330587057,32.91961698607978,0.41298848390579224,0.01741044595837593
2021,6,75.31659496691313,32.53900080019834,0.43230822682380676,-0.07516973465681076
2021,6,74.88261885315498,33.28451265448913,0.5727828145027161,0.18760134279727936
2021,6,75.52069219946509,33.49489809402992,0.32978206872940063,0.025045815855264664
2021,6,75.53272962427228,32.817658201332215,0.6921287178993225,0.3087100386619568
2021,6,74.84938118764256,32.829336300025766,0.5105552077293396,0.0020130944903939962
2021,6,74.69289466514894,32.6740175874015,0.1152353510260582,-0.1213744729757309
2021,6,75.68715002161242,32.75693208812573,0.40726006031036377,-0.06416381895542145
2021,6,74.52140627741052,32.6492240855598,0.08200234919786453,-0.12469025701284409
2021,6,75.51449382400466,32.79555964534287,0.5010660886764526,0.1512673795223236
2021,6,75.84291789187876,33.422493882129885,0.04219816252589226,0.03336578235030174
2021,6,75.23610591745602,33.06469490446508,0.7098194360733032,0.1834806501865387
2021,6,75.18319514722138,33.26942095771592,0.21486642956733704,0.04872727394104004
2021,6,75.28299797528706,32.8912302231016,0.5127353072166443,0.07116251438856125
2021,6,75.39420940746105,32.91485591507394,0.46941110491752625,0.09210256487131119
2021,6,75.54557553283519,32.77579670909224,0.5,0.12278630584478378
2021,6,74.90893949097969,32.7183045309086,0.5919126868247986,0.0503084771335125
2021,6,75.17897306538602,33.23483581927732,0.6108033061027527,0.16416417062282562
2021,6,74.93741608548628,33.05023202839076,0.319932758808136,0.036412812769412994
2021,6,75.4885325122936,32.926803508352734,0.6608479022979736,0.05944986641407013
2021,6,75.27608094759934,33.069186480885676,0.41615691781044006,0.10773799568414688
2021,6,75.50982258452723,32.61607625157579,0.40408164262771606,-0.015384615398943424
2021,6,75.45583383595165,32.671951462248025,0.31092438101768494,-0.0076302592642605305
2021,6,74.83923022493201,33.3384115715363,-0.23025210201740265,-0.06713078171014786
2021,6,75.75946440198405,32.81828702203109,0.7615511417388916,0.3139653503894806
2021,6,75.7448218628529,32.881258923447874,0.7011995911598206,0.16893143951892853
2021,6,75.51215820426594,32.93174424241539,0.13499921560287476,0.10580309480428696
2021,6,74.50685356980779,32.815951402292384,0.20142002403736115,-0.05461949110031128
2021,6,74.73179171695132,33.284422822960714,0.5383476614952087,0.1428522765636444
2021,6,75.18894436503975,32.59038443444997,0.545144259929657,0.028487641364336014
2021,6,74.55742872030372,33.236093460675086,0.43555712699890137,0.13432921469211578
2021,6,75.01323389546596,32.89365567436872,0.3408791720867157,-0.007984420284628868
2021,6,75.08339231915569,33.26439039212485,0.4696218967437744,0.08803088963031769
2021,6,75.309588107697,33.385752787009395,0.712079644203186,0.16732485592365265
2021,6,74.87839677131963,32.765376251796454,0.612338662147522,0.06988542526960373
2021,6,75.62022553294553,33.35143714315603,0.725287139415741,0.17227855324745178
2021,6,75.08617709653647,32.84424833374215,0.3563084006309509,-0.02028985507786274
2021,6,75.14834051419754,33.13656012719464,0.6096358895301819,0.18429003655910492
2021,6,75.48278329447524,32.997411089684526,0.7172912359237671,0.23494486510753632
2021,6,75.77168148984808,32.63754598686625,0.5673892498016357,0.20769789814949036
2021,6,75.57117751843259,33.33535729957029,0.3973008096218109,0.15946683287620544
2021,6,75.17448148896541,33.13961439916065,0.7706403136253357,0.2846897542476654
2021,6,75.82692787982143,32.848919573219575,0.06495726853609085,0.43081340193748474
2021,6,75.08069737330334,32.91916782843772,0.364705890417099,-0.01572391204535961
2021,6,75.5291363631358,33.02561818960588,0.009430935606360435,0.15878959000110626
2021,6,75.59103028621163,33.301850139472634,-0.04339152202010155,0.02966044843196869
2021,6,75.38190248806862,33.194591294548765,0.6178061962127686,0.1774478554725647
2021,6,74.55176933401377,33.35673720333234,0.5550561547279358,0.2262190282344818
2021,6,75.56219436559141,32.9445901509783,-0.004570454824715853,0.07695398479700089
2021,6,75.37291933522742,33.14814839435979,0.1673024594783783,-0.04566718637943268
2021,6,74.68723527885899,33.204382931145666,0.7833612561225891,0.19552290439605713
2021,6,74.83060639820447,32.78370188359249,0.838365375995636,0.13905952870845795
2021,6,74.94738738514,32.95096818949555,0.23420628905296326,-0.10896802693605423
2021,6,74.76251409966821,33.02993010296966,0.7106428146362305,0.045918338000774384
2021,6,75.01736614577291,32.716058742698294,0.3632315397262573,-0.05407194793224335
2021,6,74.77176674709463,33.31604352096172,0.6180424094200134,0.19041961431503296
2021,6,75.21382769840986,33.47549448389294,0.5559763312339783,0.07793329656124115
2021,6,74.88468497830846,33.45914514572196,0.12815126776695251,0.21424533426761627
2021,6,75.74724731412003,32.777323845075244,0.4434782564640045,0.034529224038124084
2021,6,74.6940624750183,32.62011867035433,0.123194120824337,-0.13439124822616577
2021,6,75.03623076673942,33.20447276267408,0.5193971395492554,0.04644326865673065
2021,6,74.92322270399718,33.10044785277304,0.584985077381134,0.07593467831611633
2021,6,75.60666097215532,32.9859126540478,0.7849056720733643,0.34106841683387756
2021,6,75.81111753082092,32.536126191289156,0.7872074842453003,0.2189827561378479
2021,6,74.82674364248275,33.33383016358729,0.7276496291160583,0.1746274083852768
2021,6,75.28326746987229,32.59155224431933,0.1725490242242813,-0.11681108921766281
2021,6,74.61716668669767,33.4346211384655,0.12217194586992264,-0.0035587188322097063
2021,6,75.74248624311419,32.95833437482533,0.7538167834281921,0.2781641185283661
2021,6,74.64582294426108,32.66135134189542,0.22454166412353516,-0.029641976580023766
2021,6,75.07701428063845,32.53953978936881,0.2094140201807022,0.07492674887180328
2021,6,75.67753804807235,33.37685946569661,0.6705127358436584,0.2669970989227295
2021,6,74.74868004429277,32.64042059577543,0.08200856298208237,-0.08313646167516708
2021,6,75.66343449811167,33.4864539303592,0.792300820350647,0.19183483719825745
2021,6,75.70251121297088,32.503158020361965,-0.13136780261993408,-0.06538278609514236
2021,6,74.85710669908599,33.042955674589386,0.6849622130393982,0.11793822050094604
2021,6,75.86411813258397,32.62470007830334,0.38797232508659363,0.0057848053984344006
2021,6,75.35091061076649,32.60987787611537,0.45566585659980774,0.07358532398939133
2021,6,74.87381536337061,33.49301163193327,-0.04740806296467781,0.7794330716133118
2021,6,74.58006626546353,32.811190331286554,0.38479360938072205,0.08914221823215485
2021,6,74.97703178951595,33.20402360503202,0.38208821415901184,0.04468348249793053
2021,6,75.69577384833998,32.613830463365495,0.4836750328540802,0.06288343667984009
2021,6,74.74463762551423,32.71138750322088,0.29799026250839233,-0.04418322816491127
2021,6,75.83025164637267,33.36446271477577,0.4990970194339752,0.028989162296056747
2021,6,75.20026313761964,33.05912534970354,0.6832579374313354,0.09299250692129135
2021,6,74.8571965306144,32.80346481984312,0.40705299377441406,0.043986864387989044
2021,6,75.09821452134366,32.75531512061432,0.37159091234207153,-0.05175159126520157
2021,6,75.27365549633221,33.166653689212644,0.46684491634368896,0.13461150228977203
2021,6,75.19002234338069,33.289722883137024,0.649932861328125,0.1487850397825241
2021,6,75.74437270521084,33.16315025960458,0.3978562355041504,-0.11053159832954407
2021,6,75.08626692806489,33.14805856283137,0.43769967555999756,0.007505116984248161
2021,6,75.39052631479616,33.49319129499009,0.739447295665741,0.22576503455638885
2021,6,75.46715260853156,32.62703569804205,0.3062261641025543,-0.011538461782038212
2021,6,74.79269749321462,33.18515898406551,0.7586911916732788,0.18271119892597198
2021,6,75.71508762694855,33.21821698652111,0.3415221571922302,0.06486664712429047
2021,6,75.2487721629621,32.78891211224039,0.1882864385843277,-0.02319282293319702
2021,6,75.63926981696886,32.82403623984946,0.48687416315078735,0.12034078687429428
2021,6,75.87813185101624,33.43641776903374,0.4066069722175598,0.11309680342674255
2021,6,74.78326518273137,32.75504562602908,0.7606781125068665,0.17962023615837097
2021,6,75.82046000977577,33.16297059654776,0.2993692457675934,-0.1345936357975006
2021,6,75.4501744496617,33.073049236607396,0.6925619840621948,0.17136572301387787
2021,6,74.81264009252207,32.527502364561606,0.0959010049700737,-0.13101160526275635
2021,6,75.13432679576528,32.99561445911629,0.44787847995758057,0.0810362696647644
2021,6,74.79997384701599,32.928240812807324,0.10550251603126526,-0.09983538091182709
2021,6,74.56165080213908,33.43327366553932,0.4193548262119293,0.11793214827775955
2021,6,74.54134887671798,32.6732989351742,0.1526404172182083,-0.059922490268945694
2021,6,75.71859105655662,33.15982649305334,0.6331049203872681,0.08149498701095581
2021,6,75.72739454634099,33.382249357401335,0.21571701765060425,-0.03690699487924576
2021,6,75.1991851592787,33.01402992244074,0.6353126764297485,0.06889190524816513
2021,6,75.7778798653085,32.8213412939971,0.7313432693481445,0.153540700674057
2021,6,75.32962053853286,33.19090820188387,0.30474966764450073,-0.01255730539560318
2021,6,75.37983636291514,32.69539749116355,0.46451613306999207,0.009066183120012283
2021,6,75.31354069494712,32.854578959509524,0.6393718719482422,0.16430990397930145
2021,6,75.2961133784352,33.4180921372377,0.7731656432151794,0.10357674956321716
2021,6,75.77976632740516,33.496604893069744,0.7907090187072754,0.2788545489311218
2021,6,74.80132131994218,33.33203353301905,0.5971600413322449,0.14944085478782654
2021,6,75.80105639963878,32.73312673309657,0.5063548684120178,0.01326259970664978
2021,6,75.36887691644888,32.81352595102526,0.4678586721420288,0.1370156705379486
2021,6,75.2193972531714,33.06505423057873,0.4481743276119232,0.06968838721513748
2021,6,74.5076620535635,33.473967347909934,0.2448979616165161,-0.014072246849536896
2021,6,74.9549332335266,32.74282853816506,0.5095290541648865,0.0026126352604478598
2021,6,75.10432306527568,33.36787631285542,0.7704174518585205,0.29452165961265564
2021,6,75.11564183785559,33.35925248612787,0.7659417390823364,0.11808014661073685
2021,6,74.92744478583255,32.62658654039999,0.3611632287502289,-0.010426303371787071
2021,6,74.66872998400613,32.73384538532386,0.14420028030872345,-0.1597210019826889
2021,6,75.53524490706782,33.233398514822724,0.6183922290802002,0.15388046205043793
2021,6,75.45206091175835,32.9746837129963,0.7107046246528625,0.29122987389564514
2021,6,75.6598412369752,32.52552607093654,0.5231373310089111,0.122531957924366
2021,6,75.04781903390456,32.96210729901863,0.4334392249584198,0.011068625375628471
2021,6,74.7332290214059,32.772113616427355,0.05760830640792847,-0.10501431673765182
2021,6,75.09632805924701,32.769508502103406,0.48630136251449585,-0.022783668711781502
2021,6,75.78183245255863,32.91907799690931,0.7771704792976379,0.27665358781814575
2021,6,74.90489707220115,32.773281426296705,-0.02518138475716114,0.029411790892481804
2021,6,75.66244635129914,32.525615902464956,0.6430312395095825,0.08759786188602448
2021,6,74.72900693957055,33.08948840630678,0.568020761013031,0.04749288409948349
2021,6,74.95232811920266,32.996243279815175,0.5763381123542786,0.08645734935998917
2021,6,75.40966043034791,32.58095212396672,0.39876407384872437,-0.0714285746216774
2021,6,74.70960332943356,32.62901199166711,0.13588567078113556,-0.14340640604496002
2021,6,75.871753812499,32.75962703397809,0.7138883471488953,0.14539901912212372
2021,6,74.69010988776817,32.739145445500164,0.7440299987792969,0.29161328077316284
2021,6,75.46418816809397,33.33293184830317,0.7131967544555664,0.32035982608795166
2021,6,74.93472113963392,33.36203726350864,0.6711236238479614,0.1403873860836029
2021,6,75.49104779508913,32.51483611905552,0.46801796555519104,-0.005116380285471678
2021,6,74.85108798668239,33.41503786527169,0.4797687828540802,0.0990244522690773
2021,6,75.62938834884355,33.338142076951065,0.6940184235572815,0.2251218855381012
2021,6,75.56354183851758,33.10368178779587,0.7622377872467041,0.23489056527614594
2021,6,74.83393016475571,32.645271498309675,0.14031893014907837,-0.03734850138425827
2021,6,75.13118269227085,32.6439240253835,0.11522872000932693,-0.11398354917764664
2021,6,75.40139592973401,32.693960186708956,0.3940105736255646,0.016990290954709053
2021,6,75.23179400409224,33.13386518134229,0.45309382677078247,0.11442785710096359
2021,6,74.9338228243498,33.19845405027048,0.4670737087726593,0.12150538712739944
2021,6,75.28129117624722,33.06092198027178,0.5433255434036255,0.1539047658443451
2021,6,75.4337352799623,32.743906516506,0.00906344410032034,0.06855326890945435
2021,6,75.68580254868625,33.492831968876445,0.37803518772125244,-0.04633781686425209
2021,6,75.14196247568029,32.66180049953748,0.4816626012325287,-0.06376110017299652
2021,6,75.14510657917471,33.20950332826515,0.2528163492679596,0.051016174256801605
2021,6,75.3795668683299,32.91764069245472,0.6462311744689941,0.16417910158634186
2021,6,74.81326891322095,33.08131373722129,0.4068412482738495,0.026617122814059258
2021,6,75.86384863799874,33.10601740753458,0.5688671469688416,0.06133700907230377
2021,6,75.72739454634099,32.74462516873329,-0.025893958285450935,0.06300923228263855
2021,6,75.0803380471897,33.12416337627379,0.44182172417640686,0.07561632245779037
2021,6,75.19873600163665,33.27427186025017,0.5191127061843872,0.1262848824262619
2021,6,75.35055128465284,33.47387751638152,0.258805513381958,-0.1418124884366989
2021,6,75.71382998555077,32.738965782443344,0.6062358617782593,0.10728998482227325
2021,6,75.422326675854,33.030558923668536,0.6432851552963257,0.1620343029499054
2021,6,74.85674737297234,33.19135735952593,0.7815225124359131,0.2840777337551117
2021,6,74.84785405165955,32.65676993394641,0.1873374730348587,-0.05003513768315315
2021,6,74.50119418351784,33.46381638519939,0.6552315354347229,0.24271844327449799
2021,6,75.83752800017403,33.19971169166824,0.621595561504364,0.09943266957998276
2021,6,75.0022744489997,32.599996407990055,0.27195945382118225,-0.05755167081952095
2021,6,75.52724990103916,33.10718521740394,0.8314136266708374,0.303244948387146
2021,6,75.69271957637397,33.468487624676804,0.7541022300720215,0.27019116282463074
2021,6,75.16028810747633,33.40946831051016,0.6364430785179138,0.1365971565246582
2021,6,75.49571903456656,32.61742372450197,0.2275204360485077,-0.13365384936332703
2021,6,75.0954297439629,33.38180019975927,0.8014429807662964,0.3353178799152374
2021,6,74.93247535142362,33.292597492046205,0.5758103728294373,0.22954794764518738
2021,6,74.82970808292035,32.94450031944989,0.43402761220932007,0.0544038787484169
2021,6,74.6474399117725,33.11167679382453,0.2817517817020416,0.0092769181355834
2021,6,74.63037192137422,33.45698918904007,-0.008403361774981022,0.40393468737602234
2021,6,74.77473118753223,32.88530134222641,0.26900026202201843,-0.02618696168065071
2021,6,75.57351313817131,32.68758214819171,0.5002586841583252,0.15427589416503906
2021,6,75.79162408915553,33.21372541010051,0.503781259059906,-0.04553800821304321
2021,6,75.11393503881577,32.58274875453496,0.1721254289150238,-0.1267605572938919
2021,6,74.62543118731156,33.226750981720244,0.5510744452476501,0.09259653091430664
2021,6,75.44137095987733,32.7919663842064,0.7553357481956482,0.26933935284614563
2021,6,75.2863217418383,33.411354772606806,0.7880797982215881,0.24739116430282593
2021,6,75.62247132115583,32.84775176335022,0.10392235964536667,0.06550868600606918
2021,7,74.90103431647944,33.191986180224816,0.6307206749916077,0.11350574344396591
2021,7,75.35980393207927,33.281099056409474,0.4277052581310272,0.06247463449835777
2021,7,74.91334123587187,32.883953869300235,0.21591511368751526,-0.10816960036754608
2021,7,75.10055014108238,32.98483467570686,0.5688047409057617,0.1026812344789505
2021,7,75.2930591064692,32.6146389471212,0.2819496989250183,-0.037394993007183075
2021,7,74.61662769752719,32.841014398719324,0.48491156101226807,0.07888241857290268
2021,7,75.45969659167336,33.1685401513093,0.12592057883739471,-0.08450134098529816
2021,7,75.35082077923808,33.33329117441682,0.5777066349983215,0.07398782670497894
2021,7,75.41819442554704,32.9144965889603,0.604519784450531,0.20307093858718872
2021,7,75.3735481559263,33.2669955064488,0.4143791198730469,0.08259157091379166
2021,7,75.33689689233422,33.461390933932265,0.6896440982818604,0.14958569407463074
2021,7,75.30329990070815,33.24866987465276,0.6158303618431091,0.11595886200666428
2021,7,75.10486205444616,32.86859267794179,0.28854459524154663,-0.029740428552031517
2021,7,74.61519039307261,32.58364706981908,0.31680113077163696,0.06219132989645004
2021,7,75.05087330587057,32.91961698607978,0.39573583006858826,0.04591439664363861
2021,7,75.31659496691313,32.53900080019834,0.49910518527030945,0.025758111849427223
2021,7,74.88261885315498,33.28451265448913,0.5326274037361145,0.18595370650291443
2021,7,75.52069219946509,33.49489809402992,0.24039652943611145,-0.04883985221385956
2021,7,75.53272962427228,32.817658201332215,0.6557583212852478,0.33060577511787415
2021,7,74.84938118764256,32.829336300025766,0.5694943070411682,0.07004623860120773
2021,7,74.69289466514894,32.6740175874015,0.22525718808174133,-0.05122922733426094
2021,7,75.68715002161242,32.75693208812573,0.19005797803401947,0.09323310106992722
2021,7,74.52140627741052,32.6492240855598,0.0324263870716095,-0.09898242354393005
2021,7,75.51449382400466,32.79555964534287,0.6327322721481323,0.24240902066230774
2021,7,75.84291789187876,33.422493882129885,0.237136110663414,0.1471913456916809
2021,7,75.23610591745602,33.06469490446508,0.6451646685600281,0.1516469419002533
2021,7,75.18319514722138,33.26942095771592,0.22016321122646332,0.03789824619889259
2021,7,75.28299797528706,32.8912302231016,0.5456070303916931,0.11050157994031906
2021,7,75.39420940746105,32.91485591507394,0.5585991144180298,0.1291089653968811
2021,7,75.54557553283519,32.77579670909224,0.06499496102333069,0.05229691043496132
2021,7,74.90893949097969,32.7183045309086,0.6097726225852966,0.09075907617807388
2021,7,75.17897306538602,33.23483581927732,0.5776857137680054,0.17071524262428284
2021,7,74.93741608548628,33.05023202839076,0.5954334735870361,0.06781280040740967
2021,7,75.4885325122936,32.926803508352734,0.32823246717453003,0.027085795998573303
2021,7,75.27608094759934,33.069186480885676,0.40648844838142395,0.07787441462278366
2021,7,75.50982258452723,32.61607625157579,0.45695728063583374,0.06303051859140396
2021,7,75.45583383595165,32.671951462248025,0.379130095243454,0.050831206142902374
2021,7,74.83923022493201,33.3384115715363,-0.17738187313079834,-0.17706315219402313
2021,7,75.75946440198405,32.81828702203109,0.37894585728645325,0.2684965431690216
2021,7,75.7448218628529,32.881258923447874,0.6293354034423828,0.20988328754901886
2021,7,75.51215820426594,32.93174424241539,0.4139403700828552,0.13702544569969177
2021,7,74.50685356980779,32.815951402292384,0.42870327830314636,0.1338045299053192
2021,7,74.73179171695132,33.284422822960714,0.5832621455192566,0.15549632906913757
2021,7,75.18894436503975,32.59038443444997,0.547615647315979,0.07619284838438034
2021,7,74.55742872030372,33.236093460675086,0.3631284832954407,0.139860138297081
2021,7,75.01323389546596,32.89365567436872,0.48905110359191895,0.0876132920384407
2021,7,75.08339231915569,33.26439039212485,0.4719838500022888,0.10538286715745926
2021,7,75.309588107697,33.385752787009395,0.7428337335586548,0.25297969579696655
2021,7,74.87839677131963,32.765376251796454,0.7123442888259888,0.09848103672266006
2021,7,75.62022553294553,33.35143714315603,0.5309644937515259,0.3181818127632141
2021,7,75.08617709653647,32.84424833374215,0.41858381032943726,0.004442564211785793
2021,7,75.14834051419754,33.13656012719464,0.6544701457023621,0.1952604502439499
2021,7,75.48278329447524,32.997411089684526,0.7005967497825623,0.23517803847789764
2021,7,75.77168148984808,32.63754598686625,0.3615920841693878,0.1882367730140686
2021,7,75.57117751843259,33.33535729957029,0.29469648003578186,0.15788611769676208
2021,7,75.17448148896541,33.13961439916065,0.7296627759933472,0.2936443090438843
2021,7,75.82692787982143,32.848919573219575,0.11626333743333817,0.12499615550041199
2021,7,75.08069737330334,32.91916782843772,0.3323262929916382,0.008722621016204357
2021,7,75.5291363631358,33.02561818960588,0.6772064566612244,0.2737685441970825
2021,7,75.59103028621163,33.301850139472634,0.16056430339813232,0.17927414178848267
2021,7,75.38190248806862,33.194591294548765,0.6370764970779419,0.19639858603477478
2021,7,74.55176933401377,33.35673720333234,0.5160241723060608,0.18153846263885498
2021,7,75.56219436559141,32.9445901509783,0.4559744894504547,0.23714427649974823
2021,7,75.37291933522742,33.14814839435979,0.1406971663236618,-0.05637827515602112
2021,7,74.68723527885899,33.204382931145666,0.7063842415809631,0.17651233077049255
2021,7,74.83060639820447,32.78370188359249,0.8704290390014648,0.08034610748291016
2021,7,74.94738738514,32.95096818949555,0.5440041422843933,0.10497237741947174
2021,7,74.76251409966821,33.02993010296966,0.6597731709480286,0.007693825289607048
2021,7,75.01736614577291,32.716058742698294,0.4535871148109436,0.04263810068368912
2021,7,74.77176674709463,33.31604352096172,0.3504968285560608,0.16049824655056
2021,7,75.21382769840986,33.47549448389294,0.5085771679878235,0.054941534996032715
2021,7,74.88468497830846,33.45914514572196,-0.026266416534781456,0.1275714635848999
2021,7,75.74724731412003,32.777323845075244,0.1405637115240097,0.09715840965509415
2021,7,74.6940624750183,32.62011867035433,0.0469798669219017,-0.09647058695554733
2021,7,75.03623076673942,33.20447276267408,0.4746268689632416,0.0387161485850811
2021,7,74.92322270399718,33.10044785277304,0.5929434895515442,0.14788344502449036
2021,7,75.60666097215532,32.9859126540478,0.4092802107334137,0.29354792833328247
2021,7,75.81111753082092,32.536126191289156,0.6927347183227539,0.24045369029045105
2021,7,74.82674364248275,33.33383016358729,0.7466034889221191,0.15915286540985107
2021,7,75.28326746987229,32.59155224431933,0.18301361799240112,-0.09002480655908585
2021,7,74.61716668669767,33.4346211384655,-0.003764115506783128,0.16669961810112
2021,7,75.74248624311419,32.95833437482533,0.7111300230026245,0.29749539494514465
2021,7,74.64582294426108,32.66135134189542,0.2110373079776764,0.01869761385023594
2021,7,75.07701428063845,32.53953978936881,-0.06763284653425217,0.022981733083724976
2021,7,75.67753804807235,33.37685946569661,0.6533560156822205,0.26395827531814575
2021,7,74.74868004429277,32.64042059577543,0.07043880224227905,-0.0822683721780777
2021,7,75.66343449811167,33.4864539303592,0.7707865238189697,0.18078312277793884
2021,7,75.70251121297088,32.503158020361965,-0.07738815248012543,-0.019250253215432167
2021,7,74.85710669908599,33.042955674589386,0.6313065886497498,0.1201421245932579
2021,7,75.86411813258397,32.62470007830334,0.2702319622039795,0.08872407674789429
2021,7,75.35091061076649,32.60987787611537,0.38990721106529236,0.055889446288347244
2021,7,74.87381536337061,33.49301163193327,-0.04345378652215004,0.19183892011642456
2021,7,74.58006626546353,32.811190331286554,0.3981264531612396,0.0827476754784584
2021,7,74.97703178951595,33.20402360503202,0.6264849305152893,0.12378901988267899
2021,7,75.69577384833998,32.613830463365495,0.414401650428772,0.07819867879152298
2021,7,74.74463762551423,32.71138750322088,0.30970150232315063,-0.04506036266684532
2021,7,75.83025164637267,33.36446271477577,0.455331414937973,0.008809811435639858
2021,7,75.20026313761964,33.05912534970354,0.7250754833221436,0.20038002729415894
2021,7,74.8571965306144,32.80346481984312,0.49049821496009827,0.12933753430843353
2021,7,75.09821452134366,32.75531512061432,0.33003300428390503,-0.04351265728473663
2021,7,75.27365549633221,33.166653689212644,0.4419155418872833,0.09854880720376968
2021,7,75.19002234338069,33.289722883137024,0.6190218925476074,0.11710862070322037
2021,7,75.74437270521084,33.16315025960458,0.3097701072692871,-0.14739485085010529
2021,7,75.08626692806489,33.14805856283137,0.3381398618221283,0.002463605720549822
2021,7,75.39052631479616,33.49319129499009,0.7498474717140198,0.3052401840686798
2021,7,75.46715260853156,32.62703569804205,0.23641245067119598,-0.020846480503678322
2021,7,74.79269749321462,33.18515898406551,0.7883444428443909,0.2103610634803772
2021,7,75.71508762694855,33.21821698652111,0.6684775352478027,0.27774396538734436
2021,7,75.2487721629621,32.78891211224039,0.20366956293582916,-0.04575022682547569
2021,7,75.63926981696886,32.82403623984946,0.6711042523384094,0.2369440346956253
2021,7,75.87813185101624,33.43641776903374,0.7525510191917419,0.14882943034172058
2021,7,74.78326518273137,32.75504562602908,0.7726375460624695,0.2103240042924881
2021,7,75.82046000977577,33.16297059654776,0.24170759320259094,-0.18296782672405243
2021,7,75.4501744496617,33.073049236607396,0.6545994281768799,0.11716526746749878
2021,7,74.81264009252207,32.527502364561606,0.07928227633237839,-0.08467815816402435
2021,7,75.13432679576528,32.99561445911629,0.4431103765964508,0.09300726652145386
2021,7,74.79997384701599,32.928240812807324,0.1229478269815445,-0.07719981670379639
2021,7,74.56165080213908,33.43327366553932,0.14163090288639069,0.2666533291339874
2021,7,74.54134887671798,32.6732989351742,0.08411215245723724,-0.05186758562922478
2021,7,75.71859105655662,33.15982649305334,0.5124112963676453,0.02513205260038376
2021,7,75.72739454634099,33.382249357401335,0.2446410357952118,-0.005385487340390682
2021,7,75.1991851592787,33.01402992244074,0.6232163310050964,0.08990742266178131
2021,7,75.7778798653085,32.8213412939971,0.6118542551994324,0.23254451155662537
2021,7,75.32962053853286,33.19090820188387,0.2633916437625885,-0.04681876301765442
2021,7,75.37983636291514,32.69539749116355,0.470071017742157,0.016985276713967323
2021,7,75.31354069494712,32.854578959509524,0.6227601170539856,0.15834450721740723
2021,7,75.2961133784352,33.4180921372377,-0.04824692755937576,0.0689103901386261
2021,7,75.77976632740516,33.496604893069744,0.8049490451812744,0.27986475825309753
2021,7,74.80132131994218,33.33203353301905,0.5619967579841614,0.10587675124406815
2021,7,75.80105639963878,32.73312673309657,0.5349200367927551,0.05112336948513985
2021,7,75.36887691644888,32.81352595102526,0.430907666683197,0.12252110242843628
2021,7,75.2193972531714,33.06505423057873,0.4262841045856476,0.06460290402173996
2021,7,74.5076620535635,33.473967347909934,0.028658311814069748,0.08448389917612076
2021,7,74.9549332335266,32.74282853816506,0.5431678891181946,0.02381463162600994
2021,7,75.10432306527568,33.36787631285542,0.07274968922138214,0.17671352624893188
2021,7,75.11564183785559,33.35925248612787,0.1067519560456276,0.05344337597489357
2021,7,74.92744478583255,32.62658654039999,0.4780817925930023,0.0622442401945591
2021,7,74.66872998400613,32.73384538532386,0.2972085475921631,-0.02549751289188862
2021,7,75.53524490706782,33.233398514822724,0.6811365485191345,0.22944410145282745
2021,7,75.45206091175835,32.9746837129963,0.4873488247394562,0.1583987921476364
2021,7,75.6598412369752,32.52552607093654,0.5025328993797302,0.14196200668811798
2021,7,75.04781903390456,32.96210729901863,0.4760185778141022,0.08388562500476837
2021,7,74.7332290214059,32.772113616427355,0.1837625503540039,0.08073973655700684
2021,7,75.09632805924701,32.769508502103406,0.4492277503013611,0.00136239780113101
2021,7,75.78183245255863,32.91907799690931,0.5342110395431519,0.2443612813949585
2021,7,74.90489707220115,32.773281426296705,0.057192374020814896,0.21855145692825317
2021,7,75.66244635129914,32.525615902464956,0.5978423953056335,0.08335195481777191
2021,7,74.72900693957055,33.08948840630678,0.5170000195503235,0.04201020672917366
2021,7,74.95232811920266,32.996243279815175,0.706058144569397,0.11783552914857864
2021,7,75.40966043034791,32.58095212396672,0.38154327869415283,-0.03808613494038582
2021,7,74.70960332943356,32.62901199166711,0.08204245567321777,-0.022291341796517372
2021,7,75.871753812499,32.75962703397809,0.6887253522872925,0.21753667294979095
2021,7,74.69010988776817,32.739145445500164,0.2455858737230301,0.08658109605312347
2021,7,75.46418816809397,33.33293184830317,0.4117608368396759,0.324229896068573
2021,7,74.93472113963392,33.36203726350864,0.10804839432239532,0.16813494265079498
2021,7,75.49104779508913,32.51483611905552,0.47302383184432983,0.07118353247642517
2021,7,74.85108798668239,33.41503786527169,0.5243342518806458,0.11809923499822617
2021,7,75.62938834884355,33.338142076951065,0.23146671056747437,0.1448846161365509
2021,7,75.56354183851758,33.10368178779587,0.6767778396606445,0.21188394725322723
2021,7,74.83393016475571,32.645271498309675,0.19340206682682037,0.035651665180921555
2021,7,75.13118269227085,32.6439240253835,0.15649330615997314,-0.09480027854442596
2021,7,75.40139592973401,32.693960186708956,0.4315337538719177,0.0819682702422142
2021,7,75.23179400409224,33.13386518134229,0.469153493642807,0.14077377319335938
2021,7,74.9338228243498,33.19845405027048,0.4381640553474426,0.12406577169895172
2021,7,75.28129117624722,33.06092198027178,0.4232885241508484,0.006688288878649473
2021,7,75.4337352799623,32.743906516506,0.5327337384223938,0.1124638095498085
2021,7,75.68580254868625,33.492831968876445,0.4227086305618286,-0.004324324429035187
2021,7,75.14196247568029,32.66180049953748,0.5202398896217346,0.06708347797393799
2021,7,75.14510657917471,33.20950332826515,0.2636072635650635,0.0683160200715065
2021,7,75.3795668683299,32.91764069245472,0.6422293782234192,0.14280834794044495
2021,7,74.81326891322095,33.08131373722129,0.4559347927570343,0.015275310724973679
2021,7,75.86384863799874,33.10601740753458,0.5855671763420105,0.06611478328704834
2021,7,75.72739454634099,32.74462516873329,-0.029047945514321327,0.15084700286388397
2021,7,75.0803380471897,33.12416337627379,0.38866063952445984,0.0628930851817131
2021,7,75.19873600163665,33.27427186025017,0.5191202163696289,0.1477249413728714
2021,7,75.35055128465284,33.47387751638152,0.2735426127910614,-0.10666285455226898
2021,7,75.71382998555077,32.738965782443344,0.16341309249401093,0.1300252377986908
2021,7,75.422326675854,33.030558923668536,0.6364083290100098,0.16654804348945618
2021,7,74.85674737297234,33.19135735952593,0.8298755288124084,0.2761801481246948
2021,7,74.84785405165955,32.65676993394641,0.12002791464328766,-0.029331721365451813
2021,7,74.50119418351784,33.46381638519939,0.1825168877840042,0.2474510222673416
2021,7,75.83752800017403,33.19971169166824,0.651980459690094,0.11301866918802261
2021,7,75.0022744489997,32.599996407990055,0.330820769071579,0.05296803638339043
2021,7,75.52724990103916,33.10718521740394,0.7532756924629211,0.2707277238368988
2021,7,75.69271957637397,33.468487624676804,0.8142998814582825,0.3231488764286041
2021,7,75.16028810747633,33.40946831051016,0.5645959377288818,0.10991545021533966
2021,7,75.49571903456656,32.61742372450197,0.23933099210262299,-0.06128985807299614
2021,7,75.0954297439629,33.38180019975927,0.6912304162979126,0.37556934356689453
2021,7,74.93247535142362,33.292597492046205,0.6274935603141785,0.23076923191547394
2021,7,74.82970808292035,32.94450031944989,0.5772902965545654,0.09240393340587616
2021,7,74.6474399117725,33.11167679382453,0.48368266224861145,0.07662687450647354
2021,7,74.63037192137422,33.45698918904007,0.11554916203022003,0.056899409741163254
2021,7,74.77473118753223,32.88530134222641,0.49825379252433777,0.21020935475826263
2021,7,75.57351313817131,32.68758214819171,0.5070548057556152,0.21059881150722504
2021,7,75.79162408915553,33.21372541010051,0.45044347643852234,-0.08733058720827103
2021,7,75.11393503881577,32.58274875453496,0.14717938005924225,-0.11871077120304108
2021,7,74.62543118731156,33.226750981720244,0.5277905464172363,0.1273152083158493
2021,7,75.44137095987733,32.7919663842064,0.6880775690078735,0.25857383012771606
2021,7,75.2863217418383,33.411354772606806,0.7343273758888245,0.27103275060653687
2021,7,75.62247132115583,32.84775176335022,0.04703477397561073,0.09773470461368561
2021,8,74.90103431647944,33.191986180224816,0.5265957713127136,0.20293398201465607
2021,8,75.35980393207927,33.281099056409474,0.32119467854499817,0.1805017739534378
2021,8,74.91334123587187,32.883953869300235,0.2925359308719635,-0.013963880017399788
2021,8,75.10055014108238,32.98483467570686,0.02739262767136097,0.19170895218849182
2021,8,75.2930591064692,32.6146389471212,0.332711398601532,0.09713681042194366
2021,8,74.61662769752719,32.841014398719324,0.5363360047340393,0.19046631455421448
2021,8,75.45969659167336,33.1685401513093,0.10562478750944138,-0.050009094178676605
2021,8,75.35082077923808,33.33329117441682,0.28114545345306396,0.15174399316310883
2021,8,75.41819442554704,32.9144965889603,0.6902496814727783,0.2788737118244171
2021,8,75.3735481559263,33.2669955064488,0.13075771927833557,0.0546320341527462
2021,8,75.33689689233422,33.461390933932265,0.7070738077163696,0.18368446826934814
2021,8,75.30329990070815,33.24866987465276,0.5999844670295715,0.2298027127981186
2021,8,75.10486205444616,32.86859267794179,0.4263838529586792,0.23502221703529358
2021,8,74.61519039307261,32.58364706981908,0.42369869351387024,0.1142159104347229
2021,8,75.05087330587057,32.91961698607978,0.20807726681232452,0.10764490813016891
2021,8,75.31659496691313,32.53900080019834,0.5781500935554504,0.2736077308654785
2021,8,74.88261885315498,33.28451265448913,0.6680161952972412,0.25273972749710083
2021,8,75.52069219946509,33.49489809402992,0.11044406145811081,0.061383213847875595
2021,8,75.53272962427228,32.817658201332215,0.37032386660575867,0.1941259205341339
2021,8,74.84938118764256,32.829336300025766,0.054631829261779785,0.11430281400680542
2021,8,74.69289466514894,32.6740175874015,0.3878651559352875,0.06821107119321823
2021,8,75.68715002161242,32.75693208812573,0.030971355736255646,0.09998348355293274
2021,8,74.52140627741052,32.6492240855598,0.6150904893875122,0.2073935866355896
2021,8,75.51449382400466,32.79555964534287,0.3675162196159363,0.22132226824760437
2021,8,75.84291789187876,33.422493882129885,0.6903234720230103,0.32003694772720337
2021,8,75.23610591745602,33.06469490446508,0.15723899006843567,0.1911255568265915
2021,8,75.18319514722138,33.26942095771592,0.25527480244636536,0.03733879327774048
2021,8,75.28299797528706,32.8912302231016,-0.017168685793876648,0.08090215921401978
2021,8,75.39420940746105,32.91485591507394,0.7436201572418213,0.30490976572036743
2021,8,75.54557553283519,32.77579670909224,0.1046866625547409,0.14576798677444458
2021,8,74.90893949097969,32.7183045309086,0.5263870358467102,0.19863714277744293
2021,8,75.17897306538602,33.23483581927732,0.6898823976516724,0.27537301182746887
2021,8,74.93741608548628,33.05023202839076,0.35141798853874207,0.18719859421253204
2021,8,75.4885325122936,32.926803508352734,0.2768968343734741,0.0730653777718544
2021,8,75.27608094759934,33.069186480885676,0.09788751602172852,0.11522194743156433
2021,8,75.50982258452723,32.61607625157579,0.5270078778266907,0.12531951069831848
2021,8,75.45583383595165,32.671951462248025,0.2493562251329422,0.19152309000492096
2021,8,74.83923022493201,33.3384115715363,-0.026816939935088158,0.014793017879128456
2021,8,75.75946440198405,32.81828702203109,0.41061893105506897,0.16324080526828766
2021,8,75.7448218628529,32.881258923447874,0.3297172486782074,0.18377941846847534
2021,8,75.51215820426594,32.93174424241539,0.2021292895078659,0.10791906714439392
2021,8,74.50685356980779,32.815951402292384,0.590630829334259,0.2685204744338989
2021,8,74.73179171695132,33.284422822960714,-0.03476482629776001,0.16953863203525543
2021,8,75.18894436503975,32.59038443444997,0.14175866544246674,0.07674374431371689
2021,8,74.55742872030372,33.236093460675086,0.05055849626660347,0.1328650414943695
2021,8,75.01323389546596,32.89365567436872,0.6083378791809082,0.3030499815940857
2021,8,75.08339231915569,33.26439039212485,0.5896731615066528,0.16576138138771057
2021,8,75.309588107697,33.385752787009395,0.42037516832351685,0.3108615577220917
2021,8,74.87839677131963,32.765376251796454,0.6039119958877563,0.25813448429107666
2021,8,75.62022553294553,33.35143714315603,0.6896883249282837,0.10218650102615356
2021,8,75.08617709653647,32.84424833374215,0.43533870577812195,0.09027066826820374
2021,8,75.14834051419754,33.13656012719464,0.7019233107566833,0.23232026398181915
2021,8,75.48278329447524,32.997411089684526,0.5462586283683777,0.18014778196811676
2021,8,75.77168148984808,32.63754598686625,-0.04897936433553696,0.1352611482143402
2021,8,75.57117751843259,33.33535729957029,0.5025104284286499,0.11071570217609406
2021,8,75.17448148896541,33.13961439916065,0.6323708295822144,0.27608534693717957
2021,8,75.82692787982143,32.848919573219575,0.33981528878211975,0.1782098114490509
2021,8,75.08069737330334,32.91916782843772,0.304808109998703,0.0192970372736454
2021,8,75.5291363631358,33.02561818960588,0.06894151121377945,0.017507409676909447
2021,8,75.59103028621163,33.301850139472634,0.09945066273212433,0.14154617488384247
2021,8,75.38190248806862,33.194591294548765,0.39557215571403503,0.18779195845127106
2021,8,74.55176933401377,33.35673720333234,0.4662168323993683,0.3059261739253998
2021,8,75.56219436559141,32.9445901509783,0.448574036359787,0.34774312376976013
2021,8,75.37291933522742,33.14814839435979,0.21780115365982056,-0.051053792238235474
2021,8,74.68723527885899,33.204382931145666,0.7060215473175049,0.2245989292860031
2021,8,74.83060639820447,32.78370188359249,0.5615902543067932,0.2554495930671692
2021,8,74.94738738514,32.95096818949555,0.06366682797670364,0.08324192464351654
2021,8,74.76251409966821,33.02993010296966,0.5941824913024902,0.24174697697162628
2021,8,75.01736614577291,32.716058742698294,0.6384997963905334,0.23157207667827606
2021,8,74.77176674709463,33.31604352096172,0.12584321200847626,0.18254879117012024
2021,8,75.21382769840986,33.47549448389294,0.5200754404067993,0.1145840734243393
2021,8,74.88468497830846,33.45914514572196,-0.040204863995313644,0.16372111439704895
2021,8,75.74724731412003,32.777323845075244,0.2985123097896576,0.18507011234760284
2021,8,74.6940624750183,32.62011867035433,0.5479951500892639,0.25226935744285583
2021,8,75.03623076673942,33.20447276267408,0.6392479538917542,0.18345704674720764
2021,8,74.92322270399718,33.10044785277304,0.6103093028068542,0.2757217586040497
2021,8,75.60666097215532,32.9859126540478,0.7164128422737122,0.41045793890953064
2021,8,75.81111753082092,32.536126191289156,0.5152780413627625,0.2731059193611145
2021,8,74.82674364248275,33.33383016358729,0.7345537543296814,0.20750102400779724
2021,8,75.28326746987229,32.59155224431933,0.4506886303424835,0.1312706470489502
2021,8,74.61716668669767,33.4346211384655,-0.008308188058435917,0.18629655241966248
2021,8,75.74248624311419,32.95833437482533,0.7283950448036194,0.3760206699371338
2021,8,74.64582294426108,32.66135134189542,0.34702473878860474,0.14654454588890076
2021,8,75.07701428063845,32.53953978936881,0.13345690071582794,0.18604090809822083
2021,8,75.67753804807235,33.37685946569661,0.6690656542778015,0.23789626359939575
2021,8,74.74868004429277,32.64042059577543,0.22863027453422546,0.03446947783231735
2021,8,75.66343449811167,33.4864539303592,0.6007748246192932,0.3314884603023529
2021,8,75.70251121297088,32.503158020361965,-0.005261673592031002,0.04951982572674751
2021,8,74.85710669908599,33.042955674589386,0.6304654479026794,0.22043919563293457
2021,8,75.86411813258397,32.62470007830334,0.20595361292362213,0.1582401692867279
2021,8,75.35091061076649,32.60987787611537,0.3513662815093994,0.3054954409599304
2021,8,74.87381536337061,33.49301163193327,-0.0110526317730546,0.18095238506793976
2021,8,74.58006626546353,32.811190331286554,0.4548872113227844,0.16705158352851868
2021,8,74.97703178951595,33.20402360503202,-0.017228828743100166,0.18421052396297455
2021,8,75.69577384833998,32.613830463365495,-0.04131811484694481,0.12237980961799622
2021,8,74.74463762551423,32.71138750322088,0.36227545142173767,0.07173912972211838
2021,8,75.83025164637267,33.36446271477577,0.29605019092559814,-0.09817536920309067
2021,8,75.20026313761964,33.05912534970354,0.42934563755989075,0.14600476622581482
2021,8,74.8571965306144,32.80346481984312,0.11183144152164459,0.1308121532201767
2021,8,75.09821452134366,32.75531512061432,0.2173791229724884,0.1446259617805481
2021,8,75.27365549633221,33.166653689212644,0.40626922249794006,0.13890288770198822
2021,8,75.19002234338069,33.289722883137024,0.6443994045257568,0.11408795416355133
2021,8,75.74437270521084,33.16315025960458,0.5066243410110474,0.0095134312286973
2021,8,75.08626692806489,33.14805856283137,0.523809552192688,0.07722427695989609
2021,8,75.39052631479616,33.49319129499009,0.7188155055046082,0.2815040647983551
2021,8,75.46715260853156,32.62703569804205,0.5975367426872253,0.22958113253116608
2021,8,74.79269749321462,33.18515898406551,0.7365163564682007,0.23109067976474762
2021,8,75.71508762694855,33.21821698652111,0.4559493362903595,0.12951423227787018
2021,8,75.2487721629621,32.78891211224039,0.6105199456214905,0.23909923434257507
2021,8,75.63926981696886,32.82403623984946,0.035485658794641495,0.09621088206768036
2021,8,75.87813185101624,33.43641776903374,0.642281711101532,0.20481818914413452
2021,8,74.78326518273137,32.75504562602908,0.5741880536079407,0.21772345900535583
2021,8,75.82046000977577,33.16297059654776,0.3139079213142395,-0.0598808117210865
2021,8,75.4501744496617,33.073049236607396,0.6267248392105103,0.12863202393054962
2021,8,74.81264009252207,32.527502364561606,0.5304173231124878,0.1464684009552002
2021,8,75.13432679576528,32.99561445911629,0.5073686242103577,0.12577831745147705
2021,8,74.79997384701599,32.928240812807324,0.4044548571109772,0.0874432697892189
2021,8,74.56165080213908,33.43327366553932,0.4037894904613495,0.30163395404815674
2021,8,74.54134887671798,32.6732989351742,0.2740384638309479,0.10079699754714966
2021,8,75.71859105655662,33.15982649305334,0.7651436924934387,0.21799124777317047
2021,8,75.72739454634099,33.382249357401335,0.3738940358161926,0.0003237205382902175
2021,8,75.1991851592787,33.01402992244074,0.39537888765335083,0.13667449355125427
2021,8,75.7778798653085,32.8213412939971,0.6715703010559082,0.1805325746536255
2021,8,75.32962053853286,33.19090820188387,0.5531170964241028,0.12172180414199829
2021,8,75.37983636291514,32.69539749116355,-0.05126633867621422,0.07602062076330185
2021,8,75.31354069494712,32.854578959509524,0.38252541422843933,0.2366521656513214
2021,8,75.2961133784352,33.4180921372377,0.6301915645599365,0.22661040723323822
2021,8,75.77976632740516,33.496604893069744,0.7393795847892761,0.25126218795776367
2021,8,74.80132131994218,33.33203353301905,0.6468875408172607,0.17030568420886993
2021,8,75.80105639963878,32.73312673309657,0.5773978233337402,0.06276155263185501
2021,8,75.36887691644888,32.81352595102526,0.6427545547485352,0.27565357089042664
2021,8,75.2193972531714,33.06505423057873,0.27357056736946106,0.08607847988605499
2021,8,74.5076620535635,33.473967347909934,0.0018621974159032106,0.10546677559614182
2021,8,74.9549332335266,32.74282853816506,0.5558725595474243,0.2015264332294464
2021,8,75.10432306527568,33.36787631285542,0.7352298498153687,0.2825404405593872
2021,8,75.11564183785559,33.35925248612787,0.07228806614875793,0.16720180213451385
2021,8,74.92744478583255,32.62658654039999,0.4797297418117523,0.18129809200763702
2021,8,74.66872998400613,32.73384538532386,0.47918593883514404,0.09886202216148376
2021,8,75.53524490706782,33.233398514822724,0.3407875895500183,0.2797069847583771
2021,8,75.45206091175835,32.9746837129963,0.3571297526359558,0.1722569316625595
2021,8,75.6598412369752,32.52552607093654,0.45313701033592224,0.20219549536705017
2021,8,75.04781903390456,32.96210729901863,0.41571685671806335,0.2661896347999573
2021,8,74.7332290214059,32.772113616427355,0.5801379084587097,0.22184300422668457
2021,8,75.09632805924701,32.769508502103406,0.4220689535140991,0.19710668921470642
2021,8,75.78183245255863,32.91907799690931,0.787280261516571,0.3383491337299347
2021,8,74.90489707220115,32.773281426296705,-0.0323299877345562,0.3219873607158661
2021,8,75.66244635129914,32.525615902464956,0.4776062071323395,0.21507546305656433
2021,8,74.72900693957055,33.08948840630678,0.5441949367523193,0.1472998559474945
2021,8,74.95232811920266,32.996243279815175,0.0782947912812233,0.2958963215351105
2021,8,75.40966043034791,32.58095212396672,0.1630679965019226,0.10861681401729584
2021,8,74.70960332943356,32.62901199166711,0.5476065278053284,0.1984686702489853
2021,8,75.871753812499,32.75962703397809,0.4777001738548279,0.22594410181045532
2021,8,74.69010988776817,32.739145445500164,0.28116264939308167,0.08937855809926987
2021,8,75.46418816809397,33.33293184830317,0.37626394629478455,0.2581811845302582
2021,8,74.93472113963392,33.36203726350864,0.05429994687438011,0.11429068446159363
2021,8,75.49104779508913,32.51483611905552,0.36657261848449707,0.22016283869743347
2021,8,74.85108798668239,33.41503786527169,0.6151926517486572,0.18088771402835846
2021,8,75.62938834884355,33.338142076951065,0.7466386556625366,0.31681156158447266
2021,8,75.56354183851758,33.10368178779587,0.6637719869613647,0.28148964047431946
2021,8,74.83393016475571,32.645271498309675,0.5905402302742004,0.2373737394809723
2021,8,75.13118269227085,32.6439240253835,0.12282221764326096,0.03291058540344238
2021,8,75.40139592973401,32.693960186708956,-0.00043160823406651616,0.07117727398872375
2021,8,75.23179400409224,33.13386518134229,0.3421575725078583,0.08360762149095535
2021,8,74.9338228243498,33.19845405027048,0.001958480104804039,0.13808976113796234
2021,8,75.28129117624722,33.06092198027178,0.12858645617961884,0.05783731862902641
2021,8,75.4337352799623,32.743906516506,0.34500232338905334,0.1845417320728302
2021,8,75.68580254868625,33.492831968876445,0.26740193367004395,0.06614595651626587
2021,8,75.14196247568029,32.66180049953748,0.49408596754074097,0.1609814167022705
2021,8,75.14510657917471,33.20950332826515,0.5691062211990356,0.17135581374168396
2021,8,75.3795668683299,32.91764069245472,0.25849637389183044,0.17065949738025665
2021,8,74.81326891322095,33.08131373722129,0.6058711409568787,0.1942591518163681
2021,8,75.86384863799874,33.10601740753458,0.585139274597168,0.10607381910085678
2021,8,75.72739454634099,32.74462516873329,-0.03477414324879646,0.13863442838191986
2021,8,75.0803380471897,33.12416337627379,0.6252631545066833,0.22448979318141937
2021,8,75.19873600163665,33.27427186025017,0.6409770846366882,0.26116830110549927
2021,8,75.35055128465284,33.47387751638152,0.3289441168308258,-0.07981892675161362
2021,8,75.71382998555077,32.738965782443344,0.08838693052530289,0.10666315257549286
2021,8,75.422326675854,33.030558923668536,0.48608553409576416,0.18595343828201294
2021,8,74.85674737297234,33.19135735952593,0.7639399766921997,0.24293354153633118
2021,8,74.84785405165955,32.65676993394641,0.4096323251724243,0.1500205546617508
2021,8,74.50119418351784,33.46381638519939,0.42954158782958984,0.23880116641521454
2021,8,75.83752800017403,33.19971169166824,0.7313011884689331,0.1927568018436432
2021,8,75.0022744489997,32.599996407990055,0.45592841506004333,0.11838111281394958
2021,8,75.52724990103916,33.10718521740394,0.7352991104125977,0.22071513533592224
2021,8,75.69271957637397,33.468487624676804,0.8233151435852051,0.39180487394332886
2021,8,75.16028810747633,33.40946831051016,0.06930903345346451,0.06196090206503868
2021,8,75.49571903456656,32.61742372450197,0.13638116419315338,0.12955966591835022
2021,8,75.0954297439629,33.38180019975927,0.7517148852348328,0.36657190322875977
2021,8,74.93247535142362,33.292597492046205,0.7200894951820374,0.3272244930267334
2021,8,74.82970808292035,32.94450031944989,0.32878509163856506,0.1625344306230545
2021,8,74.6474399117725,33.11167679382453,0.6346496939659119,0.22455203533172607
2021,8,74.63037192137422,33.45698918904007,0.03277311101555824,0.06272358447313309
2021,8,74.77473118753223,32.88530134222641,0.6290941834449768,0.28524842858314514
2021,8,75.57351313817131,32.68758214819171,-0.017683489248156548,0.10077608376741409
2021,8,75.79162408915553,33.21372541010051,0.5337435603141785,-0.08837087452411652
2021,8,75.11393503881577,32.58274875453496,0.12498784810304642,-0.001881704549305141
2021,8,74.62543118731156,33.226750981720244,0.5298563838005066,0.20657534897327423
2021,8,75.44137095987733,32.7919663842064,0.24793703854084015,0.27092278003692627
2021,8,75.2863217418383,33.411354772606806,0.5916498303413391,0.24061580002307892
2021,8,75.62247132115583,32.84775176335022,0.08326989412307739,0.1322043538093567
2021,9,74.90103431647944,33.191986180224816,0.7694501280784607,0.1683700978755951
2021,9,75.35980393207927,33.281099056409474,0.044271182268857956,0.17504264414310455
2021,9,74.91334123587187,32.883953869300235,0.46771273016929626,-0.03953540325164795
2021,9,75.10055014108238,32.98483467570686,0.5736625790596008,0.20190516114234924
2021,9,75.2930591064692,32.6146389471212,0.6338182091712952,0.15739277005195618
2021,9,74.61662769752719,32.841014398719324,0.771336555480957,0.3182729184627533
2021,9,75.45969659167336,33.1685401513093,0.10207269340753555,-0.024436214938759804
2021,9,75.35082077923808,33.33329117441682,0.594688892364502,0.1903255581855774
2021,9,75.41819442554704,32.9144965889603,0.7421630620956421,0.26411423087120056
2021,9,75.3735481559263,33.2669955064488,0.13278040289878845,0.04991120472550392
2021,9,75.33689689233422,33.461390933932265,0.7356717586517334,0.14009353518486023
2021,9,75.30329990070815,33.24866987465276,0.7467353940010071,0.24763086438179016
2021,9,75.10486205444616,32.86859267794179,0.6267862319946289,0.13627216219902039
2021,9,74.61519039307261,32.58364706981908,0.509624183177948,0.15473441779613495
2021,9,75.05087330587057,32.91961698607978,0.47056952118873596,0.09888014942407608
2021,9,75.31659496691313,32.53900080019834,0.8076719641685486,0.27332180738449097
2021,9,74.88261885315498,33.28451265448913,0.5530054569244385,0.12436500191688538
2021,9,75.52069219946509,33.49489809402992,0.043915607035160065,0.10189975798130035
2021,9,75.53272962427228,32.817658201332215,0.706861674785614,0.35555753111839294
2021,9,74.84938118764256,32.829336300025766,0.848932683467865,0.3260153532028198
2021,9,74.69289466514894,32.6740175874015,0.5742971897125244,0.07948244363069534
2021,9,75.68715002161242,32.75693208812573,0.46841317415237427,0.0015324786072596908
2021,9,74.52140627741052,32.6492240855598,0.7829289436340332,0.34967702627182007
2021,9,75.51449382400466,32.79555964534287,0.7200864553451538,0.26621896028518677
2021,9,75.84291789187876,33.422493882129885,0.4958614706993103,0.14279299974441528
2021,9,75.23610591745602,33.06469490446508,0.46379271149635315,0.10250713676214218
2021,9,75.18319514722138,33.26942095771592,0.268284410238266,0.03319936990737915
2021,9,75.28299797528706,32.8912302231016,0.4624384343624115,0.22377941012382507
2021,9,75.39420940746105,32.91485591507394,0.8348950147628784,0.2704189419746399
2021,9,75.54557553283519,32.77579670909224,0.3167877793312073,0.26474687457084656
2021,9,74.90893949097969,32.7183045309086,0.8255033493041992,0.2881132662296295
2021,9,75.17897306538602,33.23483581927732,0.7737957835197449,0.3150084912776947
2021,9,74.93741608548628,33.05023202839076,0.6466056704521179,0.25979459285736084
2021,9,75.4885325122936,32.926803508352734,-0.0016426302026957273,0.11572415381669998
2021,9,75.27608094759934,33.069186480885676,0.44267597794532776,0.08623742312192917
2021,9,75.50982258452723,32.61607625157579,0.45513442158699036,0.028336670249700546
2021,9,75.45583383595165,32.671951462248025,0.7040705680847168,0.19174344837665558
2021,9,74.83923022493201,33.3384115715363,-0.05093488097190857,0.0017012589378282428
2021,9,75.75946440198405,32.81828702203109,0.7843665480613708,0.35325729846954346
2021,9,75.7448218628529,32.881258923447874,0.2060394138097763,0.13404253125190735
2021,9,75.51215820426594,32.93174424241539,-0.01088788639754057,0.11055155098438263
2021,9,74.50685356980779,32.815951402292384,0.7147929072380066,0.3166015148162842
2021,9,74.73179171695132,33.284422822960714,0.18592298030853271,0.17101548612117767
2021,9,75.18894436503975,32.59038443444997,0.8631234169006348,0.2933754026889801
2021,9,74.55742872030372,33.236093460675086,0.4206896424293518,0.1663685142993927
2021,9,75.01323389546596,32.89365567436872,0.8217944502830505,0.22633229196071625
2021,9,75.08339231915569,33.26439039212485,0.5713403224945068,0.12045805156230927
2021,9,75.309588107697,33.385752787009395,0.08445366472005844,0.05163510516285896
2021,9,74.87839677131963,32.765376251796454,0.8697165846824646,0.3267863094806671
2021,9,75.62022553294553,33.35143714315603,0.6454464197158813,-0.0851302221417427
2021,9,75.08617709653647,32.84424833374215,0.6562598347663879,0.1421404629945755
2021,9,75.14834051419754,33.13656012719464,0.7554246783256531,0.21015188097953796
2021,9,75.48278329447524,32.997411089684526,0.4734751880168915,0.18500903248786926
2021,9,75.77168148984808,32.63754598686625,0.0971391573548317,0.1849336326122284
2021,9,75.57117751843259,33.33535729957029,0.02083441987633705,0.12270493805408478
2021,9,75.17448148896541,33.13961439916065,0.21545612812042236,0.19700634479522705
2021,9,75.82692787982143,32.848919573219575,0.02018958143889904,0.16031497716903687
2021,9,75.08069737330334,32.91916782843772,0.4606664478778839,-0.07057324796915054
2021,9,75.5291363631358,33.02561818960588,0.19278889894485474,0.10644436627626419
2021,9,75.59103028621163,33.301850139472634,0.05874425172805786,0.08560436964035034
2021,9,75.38190248806862,33.194591294548765,0.12862980365753174,0.12825730443000793
2021,9,74.55176933401377,33.35673720333234,0.7272962331771851,0.24257682263851166
2021,9,75.56219436559141,32.9445901509783,0.24617566168308258,0.30583423376083374
2021,9,75.37291933522742,33.14814839435979,0.19627989828586578,-0.06903069466352463
2021,9,74.68723527885899,33.204382931145666,0.8124562501907349,0.2702305018901825
2021,9,74.83060639820447,32.78370188359249,0.8883677124977112,0.3722067177295685
2021,9,74.94738738514,32.95096818949555,0.6010085344314575,0.0638752430677414
2021,9,74.76251409966821,33.02993010296966,0.8352692723274231,0.2634299397468567
2021,9,75.01736614577291,32.716058742698294,0.8154639005661011,0.26078397035598755
2021,9,74.77176674709463,33.31604352096172,0.6726287007331848,0.2016569972038269
2021,9,75.21382769840986,33.47549448389294,0.42295417189598083,-0.007726254407316446
2021,9,74.88468497830846,33.45914514572196,-0.0023189669009298086,0.14276954531669617
2021,9,75.74724731412003,32.777323845075244,0.21112163364887238,0.08970862627029419
2021,9,74.6940624750183,32.62011867035433,0.8528769016265869,0.24833491444587708
2021,9,75.03623076673942,33.20447276267408,0.6309354305267334,0.15833182632923126
2021,9,74.92322270399718,33.10044785277304,0.809508740901947,0.31436437368392944
2021,9,75.60666097215532,32.9859126540478,0.8149987459182739,0.4083467125892639
2021,9,75.81111753082092,32.536126191289156,0.8789952993392944,0.22904162108898163
2021,9,74.82674364248275,33.33383016358729,0.7908847332000732,0.22229565680027008
2021,9,75.28326746987229,32.59155224431933,0.5537876486778259,0.07863471657037735
2021,9,74.61716668669767,33.4346211384655,0.11476997286081314,0.03891349583864212
2021,9,75.74248624311419,32.95833437482533,0.7552441358566284,0.39315029978752136
2021,9,74.64582294426108,32.66135134189542,0.6305533647537231,0.21134915947914124
2021,9,75.07701428063845,32.53953978936881,-0.02278481051325798,0.19138307869434357
2021,9,75.67753804807235,33.37685946569661,0.7090692520141602,0.2533648908138275
2021,9,74.74868004429277,32.64042059577543,0.14460872113704681,-0.1137102022767067
2021,9,75.66343449811167,33.4864539303592,0.7570587396621704,0.40662676095962524
2021,9,75.70251121297088,32.503158020361965,-0.5824363231658936,0.15732914209365845
2021,9,74.85710669908599,33.042955674589386,0.7912970185279846,0.2104523777961731
2021,9,75.86411813258397,32.62470007830334,0.5187288522720337,0.18780745565891266
2021,9,75.35091061076649,32.60987787611537,0.6858611106872559,0.17353090643882751
2021,9,74.87381536337061,33.49301163193327,-0.02639087103307247,0.19569824635982513
2021,9,74.58006626546353,32.811190331286554,0.5779016017913818,0.24639447033405304
2021,9,74.97703178951595,33.20402360503202,0.007746933493763208,0.03291976824402809
2021,9,75.69577384833998,32.613830463365495,0.7100481390953064,0.2189599871635437
2021,9,74.74463762551423,32.71138750322088,0.5920189023017883,0.09974610060453415
2021,9,75.83025164637267,33.36446271477577,0.31993213295936584,-0.08299371600151062
2021,9,75.20026313761964,33.05912534970354,0.2286868840456009,0.07976546138525009
2021,9,74.8571965306144,32.80346481984312,0.8125537633895874,0.26758870482444763
2021,9,75.09821452134366,32.75531512061432,0.7222222089767456,0.16343490779399872
2021,9,75.27365549633221,33.166653689212644,0.6529944539070129,0.15044745802879333
2021,9,75.19002234338069,33.289722883137024,0.6620545983314514,0.09391113370656967
2021,9,75.74437270521084,33.16315025960458,0.4309467375278473,-0.07813911139965057
2021,9,75.08626692806489,33.14805856283137,0.5054108500480652,0.03528114780783653
2021,9,75.39052631479616,33.49319129499009,0.6608648896217346,0.20250344276428223
2021,9,75.46715260853156,32.62703569804205,0.45549410581588745,0.15585415065288544
2021,9,74.79269749321462,33.18515898406551,0.8255494236946106,0.23341067135334015
2021,9,75.71508762694855,33.21821698652111,0.21951204538345337,0.10775575041770935
2021,9,75.2487721629621,32.78891211224039,0.550858736038208,0.12793965637683868
2021,9,75.63926981696886,32.82403623984946,0.03983324021100998,0.17812083661556244
2021,9,75.87813185101624,33.43641776903374,0.6804973483085632,0.20808161795139313
2021,9,74.78326518273137,32.75504562602908,0.7532700896263123,0.2670718729496002
2021,9,75.82046000977577,33.16297059654776,0.31504660844802856,-0.19218499958515167
2021,9,75.4501744496617,33.073049236607396,0.6877172589302063,0.13289152085781097
2021,9,74.81264009252207,32.527502364561606,0.8029735684394836,0.26874759793281555
2021,9,75.13432679576528,32.99561445911629,0.5530092120170593,0.11478713154792786
2021,9,74.79997384701599,32.928240812807324,0.7213779091835022,0.2231464684009552
2021,9,74.56165080213908,33.43327366553932,0.5364461541175842,0.3405783474445343
2021,9,74.54134887671798,32.6732989351742,0.6287667155265808,0.26463690400123596
2021,9,75.71859105655662,33.15982649305334,0.7140627503395081,0.13291002810001373
2021,9,75.72739454634099,33.382249357401335,0.2597607374191284,-0.03627444803714752
2021,9,75.1991851592787,33.01402992244074,0.7899070978164673,0.1940002143383026
2021,9,75.7778798653085,32.8213412939971,0.7244683504104614,0.18369750678539276
2021,9,75.32962053853286,33.19090820188387,0.3495025634765625,-0.07746843993663788
2021,9,75.37983636291514,32.69539749116355,0.3401631712913513,0.19297859072685242
2021,9,75.31354069494712,32.854578959509524,0.842497706413269,0.2827291488647461
2021,9,75.2961133784352,33.4180921372377,0.5259387493133545,0.17786633968353271
2021,9,75.77976632740516,33.496604893069744,0.7576020956039429,0.28249165415763855
2021,9,74.80132131994218,33.33203353301905,0.7386609315872192,0.1167440190911293
2021,9,75.80105639963878,32.73312673309657,0.6013262271881104,0.06641717255115509
2021,9,75.36887691644888,32.81352595102526,0.7194998264312744,0.2548770308494568
2021,9,75.2193972531714,33.06505423057873,0.011281076818704605,0.08600451797246933
2021,9,74.5076620535635,33.473967347909934,0.2134113907814026,0.09789000451564789
2021,9,74.9549332335266,32.74282853816506,0.749417245388031,0.22553864121437073
2021,9,75.10432306527568,33.36787631285542,0.7115581035614014,0.22498780488967896
2021,9,75.11564183785559,33.35925248612787,0.24791772663593292,0.18170131742954254
2021,9,74.92744478583255,32.62658654039999,0.7330710887908936,0.24858298897743225
2021,9,74.66872998400613,32.73384538532386,0.3513931930065155,0.051691729575395584
2021,9,75.53524490706782,33.233398514822724,0.37342992424964905,0.25426480174064636
2021,9,75.45206091175835,32.9746837129963,0.04836537316441536,0.1102127656340599
2021,9,75.6598412369752,32.52552607093654,0.7218521237373352,0.2803107798099518
2021,9,75.04781903390456,32.96210729901863,0.7596822381019592,0.25885558128356934
2021,9,74.7332290214059,32.772113616427355,0.788306474685669,0.3099501430988312
2021,9,75.09632805924701,32.769508502103406,0.8218359351158142,0.24199222028255463
2021,9,75.78183245255863,32.91907799690931,0.7544211149215698,0.325766921043396
2021,9,74.90489707220115,32.773281426296705,-0.21495327353477478,0.668571412563324
2021,9,75.66244635129914,32.525615902464956,0.8577762842178345,0.24184158444404602
2021,9,74.72900693957055,33.08948840630678,0.7516869306564331,0.13274335861206055
2021,9,74.95232811920266,32.996243279815175,0.5664596557617188,0.2898447513580322
2021,9,75.40966043034791,32.58095212396672,0.8217058181762695,0.270673543214798
2021,9,74.70960332943356,32.62901199166711,0.8358254432678223,0.3487979769706726
2021,9,75.871753812499,32.75962703397809,0.745858371257782,0.18669387698173523
2021,9,74.69010988776817,32.739145445500164,0.4752851724624634,0.12168199568986893
2021,9,75.46418816809397,33.33293184830317,0.7480010390281677,0.3513357639312744
2021,9,74.93472113963392,33.36203726350864,0.40372198820114136,0.08260105550289154
2021,9,75.49104779508913,32.51483611905552,0.8128834366798401,0.3052889108657837
2021,9,74.85108798668239,33.41503786527169,0.6543263792991638,0.08025921136140823
2021,9,75.62938834884355,33.338142076951065,0.757940948009491,0.22820430994033813
2021,9,75.56354183851758,33.10368178779587,0.7234570980072021,0.2843843698501587
2021,9,74.83393016475571,32.645271498309675,0.8091742992401123,0.27331432700157166
2021,9,75.13118269227085,32.6439240253835,0.12691697478294373,-0.12620361149311066
2021,9,75.40139592973401,32.693960186708956,0.7165319919586182,0.35174131393432617
2021,9,75.23179400409224,33.13386518134229,0.34353792667388916,0.12874993681907654
2021,9,74.9338228243498,33.19845405027048,0.5274515151977539,0.14201058447360992
2021,9,75.28129117624722,33.06092198027178,0.658191442489624,0.1386026293039322
2021,9,75.4337352799623,32.743906516506,0.32016193866729736,0.14921797811985016
2021,9,75.68580254868625,33.492831968876445,0.2514447569847107,0.02272721193730831
2021,9,75.14196247568029,32.66180049953748,0.7742725014686584,0.14693063497543335
2021,9,75.14510657917471,33.20950332826515,0.6236521601676941,0.14045560359954834
2021,9,75.3795668683299,32.91764069245472,0.7805147171020508,0.1354939341545105
2021,9,74.81326891322095,33.08131373722129,0.7574578523635864,0.18892140686511993
2021,9,75.86384863799874,33.10601740753458,0.5779964327812195,0.04774683713912964
2021,9,75.72739454634099,32.74462516873329,-0.00577675411477685,0.12639053165912628
2021,9,75.0803380471897,33.12416337627379,0.6886515617370605,0.1733333319425583
2021,9,75.19873600163665,33.27427186025017,0.6811267137527466,0.20234473049640656
2021,9,75.35055128465284,33.47387751638152,0.30646711587905884,-0.12141744047403336
2021,9,75.71382998555077,32.738965782443344,0.6919952630996704,0.17145873606204987
2021,9,75.422326675854,33.030558923668536,0.11058866232633591,0.10593672096729279
2021,9,74.85674737297234,33.19135735952593,0.8455523252487183,0.2634396553039551
2021,9,74.84785405165955,32.65676993394641,0.7825030088424683,0.2442748099565506
2021,9,74.50119418351784,33.46381638519939,0.4505877196788788,0.3188854455947876
2021,9,75.83752800017403,33.19971169166824,0.6421366930007935,0.030057907104492188
2021,9,75.0022744489997,32.599996407990055,0.26506420969963074,-0.07207396626472473
2021,9,75.52724990103916,33.10718521740394,0.7582898736000061,0.19260568916797638
2021,9,75.69271957637397,33.468487624676804,0.8597627282142639,0.2906136214733124
2021,9,75.16028810747633,33.40946831051016,0.594699501991272,0.11777018010616302
2021,9,75.49571903456656,32.61742372450197,0.5174508690834045,-0.00804763101041317
2021,9,75.0954297439629,33.38180019975927,0.8106780052185059,0.42842376232147217
2021,9,74.93247535142362,33.292597492046205,0.7882750034332275,0.28484848141670227
2021,9,74.82970808292035,32.94450031944989,0.7350383400917053,0.24249084293842316
2021,9,74.6474399117725,33.11167679382453,0.586980938911438,0.15738190710544586
2021,9,74.63037192137422,33.45698918904007,0.29871755838394165,0.03813229501247406
2021,9,74.77473118753223,32.88530134222641,0.8246117234230042,0.364663690328598
2021,9,75.57351313817131,32.68758214819171,0.3523799479007721,0.27022773027420044
2021,9,75.79162408915553,33.21372541010051,0.46037834882736206,-0.13488462567329407
2021,9,75.11393503881577,32.58274875453496,0.16251841187477112,-0.08744495362043381
2021,9,74.62543118731156,33.226750981720244,0.7767607569694519,0.2339121550321579
2021,9,75.44137095987733,32.7919663842064,0.7367732524871826,0.2524835467338562
2021,9,75.2863217418383,33.411354772606806,0.7290374636650085,0.2284877598285675
2021,9,75.62247132115583,32.84775176335022,2.4912747903726995e-05,0.1683240532875061
2022,6,74.90103431647944,33.191986180224816,0.3348968029022217,0.07311788946390152
2022,6,75.35980393207927,33.281099056409474,0.4777345359325409,0.01587790995836258
2022,6,74.91334123587187,32.883953869300235,0.2496107965707779,-0.10765239596366882
2022,6,75.10055014108238,32.98483467570686,0.5200377106666565,0.05833554267883301
2022,6,75.2930591064692,32.6146389471212,0.23394280672073364,-0.04046664386987686
2022,6,74.61662769752719,32.841014398719324,0.5937834978103638,0.11029023677110672
2022,6,75.45969659167336,33.1685401513093,0.06320400536060333,-0.0793822780251503
2022,6,75.35082077923808,33.33329117441682,0.4911463260650635,0.030927835032343864
2022,6,75.41819442554704,32.9144965889603,0.5225686430931091,0.118145652115345
2022,6,75.3735481559263,33.2669955064488,0.42804765701293945,0.02500000037252903
2022,6,75.33689689233422,33.461390933932265,0.6712731122970581,0.11921512335538864
2022,6,75.30329990070815,33.24866987465276,0.5788652896881104,0.07017312198877335
2022,6,75.10486205444616,32.86859267794179,0.35366958379745483,-0.005586592014878988
2022,6,74.61519039307261,32.58364706981908,0.4157303273677826,0.03109508752822876
2022,6,75.05087330587057,32.91961698607978,0.48542818427085876,0.019359786063432693
2022,6,75.31659496691313,32.53900080019834,0.5022566318511963,-0.014346934854984283
2022,6,74.88261885315498,33.28451265448913,0.4643874764442444,0.11764705926179886
2022,6,75.52069219946509,33.49489809402992,0.49889999628067017,0.08195248246192932
2022,6,75.53272962427228,32.817658201332215,0.7329462766647339,0.33557048439979553
2022,6,74.84938118764256,32.829336300025766,0.6660341620445251,0.10971899330615997
2022,6,74.69289466514894,32.6740175874015,0.09068167954683304,-0.05108505114912987
2022,6,75.68715002161242,32.75693208812573,0.3299620747566223,0.014954173006117344
2022,6,74.52140627741052,32.6492240855598,0.1038481816649437,-0.11190053075551987
2022,6,75.51449382400466,32.79555964534287,0.41396719217300415,0.12351049482822418
2022,6,75.84291789187876,33.422493882129885,0.7771835923194885,0.09590546786785126
2022,6,75.23610591745602,33.06469490446508,0.48658108711242676,0.02559974230825901
2022,6,75.18319514722138,33.26942095771592,0.21909424662590027,0.03634577617049217
2022,6,75.28299797528706,32.8912302231016,0.5222222208976746,0.07980295270681381
2022,6,75.39420940746105,32.91485591507394,0.683901309967041,0.1382049173116684
2022,6,75.54557553283519,32.77579670909224,0.625270426273346,0.08296668529510498
2022,6,74.90893949097969,32.7183045309086,0.4110115170478821,-0.06558080017566681
2022,6,75.17897306538602,33.23483581927732,0.6138306260108948,0.1355932205915451
2022,6,74.93741608548628,33.05023202839076,0.4473971724510193,-0.03628847002983093
2022,6,75.4885325122936,32.926803508352734,0.694656491279602,0.12070387601852417
2022,6,75.27608094759934,33.069186480885676,0.437357634305954,0.04232913628220558
2022,6,75.50982258452723,32.61607625157579,0.24302789568901062,-0.06560433655977249
2022,6,75.45583383595165,32.671951462248025,0.29963138699531555,-0.026351746171712875
2022,6,74.83923022493201,33.3384115715363,-0.050471436232328415,-0.06342241913080215
2022,6,75.75946440198405,32.81828702203109,0.75660640001297,0.3264675736427307
2022,6,75.7448218628529,32.881258923447874,0.4125923216342926,0.16942431032657623
2022,6,75.51215820426594,32.93174424241539,0.7572704553604126,0.21635758876800537
2022,6,74.50685356980779,32.815951402292384,0.347663551568985,0.024109238758683205
2022,6,74.73179171695132,33.284422822960714,0.5535006523132324,0.0845789983868599
2022,6,75.18894436503975,32.59038443444997,0.34994807839393616,-0.09285832196474075
2022,6,74.55742872030372,33.236093460675086,0.40080970525741577,0.027366019785404205
2022,6,75.01323389546596,32.89365567436872,0.4812001585960388,0.04731256514787674
2022,6,75.08339231915569,33.26439039212485,0.36476317048072815,0.02930643782019615
2022,6,75.309588107697,33.385752787009395,0.6283186078071594,0.0842045247554779
2022,6,74.87839677131963,32.765376251796454,0.6179644465446472,0.10254371911287308
2022,6,75.62022553294553,33.35143714315603,0.6696751117706299,0.0988864153623581
2022,6,75.08617709653647,32.84424833374215,0.34179985523223877,-0.014409305527806282
2022,6,75.14834051419754,33.13656012719464,0.5334457755088806,0.09360593557357788
2022,6,75.48278329447524,32.997411089684526,0.7663971185684204,0.22013218700885773
2022,6,75.77168148984808,32.63754598686625,0.643122673034668,0.18645888566970825
2022,6,75.57117751843259,33.33535729957029,0.4472537040710449,0.14056627452373505
2022,6,75.17448148896541,33.13961439916065,0.790996789932251,0.24206233024597168
2022,6,75.82692787982143,32.848919573219575,0.14192849397659302,0.10496740788221359
2022,6,75.08069737330334,32.91916782843772,0.34201106429100037,-0.03314646705985069
2022,6,75.5291363631358,33.02561818960588,0.704402506351471,0.21233604848384857
2022,6,75.59103028621163,33.301850139472634,0.10951525717973709,0.17318925261497498
2022,6,75.38190248806862,33.194591294548765,0.5779496431350708,0.15869425237178802
2022,6,74.55176933401377,33.35673720333234,0.4707973599433899,0.1427425891160965
2022,6,75.56219436559141,32.9445901509783,-0.012390670366585255,0.16250629723072052
2022,6,75.37291933522742,33.14814839435979,0.15670356154441833,-0.036080360412597656
2022,6,74.68723527885899,33.204382931145666,0.6498516201972961,0.1219836175441742
2022,6,74.83060639820447,32.78370188359249,0.7244219183921814,0.11580242216587067
2022,6,74.94738738514,32.95096818949555,0.4597233533859253,0.03177570179104805
2022,6,74.76251409966821,33.02993010296966,0.6740654110908508,0.052489906549453735
2022,6,75.01736614577291,32.716058742698294,0.44513657689094543,-0.0009714789921417832
2022,6,74.77176674709463,33.31604352096172,0.48580968379974365,0.11756756901741028
2022,6,75.21382769840986,33.47549448389294,0.4214050769805908,0.01849552057683468
2022,6,74.88468497830846,33.45914514572196,0.10746513307094574,0.17226196825504303
2022,6,75.74724731412003,32.777323845075244,0.038218311965465546,0.10963699966669083
2022,6,74.6940624750183,32.62011867035433,0.19201409816741943,-0.10188062489032745
2022,6,75.03623076673942,33.20447276267408,0.5634260773658752,0.02190149948000908
2022,6,74.92322270399718,33.10044785277304,0.45108339190483093,-0.00495272409170866
2022,6,75.60666097215532,32.9859126540478,0.7780766487121582,0.30440738797187805
2022,6,75.81111753082092,32.536126191289156,0.6732863783836365,0.12175564467906952
2022,6,74.82674364248275,33.33383016358729,0.6139860153198242,0.08580630272626877
2022,6,75.28326746987229,32.59155224431933,0.1605927050113678,-0.06407245993614197
2022,6,74.61716668669767,33.4346211384655,0.05444355309009552,0.04820619523525238
2022,6,75.74248624311419,32.95833437482533,0.7506561875343323,0.32531535625457764
2022,6,74.64582294426108,32.66135134189542,0.13351713120937347,-0.04723885655403137
2022,6,75.07701428063845,32.53953978936881,0.06699131429195404,0.06793244928121567
2022,6,75.67753804807235,33.37685946569661,0.6412937045097351,0.19620853662490845
2022,6,74.74868004429277,32.64042059577543,0.07497025281190872,-0.036786921322345734
2022,6,75.66343449811167,33.4864539303592,0.8028667569160461,0.3119339942932129
2022,6,75.70251121297088,32.503158020361965,-0.23000392317771912,-0.23141559958457947
2022,6,74.85710669908599,33.042955674589386,0.5696510076522827,0.04967112839221954
2022,6,75.86411813258397,32.62470007830334,0.32658228278160095,-0.04414447396993637
2022,6,75.35091061076649,32.60987787611537,0.4122355580329895,0.02056497149169445
2022,6,74.87381536337061,33.49301163193327,-0.009478673338890076,0.9025611281394958
2022,6,74.58006626546353,32.811190331286554,0.3371298313140869,0.059422750025987625
2022,6,74.97703178951595,33.20402360503202,0.4762853682041168,0.01856180466711521
2022,6,75.69577384833998,32.613830463365495,0.4419642984867096,0.06692344695329666
2022,6,74.74463762551423,32.71138750322088,0.4048076868057251,-0.011836320161819458
2022,6,75.83025164637267,33.36446271477577,0.26522496342658997,-0.07923299819231033
2022,6,75.20026313761964,33.05912534970354,0.4617461860179901,-0.04456537589430809
2022,6,74.8571965306144,32.80346481984312,0.5387409329414368,0.06456571817398071
2022,6,75.09821452134366,32.75531512061432,0.4692457318305969,0.03348544239997864
2022,6,75.27365549633221,33.166653689212644,0.4226491451263428,0.06935208290815353
2022,6,75.19002234338069,33.289722883137024,0.5586678981781006,0.03921975567936897
2022,6,75.74437270521084,33.16315025960458,0.31311917304992676,-0.15327613055706024
2022,6,75.08626692806489,33.14805856283137,0.39364728331565857,0.02688620425760746
2022,6,75.39052631479616,33.49319129499009,0.7358832359313965,0.19507883489131927
2022,6,75.46715260853156,32.62703569804205,0.174161896109581,-0.06946107745170593
2022,6,74.79269749321462,33.18515898406551,0.7070325613021851,0.11220346391201019
2022,6,75.71508762694855,33.21821698652111,0.5686882734298706,0.2053755223751068
2022,6,75.2487721629621,32.78891211224039,0.2470455765724182,-0.03735881671309471
2022,6,75.63926981696886,32.82403623984946,0.02318544313311577,0.098075732588768
2022,6,75.87813185101624,33.43641776903374,0.6510522961616516,0.2055700570344925
2022,6,74.78326518273137,32.75504562602908,0.6492986083030701,0.1696571260690689
2022,6,75.82046000977577,33.16297059654776,0.2397734373807907,-0.16019488871097565
2022,6,75.4501744496617,33.073049236607396,0.632103443145752,0.16204379498958588
2022,6,74.81264009252207,32.527502364561606,0.1277187019586563,-0.12295715510845184
2022,6,75.13432679576528,32.99561445911629,0.3996144235134125,0.03094855323433876
2022,6,74.79997384701599,32.928240812807324,0.11354309320449829,-0.08552169799804688
2022,6,74.56165080213908,33.43327366553932,0.5122410655021667,0.20992136001586914
2022,6,74.54134887671798,32.6732989351742,0.09944038093090057,-0.07577119022607803
2022,6,75.71859105655662,33.15982649305334,0.6537313461303711,0.06658110022544861
2022,6,75.72739454634099,33.382249357401335,0.20901018381118774,-0.07174275815486908
2022,6,75.1991851592787,33.01402992244074,0.6183726787567139,0.04679602012038231
2022,6,75.7778798653085,32.8213412939971,0.6396206617355347,0.05974842607975006
2022,6,75.32962053853286,33.19090820188387,0.232973113656044,-0.04263877868652344
2022,6,75.37983636291514,32.69539749116355,0.3450087606906891,-0.04428121820092201
2022,6,75.31354069494712,32.854578959509524,0.6585366129875183,0.16065436601638794
2022,6,75.2961133784352,33.4180921372377,0.7809858918190002,0.19857819378376007
2022,6,75.77976632740516,33.496604893069744,0.5412082672119141,0.14432287216186523
2022,6,74.80132131994218,33.33203353301905,0.5021520853042603,0.07316083461046219
2022,6,75.80105639963878,32.73312673309657,0.45673078298568726,0.016264721751213074
2022,6,75.36887691644888,32.81352595102526,0.46740129590034485,0.09160973876714706
2022,6,75.2193972531714,33.06505423057873,0.3209809362888336,0.010210460051894188
2022,6,74.5076620535635,33.473967347909934,0.29164642095565796,-0.06560517847537994
2022,6,74.9549332335266,32.74282853816506,0.22948960959911346,-0.19587166607379913
2022,6,75.10432306527568,33.36787631285542,0.7188916802406311,0.24212811887264252
2022,6,75.11564183785559,33.35925248612787,0.8293444514274597,0.1816827952861786
2022,6,74.92744478583255,32.62658654039999,0.4310520887374878,0.09648653119802475
2022,6,74.66872998400613,32.73384538532386,0.23820140957832336,-0.06659141927957535
2022,6,75.53524490706782,33.233398514822724,0.6640965342521667,0.23636363446712494
2022,6,75.45206091175835,32.9746837129963,0.7561837434768677,0.2343253344297409
2022,6,75.6598412369752,32.52552607093654,0.5281208157539368,0.13343794643878937
2022,6,75.04781903390456,32.96210729901863,0.5761773586273193,0.1148170456290245
2022,6,74.7332290214059,32.772113616427355,0.1351122409105301,-0.04934464022517204
2022,6,75.09632805924701,32.769508502103406,0.6066415905952454,0.05079783499240875
2022,6,75.78183245255863,32.91907799690931,0.14979757368564606,0.2311939299106598
2022,6,74.90489707220115,32.773281426296705,-0.21424031257629395,-0.004209260456264019
2022,6,75.66244635129914,32.525615902464956,0.5203007459640503,-0.02993343584239483
2022,6,74.72900693957055,33.08948840630678,0.40398064255714417,-0.05352112650871277
2022,6,74.95232811920266,32.996243279815175,0.5027144551277161,-0.0253521129488945
2022,6,75.40966043034791,32.58095212396672,0.323773592710495,-0.1518324613571167
2022,6,74.70960332943356,32.62901199166711,0.1044926792383194,-0.10949720442295074
2022,6,75.871753812499,32.75962703397809,0.06331561505794525,0.15983127057552338
2022,6,74.69010988776817,32.739145445500164,0.5205955505371094,0.18852771818637848
2022,6,75.46418816809397,33.33293184830317,0.6920502185821533,0.2915084958076477
2022,6,74.93472113963392,33.36203726350864,0.7740408182144165,0.2070508897304535
2022,6,75.49104779508913,32.51483611905552,0.5739848017692566,0.10278576612472534
2022,6,74.85108798668239,33.41503786527169,0.6034348607063293,0.04737740755081177
2022,6,75.62938834884355,33.338142076951065,0.6398042440414429,0.2332657128572464
2022,6,75.56354183851758,33.10368178779587,0.7216857075691223,0.22535638511180878
2022,6,74.83393016475571,32.645271498309675,0.29172199964523315,-0.02277293987572193
2022,6,75.13118269227085,32.6439240253835,0.09667067974805832,-0.08836907148361206
2022,6,75.40139592973401,32.693960186708956,0.4142704904079437,0.02703739143908024
2022,6,75.23179400409224,33.13386518134229,0.5024930834770203,0.11410994082689285
2022,6,74.9338228243498,33.19845405027048,0.42194467782974243,0.0751829668879509
2022,6,75.28129117624722,33.06092198027178,0.5011110901832581,0.10639645159244537
2022,6,75.4337352799623,32.743906516506,0.6766693592071533,0.15563586354255676
2022,6,75.68580254868625,33.492831968876445,0.2799217700958252,0.06745516508817673
2022,6,75.14196247568029,32.66180049953748,0.3670329749584198,-0.11288180947303772
2022,6,75.14510657917471,33.20950332826515,0.32082825899124146,0.04771411418914795
2022,6,75.3795668683299,32.91764069245472,0.7190870046615601,0.17632196843624115
2022,6,74.81326891322095,33.08131373722129,0.4195704162120819,0.017322834581136703
2022,6,75.86384863799874,33.10601740753458,0.4247893989086151,-0.007821229286491871
2022,6,75.72739454634099,32.74462516873329,0.5166070461273193,0.17614424228668213
2022,6,75.0803380471897,33.12416337627379,0.4700622260570526,0.06458239257335663
2022,6,75.19873600163665,33.27427186025017,0.36239781975746155,0.03336285799741745
2022,6,75.35055128465284,33.47387751638152,0.4404437243938446,-0.06367459893226624
2022,6,75.71382998555077,32.738965782443344,0.5820056200027466,0.11694981902837753
2022,6,75.422326675854,33.030558923668536,0.7200251221656799,0.08815789222717285
2022,6,74.85674737297234,33.19135735952593,0.8814088106155396,0.30534952878952026
2022,6,74.84785405165955,32.65676993394641,0.6074292659759521,0.1695331633090973
2022,6,74.50119418351784,33.46381638519939,0.7123193740844727,0.23950444161891937
2022,6,75.83752800017403,33.19971169166824,0.447374552488327,-0.02620021253824234
2022,6,75.0022744489997,32.599996407990055,0.1405334621667862,-0.0804467499256134
2022,6,75.52724990103916,33.10718521740394,0.7603238821029663,0.2245587706565857
2022,6,75.69271957637397,33.468487624676804,0.7597214579582214,0.2039182484149933
2022,6,75.16028810747633,33.40946831051016,0.6570862531661987,0.11977531760931015
2022,6,75.49571903456656,32.61742372450197,0.22890102863311768,-0.12306765466928482
2022,6,75.0954297439629,33.38180019975927,0.7887640595436096,0.3319318890571594
2022,6,74.93247535142362,33.292597492046205,0.5087877511978149,0.14853273332118988
2022,6,74.82970808292035,32.94450031944989,0.47536617517471313,0.09811694920063019
2022,6,74.6474399117725,33.11167679382453,0.18756073713302612,-0.05669599398970604
2022,6,74.63037192137422,33.45698918904007,0.2532144784927368,0.03782173618674278
2022,6,74.77473118753223,32.88530134222641,0.2708512544631958,0.019536903128027916
2022,6,75.57351313817131,32.68758214819171,0.44563552737236023,0.12269573658704758
2022,6,75.79162408915553,33.21372541010051,0.33373934030532837,-0.17296072840690613
2022,6,75.11393503881577,32.58274875453496,0.12942542135715485,-0.15386389195919037
2022,6,74.62543118731156,33.226750981720244,0.4221556782722473,0.032363783568143845
2022,6,75.44137095987733,32.7919663842064,0.8495952486991882,0.30664965510368347
2022,6,75.2863217418383,33.411354772606806,0.7531306147575378,0.1956576555967331
2022,6,75.62247132115583,32.84775176335022,-0.02083483524620533,0.12114014476537704
2022,7,75.35980393207927,33.281099056409474,0.537934422492981,0.07089298218488693
2022,7,75.10055014108238,32.98483467570686,0.7755555510520935,0.21359407901763916
2022,7,75.2930591064692,32.6146389471212,0.652770459651947,0.15593282878398895
2022,7,75.45969659167336,33.1685401513093,0.08584961295127869,-0.05317501351237297
2022,7,75.35082077923808,33.33329117441682,-0.004178615286946297,0.1980285793542862
2022,7,75.41819442554704,32.9144965889603,0.6634742021560669,0.2694181799888611
2022,7,75.3735481559263,33.2669955064488,0.1834215223789215,-0.011053794994950294
2022,7,75.30329990070815,33.24866987465276,0.8274170160293579,0.3259344696998596
2022,7,75.10486205444616,32.86859267794179,0.5556802153587341,0.08553533256053925
2022,7,75.05087330587057,32.91961698607978,0.5426258444786072,0.10751906782388687
2022,7,75.31659496691313,32.53900080019834,0.8241758346557617,0.2372296005487442
2022,7,75.53272962427228,32.817658201332215,0.18100428581237793,0.1542704999446869
2022,7,75.68715002161242,32.75693208812573,-0.02989603579044342,0.20538970828056335
2022,7,75.51449382400466,32.79555964534287,0.7312678694725037,0.3121490478515625
2022,7,75.84291789187876,33.422493882129885,-0.0402805432677269,0.050632912665605545
2022,7,75.23610591745602,33.06469490446508,0.7522708773612976,0.22428962588310242
2022,7,75.18319514722138,33.26942095771592,0.31124186515808105,0.07325728982686996
2022,7,75.28299797528706,32.8912302231016,0.5412315726280212,0.23717300593852997
2022,7,75.39420940746105,32.91485591507394,0.5520254373550415,0.24557769298553467
2022,7,75.54557553283519,32.77579670909224,-0.05649808794260025,0.21055905520915985
2022,7,75.17897306538602,33.23483581927732,0.6386458873748779,0.1993318498134613
2022,7,75.4885325122936,32.926803508352734,-0.081392303109169,0.21959693729877472
2022,7,75.27608094759934,33.069186480885676,0.2929163873195648,-0.03201146796345711
2022,7,75.50982258452723,32.61607625157579,0.451095849275589,0.02590194344520569
2022,7,75.45583383595165,32.671951462248025,0.7535410523414612,0.21135029196739197
2022,7,75.75946440198405,32.81828702203109,0.297336220741272,0.19866962730884552
2022,7,75.7448218628529,32.881258923447874,0.5563980937004089,0.07372894883155823
2022,7,75.51215820426594,32.93174424241539,0.7007874250411987,0.2702893316745758
2022,7,75.18894436503975,32.59038443444997,0.5163204669952393,0.1545848250389099
2022,7,75.01323389546596,32.89365567436872,0.8033170104026794,0.2577386796474457
2022,7,75.08339231915569,33.26439039212485,0.755162239074707,0.27447980642318726
2022,7,75.309588107697,33.385752787009395,-0.049543049186468124,0.10391061753034592
2022,7,75.62022553294553,33.35143714315603,0.7099525928497314,0.1758188009262085
2022,7,75.08617709653647,32.84424833374215,0.6394745111465454,0.07105788588523865
2022,7,75.14834051419754,33.13656012719464,0.6703037619590759,0.21232876181602478
2022,7,75.48278329447524,32.997411089684526,-0.08865514397621155,0.1593094766139984
2022,7,75.77168148984808,32.63754598686625,0.5990149974822998,0.20693928003311157
2022,7,75.57117751843259,33.33535729957029,-0.01301155798137188,0.08946481347084045
2022,7,75.17448148896541,33.13961439916065,-0.027582982555031776,0.15539509057998657
2022,7,75.82692787982143,32.848919573219575,-0.044722720980644226,0.2528594136238098
2022,7,75.08069737330334,32.91916782843772,0.3087421655654907,0.1602354496717453
2022,7,75.5291363631358,33.02561818960588,-0.060745276510715485,0.18480360507965088
2022,7,75.59103028621163,33.301850139472634,0.4249781668186188,0.05920540168881416
2022,7,75.38190248806862,33.194591294548765,0.5915094614028931,0.19730305671691895
2022,7,74.55176933401377,33.35673720333234,0.8524172902107239,0.41520869731903076
2022,7,75.56219436559141,32.9445901509783,0.20233027637004852,0.19776785373687744
2022,7,75.37291933522742,33.14814839435979,0.2680544853210449,-0.01398880872875452
2022,7,75.01736614577291,32.716058742698294,0.8144749999046326,0.20148497819900513
2022,7,74.88468497830846,33.45914514572196,0.026080187410116196,0.21994677186012268
2022,7,75.74724731412003,32.777323845075244,-0.043554697185754776,0.20879852771759033
2022,7,75.03623076673942,33.20447276267408,0.49261993169784546,0.07938625663518906
2022,7,75.60666097215532,32.9859126540478,0.681847333908081,0.4104357063770294
2022,7,75.81111753082092,32.536126191289156,0.8546811938285828,0.24816389381885529
2022,7,75.28326746987229,32.59155224431933,0.5347007513046265,0.10858534276485443
2022,7,74.61716668669767,33.4346211384655,0.07672742754220963,0.13799282908439636
2022,7,75.74248624311419,32.95833437482533,0.7586477994918823,0.33871933817863464
2022,7,75.07701428063845,32.53953978936881,-0.021396661177277565,0.39805173873901367
2022,7,75.67753804807235,33.37685946569661,0.6419214010238647,0.21458236873149872
2022,7,75.70251121297088,32.503158020361965,-0.17463618516921997,0.0521642230451107
2022,7,75.86411813258397,32.62470007830334,0.7560503482818604,0.19874443113803864
2022,7,75.35091061076649,32.60987787611537,0.650897204875946,0.13554757833480835
2022,7,74.87381536337061,33.49301163193327,0.0011013215407729149,0.18224678933620453
2022,7,75.69577384833998,32.613830463365495,0.6079346537590027,0.170441672205925
2022,7,75.83025164637267,33.36446271477577,0.3052847683429718,-0.07373020052909851
2022,7,75.20026313761964,33.05912534970354,0.0032430170103907585,0.06460923701524734
2022,7,75.09821452134366,32.75531512061432,0.14032869040966034,0.06682436168193817
2022,7,75.27365549633221,33.166653689212644,0.44999998807907104,0.13725490868091583
2022,7,75.19002234338069,33.289722883137024,0.6891495585441589,0.15557177364826202
2022,7,75.74437270521084,33.16315025960458,0.5016571283340454,-0.06579194217920303
2022,7,75.08626692806489,33.14805856283137,0.5630841255187988,0.08935477584600449
2022,7,75.46715260853156,32.62703569804205,0.7069597244262695,0.1629871428012848
2022,7,75.71508762694855,33.21821698652111,-0.03589021787047386,0.09943022578954697
2022,7,75.2487721629621,32.78891211224039,0.6200852394104004,0.17465223371982574
2022,7,75.63926981696886,32.82403623984946,-0.07422603666782379,0.23737625777721405
2022,7,75.87813185101624,33.43641776903374,0.4422687292098999,0.09820051491260529
2022,7,75.82046000977577,33.16297059654776,0.32923367619514465,-0.13737529516220093
2022,7,75.4501744496617,33.073049236607396,0.6698377132415771,0.13784556090831757
2022,7,75.13432679576528,32.99561445911629,0.462583065032959,0.11106233298778534
2022,7,74.56165080213908,33.43327366553932,0.599247395992279,0.31859609484672546
2022,7,75.71859105655662,33.15982649305334,0.7507660984992981,0.15304405987262726
2022,7,75.72739454634099,33.382249357401335,0.2788521647453308,-0.045475710183382034
2022,7,75.1991851592787,33.01402992244074,0.7892387509346008,0.22429589927196503
2022,7,75.7778798653085,32.8213412939971,0.7276495099067688,0.11843618005514145
2022,7,75.32962053853286,33.19090820188387,0.5172233581542969,0.09121621400117874
2022,7,75.37983636291514,32.69539749116355,0.49392712116241455,0.023815028369426727
2022,7,75.31354069494712,32.854578959509524,0.1930227279663086,0.12852801382541656
2022,7,75.2961133784352,33.4180921372377,0.11871657520532608,0.13081081211566925
2022,7,75.80105639963878,32.73312673309657,0.4552924931049347,0.06990794092416763
2022,7,75.36887691644888,32.81352595102526,0.7612991333007812,0.30919137597084045
2022,7,75.2193972531714,33.06505423057873,0.3072456419467926,0.11884183436632156
2022,7,74.5076620535635,33.473967347909934,0.045264847576618195,0.017420513555407524
2022,7,75.10432306527568,33.36787631285542,-0.014721458777785301,0.40195417404174805
2022,7,75.11564183785559,33.35925248612787,-0.05866209417581558,0.22418023645877838
2022,7,75.53524490706782,33.233398514822724,-0.016732357442378998,0.08412594348192215
2022,7,75.45206091175835,32.9746837129963,-0.048649273812770844,0.1606210321187973
2022,7,75.6598412369752,32.52552607093654,0.6404439806938171,0.31938400864601135
2022,7,75.04781903390456,32.96210729901863,0.7997419238090515,0.2622624337673187
2022,7,75.09632805924701,32.769508502103406,0.7862281799316406,0.20673494040966034
2022,7,75.78183245255863,32.91907799690931,0.7750155329704285,0.27861514687538147
2022,7,75.66244635129914,32.525615902464956,0.5959877371788025,0.224429190158844
2022,7,75.40966043034791,32.58095212396672,0.7418487668037415,0.12213078886270523
2022,7,75.871753812499,32.75962703397809,-0.010146561078727245,0.1607615053653717
2022,7,75.46418816809397,33.33293184830317,-0.01661883480846882,0.22528067231178284
2022,7,74.93472113963392,33.36203726350864,0.23494687676429749,0.3509848117828369
2022,7,75.49104779508913,32.51483611905552,0.6606003642082214,0.22020426392555237
2022,7,74.85108798668239,33.41503786527169,0.28834354877471924,0.18552732467651367
2022,7,75.62938834884355,33.338142076951065,0.01511263195425272,0.06141920015215874
2022,7,75.56354183851758,33.10368178779587,0.17886854708194733,-0.03539822995662689
2022,7,75.13118269227085,32.6439240253835,0.17527087032794952,-0.05605323612689972
2022,7,75.40139592973401,32.693960186708956,0.7746643424034119,0.23527021706104279
2022,7,75.23179400409224,33.13386518134229,0.09346846491098404,0.021298974752426147
2022,7,75.28129117624722,33.06092198027178,0.6180469989776611,0.1782178282737732
2022,7,75.4337352799623,32.743906516506,0.7915601134300232,0.1964133232831955
2022,7,75.14196247568029,32.66180049953748,0.8397844433784485,0.1949085146188736
2022,7,75.14510657917471,33.20950332826515,0.5047951340675354,0.1390233188867569
2022,7,75.3795668683299,32.91764069245472,-0.024178272113204002,0.09605155885219574
2022,7,75.86384863799874,33.10601740753458,0.5897821187973022,0.08624230325222015
2022,7,75.72739454634099,32.74462516873329,-0.06666667014360428,0.28374576568603516
2022,7,75.0803380471897,33.12416337627379,0.7223340272903442,0.23759035766124725
2022,7,75.19873600163665,33.27427186025017,0.7424188256263733,0.2800419330596924
2022,7,75.71382998555077,32.738965782443344,-0.2040133774280548,0.07988980412483215
2022,7,75.422326675854,33.030558923668536,-0.045507583767175674,0.2153027057647705
2022,7,74.50119418351784,33.46381638519939,0.508489727973938,0.058307211846113205
2022,7,75.83752800017403,33.19971169166824,0.7640959024429321,0.20442478358745575
2022,7,75.0022744489997,32.599996407990055,0.60450679063797,0.11150047928094864
2022,7,75.52724990103916,33.10718521740394,0.8045267462730408,0.25757303833961487
2022,7,75.16028810747633,33.40946831051016,0.44629883766174316,0.15945222973823547
2022,7,75.49571903456656,32.61742372450197,0.6558929085731506,0.09028375148773193
2022,7,75.0954297439629,33.38180019975927,-0.01248246245086193,0.3425198197364807
2022,7,74.63037192137422,33.45698918904007,0.053619302809238434,0.08432488143444061
2022,7,75.57351313817131,32.68758214819171,0.5327414274215698,0.20243796706199646
2022,7,75.79162408915553,33.21372541010051,0.4106582999229431,-0.14138522744178772
2022,7,75.11393503881577,32.58274875453496,-0.024462128058075905,0.07223841547966003
2022,7,75.44137095987733,32.7919663842064,0.8153077960014343,0.3166390061378479
2022,7,75.2863217418383,33.411354772606806,-0.009284543804824352,0.09483213722705841
2022,7,75.62247132115583,32.84775176335022,-0.05041322484612465,0.34425270557403564
2022,8,74.90103431647944,33.191986180224816,0.4453611969947815,0.19168874621391296
2022,8,75.35980393207927,33.281099056409474,0.30649426579475403,0.08677584677934647
2022,8,74.91334123587187,32.883953869300235,0.45478689670562744,-0.04786979407072067
2022,8,75.10055014108238,32.98483467570686,0.8377652168273926,0.2712746262550354
2022,8,75.2930591064692,32.6146389471212,0.7269503474235535,0.20950859785079956
2022,8,74.61662769752719,32.841014398719324,0.4995564818382263,0.1908116340637207
2022,8,75.45969659167336,33.1685401513093,0.10856453329324722,-0.0295670535415411
2022,8,75.35082077923808,33.33329117441682,0.7796609997749329,0.209265798330307
2022,8,75.41819442554704,32.9144965889603,0.8450704216957092,0.3046416640281677
2022,8,75.3735481559263,33.2669955064488,0.6851102113723755,0.20488902926445007
2022,8,75.33689689233422,33.461390933932265,0.8023715615272522,0.19789841771125793
2022,8,75.30329990070815,33.24866987465276,0.8942292332649231,0.39192062616348267
2022,8,75.10486205444616,32.86859267794179,0.694796085357666,0.13759735226631165
2022,8,74.61519039307261,32.58364706981908,0.5573686957359314,0.11602412164211273
2022,8,75.05087330587057,32.91961698607978,0.44823309779167175,0.07377614080905914
2022,8,75.31659496691313,32.53900080019834,0.8855786919593811,0.2840215563774109
2022,8,74.88261885315498,33.28451265448913,0.5133751630783081,0.13139577209949493
2022,8,75.52069219946509,33.49489809402992,0.06550975888967514,0.1436554193496704
2022,8,75.53272962427228,32.817658201332215,0.7617449760437012,0.3457225263118744
2022,8,74.84938118764256,32.829336300025766,0.8820627331733704,0.3215256333351135
2022,8,74.69289466514894,32.6740175874015,0.6627294421195984,0.19219572842121124
2022,8,75.68715002161242,32.75693208812573,0.6367071270942688,0.03269754722714424
2022,8,74.52140627741052,32.6492240855598,0.5133151412010193,0.302902489900589
2022,8,75.51449382400466,32.79555964534287,0.8875362277030945,0.41054150462150574
2022,8,75.84291789187876,33.422493882129885,0.813269317150116,0.25429901480674744
2022,8,75.23610591745602,33.06469490446508,0.8020856380462646,0.2535885274410248
2022,8,75.18319514722138,33.26942095771592,0.4551455080509186,0.1460302472114563
2022,8,75.28299797528706,32.8912302231016,0.8939299583435059,0.3718487322330475
2022,8,75.39420940746105,32.91485591507394,0.8938938975334167,0.35336193442344666
2022,8,75.54557553283519,32.77579670909224,0.7558268308639526,0.14804063737392426
2022,8,74.90893949097969,32.7183045309086,0.8245313167572021,0.31438547372817993
2022,8,75.17897306538602,33.23483581927732,0.7451612949371338,0.2658672034740448
2022,8,74.93741608548628,33.05023202839076,0.44921591877937317,0.202826589345932
2022,8,75.4885325122936,32.926803508352734,0.7777777910232544,0.08775580674409866
2022,8,75.27608094759934,33.069186480885676,0.33239832520484924,-0.015288935042917728
2022,8,75.50982258452723,32.61607625157579,0.4447844326496124,0.08411604911088943
2022,8,75.45583383595165,32.671951462248025,0.9039322137832642,0.3460962176322937
2022,8,74.83923022493201,33.3384115715363,-0.05823097750544548,-0.07200838625431061
2022,8,75.75946440198405,32.81828702203109,0.7877954840660095,0.2783018946647644
2022,8,75.7448218628529,32.881258923447874,0.7267080545425415,0.15592515468597412
2022,8,75.51215820426594,32.93174424241539,0.7549346089363098,0.1295165866613388
2022,8,74.50685356980779,32.815951402292384,0.5947170853614807,0.15506033599376678
2022,8,74.73179171695132,33.284422822960714,0.0864100307226181,0.18067331612110138
2022,8,75.18894436503975,32.59038443444997,0.8555269837379456,0.21966880559921265
2022,8,74.55742872030372,33.236093460675086,0.2840462625026703,0.1187727227807045
2022,8,75.01323389546596,32.89365567436872,0.9050132036209106,0.3251758813858032
2022,8,75.08339231915569,33.26439039212485,0.8104547262191772,0.32400932908058167
2022,8,75.309588107697,33.385752787009395,0.09749028831720352,0.11672643572092056
2022,8,74.87839677131963,32.765376251796454,0.8542894124984741,0.2630562484264374
2022,8,75.62022553294553,33.35143714315603,0.812394380569458,0.18785494565963745
2022,8,75.08617709653647,32.84424833374215,0.6811679005622864,0.10518350452184677
2022,8,75.14834051419754,33.13656012719464,0.8278433680534363,0.2784177362918854
2022,8,75.48278329447524,32.997411089684526,0.8467782735824585,0.3004644513130188
2022,8,75.77168148984808,32.63754598686625,0.02500000037252903,0.011705156415700912
2022,8,75.57117751843259,33.33535729957029,0.7464212775230408,0.18838058412075043
2022,8,75.17448148896541,33.13961439916065,0.8678276538848877,0.28965622186660767
2022,8,75.82692787982143,32.848919573219575,0.6821154356002808,0.07798834145069122
2022,8,75.08069737330334,32.91916782843772,0.4082687199115753,-0.09811165928840637
2022,8,75.5291363631358,33.02561818960588,0.7012802362442017,0.20564515888690948
2022,8,75.59103028621163,33.301850139472634,0.4641827344894409,0.015848591923713684
2022,8,75.38190248806862,33.194591294548765,0.852090060710907,0.31784582138061523
2022,8,74.55176933401377,33.35673720333234,0.8366013169288635,0.40743789076805115
2022,8,75.56219436559141,32.9445901509783,0.825529158115387,0.31515711545944214
2022,8,75.37291933522742,33.14814839435979,0.32508930563926697,-0.001035840017721057
2022,8,74.68723527885899,33.204382931145666,0.8617804050445557,0.29016807675361633
2022,8,74.83060639820447,32.78370188359249,0.8557766675949097,0.3059655725955963
2022,8,74.94738738514,32.95096818949555,0.4263165593147278,0.010885871015489101
2022,8,74.76251409966821,33.02993010296966,0.8725305795669556,0.2738768458366394
2022,8,75.01736614577291,32.716058742698294,0.8498659729957581,0.2465101033449173
2022,8,74.77176674709463,33.31604352096172,0.7282304167747498,0.24469901621341705
2022,8,75.21382769840986,33.47549448389294,0.7168765664100647,0.18477316200733185
2022,8,74.88468497830846,33.45914514572196,0.25602564215660095,0.15536248683929443
2022,8,75.74724731412003,32.777323845075244,0.5818565487861633,0.18695583939552307
2022,8,74.6940624750183,32.62011867035433,0.6720336675643921,0.235958069562912
2022,8,75.03623076673942,33.20447276267408,0.7364864945411682,0.10693641752004623
2022,8,74.92322270399718,33.10044785277304,0.6056405901908875,0.26322662830352783
2022,8,75.60666097215532,32.9859126540478,0.8613672256469727,0.3858901560306549
2022,8,75.81111753082092,32.536126191289156,0.9019119143486023,0.2555331885814667
2022,8,74.82674364248275,33.33383016358729,0.8736330270767212,0.2841973900794983
2022,8,75.28326746987229,32.59155224431933,0.6755677461624146,0.2090761810541153
2022,8,74.61716668669767,33.4346211384655,0.002809865865856409,0.11828705668449402
2022,8,75.74248624311419,32.95833437482533,0.7645894885063171,0.33035048842430115
2022,8,74.64582294426108,32.66135134189542,0.49874526262283325,0.12313675135374069
2022,8,75.07701428063845,32.53953978936881,0.018380526453256607,0.6295713782310486
2022,8,75.67753804807235,33.37685946569661,0.6949417591094971,0.18690675497055054
2022,8,74.74868004429277,32.64042059577543,0.11221466213464737,-0.07346516102552414
2022,8,75.66343449811167,33.4864539303592,0.8576717376708984,0.38612645864486694
2022,8,75.70251121297088,32.503158020361965,-1.0,0.0
2022,8,74.85710669908599,33.042955674589386,0.78290194272995,0.19734503328800201
2022,8,75.86411813258397,32.62470007830334,0.8678898811340332,0.2857593894004822
2022,8,75.35091061076649,32.60987787611537,0.6421346068382263,0.16132214665412903
2022,8,74.87381536337061,33.49301163193327,-0.012798634357750416,-0.07291922718286514
2022,8,74.58006626546353,32.811190331286554,0.5740143656730652,0.20012396574020386
2022,8,74.97703178951595,33.20402360503202,0.44379723072052,0.18555760383605957
2022,8,75.69577384833998,32.613830463365495,0.7395143508911133,0.21529920399188995
2022,8,74.74463762551423,32.71138750322088,0.578380286693573,0.0808403491973877
2022,8,75.83025164637267,33.36446271477577,0.5009844899177551,0.03324758633971214
2022,8,75.20026313761964,33.05912534970354,0.8630366325378418,0.2941518723964691
2022,8,74.8571965306144,32.80346481984312,0.8533759713172913,0.26961153745651245
2022,8,75.09821452134366,32.75531512061432,0.7547556161880493,0.196328803896904
2022,8,75.27365549633221,33.166653689212644,0.8858284950256348,0.3367973566055298
2022,8,75.19002234338069,33.289722883137024,0.8123151659965515,0.2201303392648697
2022,8,75.74437270521084,33.16315025960458,0.6527659296989441,0.09758854657411575
2022,8,75.08626692806489,33.14805856283137,0.6585366129875183,0.09861519187688828
2022,8,75.39052631479616,33.49319129499009,0.8082276582717896,0.29623058438301086
2022,8,75.46715260853156,32.62703569804205,0.809179961681366,0.25847533345222473
2022,8,74.79269749321462,33.18515898406551,0.8695133328437805,0.24031972885131836
2022,8,75.71508762694855,33.21821698652111,0.8612975478172302,0.11279536038637161
2022,8,75.2487721629621,32.78891211224039,0.5261194109916687,0.09725017100572586
2022,8,75.63926981696886,32.82403623984946,0.8298996090888977,0.17943479120731354
2022,8,75.87813185101624,33.43641776903374,0.7518981099128723,0.22258879244327545
2022,8,74.78326518273137,32.75504562602908,0.8030115962028503,0.2516571283340454
2022,8,75.82046000977577,33.16297059654776,0.6452288627624512,0.04068117216229439
2022,8,75.4501744496617,33.073049236607396,0.7122997641563416,0.15279756486415863
2022,8,74.81264009252207,32.527502364561606,0.7151248455047607,0.21825292706489563
2022,8,75.13432679576528,32.99561445911629,0.5274056196212769,0.10120746493339539
2022,8,74.79997384701599,32.928240812807324,0.42541930079460144,0.0683111622929573
2022,8,74.56165080213908,33.43327366553932,0.08112582564353943,0.2705763876438141
2022,8,74.54134887671798,32.6732989351742,0.22515727579593658,-0.005823830142617226
2022,8,75.71859105655662,33.15982649305334,0.8635794520378113,0.3554847538471222
2022,8,75.72739454634099,33.382249357401335,0.8042958378791809,0.32274991273880005
2022,8,75.1991851592787,33.01402992244074,0.8810915946960449,0.27078190445899963
2022,8,75.7778798653085,32.8213412939971,0.7650471329689026,0.07461368292570114
2022,8,75.32962053853286,33.19090820188387,0.707484781742096,0.22574520111083984
2022,8,75.37983636291514,32.69539749116355,0.6193825602531433,0.05849297717213631
2022,8,75.31354069494712,32.854578959509524,0.8941595554351807,0.29581692814826965
2022,8,75.2961133784352,33.4180921372377,0.8156852722167969,0.24197418987751007
2022,8,75.77976632740516,33.496604893069744,0.8071862459182739,0.3061448335647583
2022,8,74.80132131994218,33.33203353301905,0.7529329657554626,0.1681646853685379
2022,8,75.80105639963878,32.73312673309657,0.6494303345680237,0.07583841681480408
2022,8,75.36887691644888,32.81352595102526,0.8123559951782227,0.31399938464164734
2022,8,75.2193972531714,33.06505423057873,0.5593220591545105,0.17610755562782288
2022,8,74.5076620535635,33.473967347909934,0.6028261184692383,0.17828673124313354
2022,8,74.9549332335266,32.74282853816506,0.7716248631477356,0.17360445857048035
2022,8,75.10432306527568,33.36787631285542,0.774854302406311,0.24149340391159058
2022,8,75.11564183785559,33.35925248612787,0.8194965720176697,0.12942136824131012
2022,8,74.92744478583255,32.62658654039999,0.6473869681358337,0.08471851795911789
2022,8,74.66872998400613,32.73384538532386,0.4892960786819458,0.014269083738327026
2022,8,75.53524490706782,33.233398514822724,0.7569011449813843,0.22280755639076233
2022,8,75.45206091175835,32.9746837129963,0.2112794667482376,0.024017078801989555
2022,8,75.6598412369752,32.52552607093654,0.7765058875083923,0.2900213897228241
2022,8,75.04781903390456,32.96210729901863,0.8842382431030273,0.3370073437690735
2022,8,74.7332290214059,32.772113616427355,0.8557020425796509,0.33308637142181396
2022,8,75.09632805924701,32.769508502103406,0.8269972205162048,0.21189998090267181
2022,8,75.78183245255863,32.91907799690931,0.8325873017311096,0.3210713267326355
2022,8,74.90489707220115,32.773281426296705,-0.034410640597343445,0.607641339302063
2022,8,75.66244635129914,32.525615902464956,0.8715067505836487,0.23261834681034088
2022,8,74.72900693957055,33.08948840630678,0.7910794019699097,0.1941792070865631
2022,8,74.95232811920266,32.996243279815175,0.7646868228912354,0.32865291833877563
2022,8,75.40966043034791,32.58095212396672,0.8675645589828491,0.24714258313179016
2022,8,74.70960332943356,32.62901199166711,0.5648974180221558,0.1639314442873001
2022,8,75.871753812499,32.75962703397809,0.8635416626930237,0.28274378180503845
2022,8,74.69010988776817,32.739145445500164,0.24678631126880646,-0.034592851996421814
2022,8,75.46418816809397,33.33293184830317,0.7688888907432556,0.3291984796524048
2022,8,74.93472113963392,33.36203726350864,0.7442919015884399,0.1959923505783081
2022,8,75.49104779508913,32.51483611905552,0.8573895692825317,0.2664872109889984
2022,8,74.85108798668239,33.41503786527169,0.7447137832641602,0.16278721392154694
2022,8,75.62938834884355,33.338142076951065,0.704963207244873,0.20571985840797424
2022,8,75.56354183851758,33.10368178779587,0.7709551453590393,0.270185261964798
2022,8,74.83393016475571,32.645271498309675,0.7405824661254883,0.18206104636192322
2022,8,75.13118269227085,32.6439240253835,0.25460749864578247,-0.06700507551431656
2022,8,75.40139592973401,32.693960186708956,0.8612975478172302,0.3068917989730835
2022,8,75.23179400409224,33.13386518134229,0.6508538722991943,0.14448586106300354
2022,8,74.9338228243498,33.19845405027048,0.3412829637527466,0.11941138654947281
2022,8,75.28129117624722,33.06092198027178,0.71645188331604,0.19032597541809082
2022,8,75.4337352799623,32.743906516506,0.851190447807312,0.21011672914028168
2022,8,75.68580254868625,33.492831968876445,0.2470799684524536,0.0691315233707428
2022,8,75.14196247568029,32.66180049953748,0.8493282198905945,0.2190416008234024
2022,8,75.14510657917471,33.20950332826515,0.8212025165557861,0.25815266370773315
2022,8,75.3795668683299,32.91764069245472,0.8349043130874634,0.2229202389717102
2022,8,74.81326891322095,33.08131373722129,0.7645126581192017,0.2452399581670761
2022,8,75.86384863799874,33.10601740753458,0.7400419116020203,0.2637990117073059
2022,8,75.72739454634099,32.74462516873329,0.27116212248802185,0.03308555483818054
2022,8,75.0803380471897,33.12416337627379,0.8190212249755859,0.277147501707077
2022,8,75.19873600163665,33.27427186025017,0.8228021860122681,0.35287371277809143
2022,8,75.35055128465284,33.47387751638152,0.27213114500045776,-0.1785462200641632
2022,8,75.71382998555077,32.738965782443344,0.8440321087837219,0.28431713581085205
2022,8,75.422326675854,33.030558923668536,0.8183194398880005,0.09281164407730103
2022,8,74.85674737297234,33.19135735952593,0.7542505264282227,0.2654692530632019
2022,8,74.84785405165955,32.65676993394641,0.5484593510627747,0.049445055425167084
2022,8,74.50119418351784,33.46381638519939,0.7879418134689331,0.2762799859046936
2022,8,75.83752800017403,33.19971169166824,0.833081066608429,0.27989131212234497
2022,8,75.0022744489997,32.599996407990055,0.8639776706695557,0.3555937111377716
2022,8,75.52724990103916,33.10718521740394,0.8315268158912659,0.25323161482810974
2022,8,75.69271957637397,33.468487624676804,0.8641390204429626,0.31500741839408875
2022,8,75.16028810747633,33.40946831051016,0.7772873044013977,0.26870056986808777
2022,8,75.49571903456656,32.61742372450197,0.7308558821678162,0.18094506859779358
2022,8,75.0954297439629,33.38180019975927,0.8384596109390259,0.41094470024108887
2022,8,74.93247535142362,33.292597492046205,0.6065107583999634,0.28631681203842163
2022,8,74.82970808292035,32.94450031944989,0.7028982043266296,0.26118338108062744
2022,8,74.6474399117725,33.11167679382453,0.7878512740135193,0.2950131297111511
2022,8,74.63037192137422,33.45698918904007,0.5195171236991882,0.05533817782998085
2022,8,74.77473118753223,32.88530134222641,0.8027973175048828,0.33439624309539795
2022,8,75.57351313817131,32.68758214819171,0.7831155061721802,0.2741039991378784
2022,8,75.79162408915553,33.21372541010051,0.5715170502662659,-0.015897635370492935
2022,8,75.11393503881577,32.58274875453496,0.12159468233585358,-0.0076425629667937756
2022,8,74.62543118731156,33.226750981720244,0.6711757779121399,0.2405042052268982
2022,8,75.44137095987733,32.7919663842064,0.8901278376579285,0.25405991077423096
2022,8,75.2863217418383,33.411354772606806,0.8257811665534973,0.2885064482688904
2022,8,75.62247132115583,32.84775176335022,-0.008460236713290215,0.11002367734909058
2022,9,74.90103431647944,33.191986180224816,0.5500838160514832,0.17047877609729767
2022,9,75.35980393207927,33.281099056409474,0.027663331478834152,0.08306869119405746
2022,9,74.91334123587187,32.883953869300235,0.47856220602989197,-0.0074846986681222916
2022,9,75.10055014108238,32.98483467570686,0.6909677386283875,0.22072799503803253
2022,9,75.2930591064692,32.6146389471212,0.6312328577041626,0.18660090863704681
2022,9,74.61662769752719,32.841014398719324,0.7965888381004333,0.28998851776123047
2022,9,75.45969659167336,33.1685401513093,0.15648981928825378,-0.014447071589529514
2022,9,75.35082077923808,33.33329117441682,0.014344261959195137,0.11295783519744873
2022,9,75.41819442554704,32.9144965889603,0.6917453408241272,0.2904544770717621
2022,9,75.3735481559263,33.2669955064488,0.5,0.12039311975240707
2022,9,75.33689689233422,33.461390933932265,0.7557830810546875,0.1403263360261917
2022,9,75.30329990070815,33.24866987465276,0.8004115223884583,0.2752778232097626
2022,9,75.10486205444616,32.86859267794179,0.5558630228042603,0.1270536631345749
2022,9,74.61519039307261,32.58364706981908,0.5546950697898865,0.15187376737594604
2022,9,75.05087330587057,32.91961698607978,0.49222153425216675,0.13186030089855194
2022,9,75.31659496691313,32.53900080019834,0.623650848865509,0.26828211545944214
2022,9,74.88261885315498,33.28451265448913,0.7310941219329834,0.238571897149086
2022,9,75.52069219946509,33.49489809402992,0.47539085149765015,0.0394279882311821
2022,9,75.53272962427228,32.817658201332215,0.6970324516296387,0.37130269408226013
2022,9,74.84938118764256,32.829336300025766,0.6513308882713318,0.25174304842948914
2022,9,74.69289466514894,32.6740175874015,0.5093902349472046,0.12194640189409256
2022,9,75.68715002161242,32.75693208812573,0.5419103503227234,0.01405365951359272
2022,9,74.52140627741052,32.6492240855598,0.80282062292099,0.3680282533168793
2022,9,75.51449382400466,32.79555964534287,0.7393172383308411,0.31255629658699036
2022,9,75.84291789187876,33.422493882129885,0.5970379114151001,0.1867530643939972
2022,9,75.23610591745602,33.06469490446508,0.27885791659355164,0.13063062727451324
2022,9,75.18319514722138,33.26942095771592,0.42924055457115173,0.1304577887058258
2022,9,75.28299797528706,32.8912302231016,0.7199094891548157,0.2886980175971985
2022,9,75.39420940746105,32.91485591507394,0.722305178642273,0.33110368251800537
2022,9,75.54557553283519,32.77579670909224,0.11139564961194992,0.26703163981437683
2022,9,74.90893949097969,32.7183045309086,0.6761936545372009,0.27750441431999207
2022,9,75.17897306538602,33.23483581927732,0.772623598575592,0.3319999873638153
2022,9,74.93741608548628,33.05023202839076,0.3478114902973175,0.1778503805398941
2022,9,75.4885325122936,32.926803508352734,0.01700037717819214,0.13668754696846008
2022,9,75.27608094759934,33.069186480885676,0.35982176661491394,-0.009199134074151516
2022,9,75.50982258452723,32.61607625157579,0.7452853322029114,0.2523725926876068
2022,9,75.45583383595165,32.671951462248025,0.5284178256988525,0.13245852291584015
2022,9,74.83923022493201,33.3384115715363,0.016260161995887756,-0.06037544459104538
2022,9,75.75946440198405,32.81828702203109,0.7333333492279053,0.30338120460510254
2022,9,75.7448218628529,32.881258923447874,0.6052899360656738,0.11210761964321136
2022,9,75.51215820426594,32.93174424241539,0.5474487543106079,0.002936176722869277
2022,9,74.50685356980779,32.815951402292384,0.7587053179740906,0.3061031103134155
2022,9,74.73179171695132,33.284422822960714,0.5642171502113342,0.2032850682735443
2022,9,75.18894436503975,32.59038443444997,0.5833333134651184,0.24787315726280212
2022,9,74.55742872030372,33.236093460675086,0.5261738896369934,0.19444651901721954
2022,9,75.01323389546596,32.89365567436872,0.7384223937988281,0.23897725343704224
2022,9,75.08339231915569,33.26439039212485,0.6511363387107849,0.16496291756629944
2022,9,75.309588107697,33.385752787009395,0.48971134424209595,0.10062640905380249
2022,9,74.87839677131963,32.765376251796454,0.6545578241348267,0.25450992584228516
2022,9,75.62022553294553,33.35143714315603,0.46960222721099854,0.0033641334157437086
2022,9,75.08617709653647,32.84424833374215,0.6276865005493164,0.151956707239151
2022,9,75.14834051419754,33.13656012719464,0.7579663395881653,0.1919739693403244
2022,9,75.48278329447524,32.997411089684526,0.7592137455940247,0.31276845932006836
2022,9,75.77168148984808,32.63754598686625,0.011181332170963287,0.1015091985464096
2022,9,75.57117751843259,33.33535729957029,0.16225484013557434,0.20249751210212708
2022,9,75.17448148896541,33.13961439916065,0.6263473033905029,0.3057692348957062
2022,9,75.82692787982143,32.848919573219575,0.3966480493545532,0.03526598960161209
2022,9,75.08069737330334,32.91916782843772,0.4352768659591675,-0.06824792921543121
2022,9,75.5291363631358,33.02561818960588,0.7014925479888916,0.1923583596944809
2022,9,75.59103028621163,33.301850139472634,0.004448398482054472,0.14475715160369873
2022,9,75.38190248806862,33.194591294548765,0.6331401467323303,0.17793317139148712
2022,9,74.55176933401377,33.35673720333234,0.7356955409049988,0.2737506031990051
2022,9,75.56219436559141,32.9445901509783,0.6484410166740417,0.23535387217998505
2022,9,75.37291933522742,33.14814839435979,0.3266219198703766,0.010221465490758419
2022,9,74.68723527885899,33.204382931145666,0.8592584729194641,0.303740531206131
2022,9,74.83060639820447,32.78370188359249,0.7200955152511597,0.2900669276714325
2022,9,74.94738738514,32.95096818949555,0.4914764165878296,0.14314168691635132
2022,9,74.76251409966821,33.02993010296966,0.7469620704650879,0.2657931447029114
2022,9,75.01736614577291,32.716058742698294,0.5756512880325317,0.2782226800918579
2022,9,74.77176674709463,33.31604352096172,0.7146958112716675,0.2047441005706787
2022,9,75.21382769840986,33.47549448389294,0.6075035929679871,0.075933076441288
2022,9,74.88468497830846,33.45914514572196,0.027468448504805565,0.06165499985218048
2022,9,75.74724731412003,32.777323845075244,0.04490689933300018,0.12311190366744995
2022,9,74.6940624750183,32.62011867035433,0.6760470271110535,0.2598227858543396
2022,9,75.03623076673942,33.20447276267408,0.6841282248497009,0.125
2022,9,74.92322270399718,33.10044785277304,0.7135360836982727,0.28955167531967163
2022,9,75.60666097215532,32.9859126540478,0.7953795194625854,0.4214789569377899
2022,9,75.81111753082092,32.536126191289156,0.8237826824188232,0.22628062963485718
2022,9,74.82674364248275,33.33383016358729,0.8330414295196533,0.26155081391334534
2022,9,75.28326746987229,32.59155224431933,0.6154050230979919,0.14428050816059113
2022,9,74.61716668669767,33.4346211384655,0.2339627742767334,0.043843720108270645
2022,9,75.74248624311419,32.95833437482533,0.7625820636749268,0.36688852310180664
2022,9,74.64582294426108,32.66135134189542,0.5061812400817871,0.1266137659549713
2022,9,75.07701428063845,32.53953978936881,0.12904833257198334,0.09418509155511856
2022,9,75.67753804807235,33.37685946569661,0.6619517207145691,0.24413512647151947
2022,9,74.74868004429277,32.64042059577543,0.2006201595067978,-0.006539379246532917
2022,9,75.66343449811167,33.4864539303592,0.7925429940223694,0.42369019985198975
2022,9,75.70251121297088,32.503158020361965,-0.1053706631064415,0.2675672471523285
2022,9,74.85710669908599,33.042955674589386,0.6934428215026855,0.24493128061294556
2022,9,75.86411813258397,32.62470007830334,0.7892298698425293,0.2606707215309143
2022,9,75.35091061076649,32.60987787611537,0.5565912127494812,0.19648094475269318
2022,9,74.87381536337061,33.49301163193327,-0.04702495038509369,-0.21657250821590424
2022,9,74.58006626546353,32.811190331286554,0.6240747570991516,0.23751075565814972
2022,9,74.97703178951595,33.20402360503202,-0.0059043532237410545,0.21157824993133545
2022,9,75.69577384833998,32.613830463365495,0.6516901850700378,0.23850196599960327
2022,9,74.74463762551423,32.71138750322088,0.5261267423629761,0.1309628188610077
2022,9,75.83025164637267,33.36446271477577,0.2668830454349518,-0.12041732668876648
2022,9,75.20026313761964,33.05912534970354,0.033883579075336456,0.10063035041093826
2022,9,74.8571965306144,32.80346481984312,0.6875028014183044,0.25214600563049316
2022,9,75.09821452134366,32.75531512061432,0.56561678647995,0.20666255056858063
2022,9,75.27365549633221,33.166653689212644,0.7508590817451477,0.22475960850715637
2022,9,75.19002234338069,33.289722883137024,0.7400622367858887,0.15857307612895966
2022,9,75.74437270521084,33.16315025960458,0.4461274743080139,-0.019940916448831558
2022,9,75.08626692806489,33.14805856283137,0.6213657855987549,0.10456010699272156
2022,9,75.39052631479616,33.49319129499009,0.760513186454773,0.2252017706632614
2022,9,75.46715260853156,32.62703569804205,0.6113207340240479,0.155020073056221
2022,9,74.79269749321462,33.18515898406551,0.7837308049201965,0.2222999781370163
2022,9,75.71508762694855,33.21821698652111,0.7160760760307312,0.10582010447978973
2022,9,75.2487721629621,32.78891211224039,0.5315911173820496,0.08685445785522461
2022,9,75.63926981696886,32.82403623984946,0.03133333474397659,0.1845865249633789
2022,9,75.87813185101624,33.43641776903374,0.3674476444721222,0.1195203885436058
2022,9,74.78326518273137,32.75504562602908,0.6960224509239197,0.2660956382751465
2022,9,75.82046000977577,33.16297059654776,0.5386106371879578,-0.0525883324444294
2022,9,75.4501744496617,33.073049236607396,0.7109790444374084,0.1794871836900711
2022,9,74.81264009252207,32.527502364561606,0.6965273022651672,0.31208866834640503
2022,9,75.13432679576528,32.99561445911629,0.5221941471099854,0.10404040664434433
2022,9,74.79997384701599,32.928240812807324,0.6788537502288818,0.20730754733085632
2022,9,74.56165080213908,33.43327366553932,0.620539665222168,0.29742205142974854
2022,9,74.54134887671798,32.6732989351742,0.3266485333442688,0.057595085352659225
2022,9,75.71859105655662,33.15982649305334,0.7247121930122375,0.22490867972373962
2022,9,75.72739454634099,33.382249357401335,0.29693636298179626,-0.020511945709586143
2022,9,75.1991851592787,33.01402992244074,0.7501643896102905,0.20354712009429932
2022,9,75.7778798653085,32.8213412939971,0.7008837461471558,0.18972896039485931
2022,9,75.32962053853286,33.19090820188387,0.3256351053714752,-0.0765591412782669
2022,9,75.37983636291514,32.69539749116355,0.0005104645388200879,0.14744043350219727
2022,9,75.31354069494712,32.854578959509524,0.6741886734962463,0.2839953899383545
2022,9,75.2961133784352,33.4180921372377,0.8046462535858154,0.18892495334148407
2022,9,75.77976632740516,33.496604893069744,0.8050682544708252,0.28011059761047363
2022,9,74.80132131994218,33.33203353301905,0.7724974155426025,0.15662771463394165
2022,9,75.80105639963878,32.73312673309657,0.5712912678718567,0.025451380759477615
2022,9,75.36887691644888,32.81352595102526,0.7180661559104919,0.27352219820022583
2022,9,75.2193972531714,33.06505423057873,0.4939965605735779,0.16005410254001617
2022,9,74.5076620535635,33.473967347909934,0.22891059517860413,0.06435893476009369
2022,9,74.9549332335266,32.74282853816506,0.5184608101844788,0.18811313807964325
2022,9,75.10432306527568,33.36787631285542,0.7245817184448242,0.19900000095367432
2022,9,75.11564183785559,33.35925248612787,0.7735533714294434,0.2214600294828415
2022,9,74.92744478583255,32.62658654039999,0.42659199237823486,0.12411510199308395
2022,9,74.66872998400613,32.73384538532386,0.4043921232223511,0.06158680096268654
2022,9,75.53524490706782,33.233398514822724,0.7512475848197937,0.3082214295864105
2022,9,75.45206091175835,32.9746837129963,0.7365591526031494,0.18358373641967773
2022,9,75.6598412369752,32.52552607093654,0.687660813331604,0.29898884892463684
2022,9,75.04781903390456,32.96210729901863,0.7040489315986633,0.27391156554222107
2022,9,74.7332290214059,32.772113616427355,0.7282485365867615,0.3460939824581146
2022,9,75.09632805924701,32.769508502103406,0.6567398309707642,0.24838832020759583
2022,9,75.78183245255863,32.91907799690931,0.7634010910987854,0.27865368127822876
2022,9,74.90489707220115,32.773281426296705,-0.06809424608945847,0.3437654674053192
2022,9,75.66244635129914,32.525615902464956,0.4301675856113434,0.23410648107528687
2022,9,74.72900693957055,33.08948840630678,0.5997809171676636,0.10776039958000183
2022,9,74.95232811920266,32.996243279815175,0.4944922924041748,0.30785122513771057
2022,9,75.40966043034791,32.58095212396672,0.5316520929336548,0.1772688776254654
2022,9,74.70960332943356,32.62901199166711,0.6439558863639832,0.2704467177391052
2022,9,75.871753812499,32.75962703397809,0.20280537009239197,0.04308160021901131
2022,9,74.69010988776817,32.739145445500164,0.3985821604728699,0.09403863549232483
2022,9,75.46418816809397,33.33293184830317,0.7526059746742249,0.31957146525382996
2022,9,74.93472113963392,33.36203726350864,0.29372385144233704,0.046716317534446716
2022,9,75.49104779508913,32.51483611905552,0.675809383392334,0.33220604062080383
2022,9,74.85108798668239,33.41503786527169,0.7045907974243164,0.041916169226169586
2022,9,75.62938834884355,33.338142076951065,0.7237569093704224,0.12646855413913727
2022,9,75.56354183851758,33.10368178779587,0.7460978031158447,0.2833651900291443
2022,9,74.83393016475571,32.645271498309675,0.5563463568687439,0.17293435335159302
2022,9,75.13118269227085,32.6439240253835,0.24627310037612915,-0.015312131494283676
2022,9,75.40139592973401,32.693960186708956,0.642346203327179,0.3313385248184204
2022,9,75.23179400409224,33.13386518134229,0.546410322189331,0.1705249398946762
2022,9,74.9338228243498,33.19845405027048,0.5250105261802673,0.17829230427742004
2022,9,75.28129117624722,33.06092198027178,0.6734374761581421,0.22821101546287537
2022,9,75.4337352799623,32.743906516506,0.41160592436790466,0.2951856851577759
2022,9,75.68580254868625,33.492831968876445,0.527374804019928,0.047328732907772064
2022,9,75.14196247568029,32.66180049953748,0.6419965624809265,0.14693069458007812
2022,9,75.14510657917471,33.20950332826515,0.7464619278907776,0.20532003045082092
2022,9,75.3795668683299,32.91764069245472,0.7333333492279053,0.16647791862487793
2022,9,74.81326891322095,33.08131373722129,0.7171567678451538,0.23855002224445343
2022,9,75.86384863799874,33.10601740753458,0.6926838159561157,0.18467816710472107
2022,9,75.72739454634099,32.74462516873329,0.1073189228773117,0.15837104618549347
2022,9,75.0803380471897,33.12416337627379,0.7478494644165039,0.23242855072021484
2022,9,75.19873600163665,33.27427186025017,0.7313721776008606,0.2811112701892853
2022,9,75.35055128465284,33.47387751638152,0.34965407848358154,-0.18443696200847626
2022,9,75.71382998555077,32.738965782443344,0.6857931613922119,0.1694873720407486
2022,9,75.422326675854,33.030558923668536,0.4995773434638977,0.08968307822942734
2022,9,74.85674737297234,33.19135735952593,0.8526571989059448,0.29158544540405273
2022,9,74.84785405165955,32.65676993394641,0.565333366394043,0.18557360768318176
2022,9,74.50119418351784,33.46381638519939,0.6427314281463623,0.2785952687263489
2022,9,75.83752800017403,33.19971169166824,0.694950520992279,0.08442964404821396
2022,9,75.0022744489997,32.599996407990055,0.3635007441043854,-0.06789060682058334
2022,9,75.52724990103916,33.10718521740394,0.734860897064209,0.19639407098293304
2022,9,75.69271957637397,33.468487624676804,0.8627263903617859,0.2962447702884674
2022,9,75.16028810747633,33.40946831051016,0.6893784403800964,0.19596479833126068
2022,9,75.49571903456656,32.61742372450197,0.47480106353759766,0.08934777975082397
2022,9,75.0954297439629,33.38180019975927,0.8082596063613892,0.3828190267086029
2022,9,74.93247535142362,33.292597492046205,0.5410708785057068,0.3331854045391083
2022,9,74.82970808292035,32.94450031944989,0.7071973085403442,0.3245476484298706
2022,9,74.6474399117725,33.11167679382453,0.624366283416748,0.15967215597629547
2022,9,74.63037192137422,33.45698918904007,0.25112301111221313,0.014406234957277775
2022,9,74.77473118753223,32.88530134222641,0.7541825771331787,0.37496018409729004
2022,9,75.57351313817131,32.68758214819171,0.547076940536499,0.2636340856552124
2022,9,75.79162408915553,33.21372541010051,0.537386417388916,-0.05916499346494675
2022,9,75.11393503881577,32.58274875453496,0.14506539702415466,0.080972820520401
2022,9,74.62543118731156,33.226750981720244,0.3751600682735443,0.1340634971857071
2022,9,75.44137095987733,32.7919663842064,0.8136020302772522,0.28313368558883667
2022,9,75.2863217418383,33.411354772606806,0.800161600112915,0.1846695840358734
2022,9,75.62247132115583,32.84775176335022,-0.006493506487458944,0.34033724665641785
2023,6,74.90103431647944,33.191986180224816,0.42715561389923096,0.11068260669708252
2023,6,75.35980393207927,33.281099056409474,0.007111523300409317,0.07436010241508484
2023,6,74.91334123587187,32.883953869300235,0.3143743574619293,-0.08365018665790558
2023,6,75.10055014108238,32.98483467570686,0.6092225909233093,0.08424616605043411
2023,6,75.2930591064692,32.6146389471212,0.3485528528690338,-0.029558314010500908
2023,6,74.61662769752719,32.841014398719324,0.5147478580474854,0.07913912832736969
2023,6,75.45969659167336,33.1685401513093,0.11226312071084976,-0.055426113307476044
2023,6,75.35082077923808,33.33329117441682,0.17788226902484894,-0.015417991206049919
2023,6,75.41819442554704,32.9144965889603,0.37628358602523804,0.18028388917446136
2023,6,75.3735481559263,33.2669955064488,0.32897040247917175,-0.007155879400670528
2023,6,75.33689689233422,33.461390933932265,0.6672484278678894,0.14908525347709656
2023,6,75.30329990070815,33.24866987465276,0.6882391571998596,0.17737670242786407
2023,6,75.10486205444616,32.86859267794179,0.45690035820007324,0.0282998438924551
2023,6,74.61519039307261,32.58364706981908,0.5184881091117859,0.10601364076137543
2023,6,75.05087330587057,32.91961698607978,0.47205841541290283,0.07764338701963425
2023,6,75.31659496691313,32.53900080019834,0.5903444290161133,0.08663862943649292
2023,6,74.88261885315498,33.28451265448913,0.5800267457962036,0.17157024145126343
2023,6,75.52069219946509,33.49489809402992,0.05834018066525459,0.05986422672867775
2023,6,75.53272962427228,32.817658201332215,0.4003375172615051,0.2787667512893677
2023,6,74.84938118764256,32.829336300025766,0.7144353985786438,0.1353226900100708
2023,6,74.69289466514894,32.6740175874015,0.20050020515918732,-0.09915545582771301
2023,6,75.68715002161242,32.75693208812573,-0.05580275505781174,0.16517622768878937
2023,6,74.52140627741052,32.6492240855598,0.11215580999851227,-0.090012326836586
2023,6,75.51449382400466,32.79555964534287,0.129588782787323,0.09006164222955704
2023,6,75.84291789187876,33.422493882129885,0.5239138603210449,0.20085929334163666
2023,6,75.23610591745602,33.06469490446508,0.3354235291481018,0.06509064137935638
2023,6,75.18319514722138,33.26942095771592,0.31001147627830505,0.07321687787771225
2023,6,75.28299797528706,32.8912302231016,0.21639195084571838,0.09605521708726883
2023,6,75.39420940746105,32.91485591507394,0.40574946999549866,0.14044660329818726
2023,6,75.54557553283519,32.77579670909224,0.014484005980193615,0.1440110057592392
2023,6,74.90893949097969,32.7183045309086,0.6736196279525757,0.07850390672683716
2023,6,75.17897306538602,33.23483581927732,0.5810631513595581,0.1810922473669052
2023,6,74.93741608548628,33.05023202839076,0.5029761791229248,0.08885616064071655
2023,6,75.4885325122936,32.926803508352734,-0.052783798426389694,0.1836428940296173
2023,6,75.27608094759934,33.069186480885676,0.11495160311460495,0.1363394856452942
2023,6,75.50982258452723,32.61607625157579,0.39115282893180847,0.15090928971767426
2023,6,75.45583383595165,32.671951462248025,0.33822113275527954,0.020818771794438362
2023,6,74.83923022493201,33.3384115715363,-0.03298969194293022,-0.05036699399352074
2023,6,75.75946440198405,32.81828702203109,0.318060964345932,0.47296497225761414
2023,6,75.7448218628529,32.881258923447874,0.3003808259963989,0.41563668847084045
2023,6,75.51215820426594,32.93174424241539,0.4059809148311615,0.2380940020084381
2023,6,74.50685356980779,32.815951402292384,0.15201768279075623,-0.07036443054676056
2023,6,74.73179171695132,33.284422822960714,0.5973813533782959,0.15711069107055664
2023,6,75.18894436503975,32.59038443444997,0.46566319465637207,0.03842538222670555
2023,6,74.55742872030372,33.236093460675086,0.4623853266239166,0.13558891415596008
2023,6,75.01323389546596,32.89365567436872,0.4280088543891907,0.026506969705224037
2023,6,75.08339231915569,33.26439039212485,0.47202712297439575,0.08500772714614868
2023,6,75.309588107697,33.385752787009395,0.6278831362724304,0.19001701474189758
2023,6,74.87839677131963,32.765376251796454,0.7670958638191223,0.16851218044757843
2023,6,75.62022553294553,33.35143714315603,0.7451071739196777,0.21702127158641815
2023,6,75.08617709653647,32.84424833374215,0.45024681091308594,0.010386047884821892
2023,6,75.14834051419754,33.13656012719464,0.6302056908607483,0.1960383802652359
2023,6,75.48278329447524,32.997411089684526,0.6850143671035767,0.20741809904575348
2023,6,75.77168148984808,32.63754598686625,0.35584530234336853,0.24095985293388367
2023,6,75.57117751843259,33.33535729957029,0.05829953774809837,0.2501630485057831
2023,6,75.17448148896541,33.13961439916065,0.7707168459892273,0.31190356612205505
2023,6,75.82692787982143,32.848919573219575,-0.018150905147194862,0.6791012287139893
2023,6,75.08069737330334,32.91916782843772,0.3787686824798584,-0.0026605853345245123
2023,6,75.5291363631358,33.02561818960588,0.2887202203273773,0.10064080357551575
2023,6,75.59103028621163,33.301850139472634,0.03331120312213898,0.22025910019874573
2023,6,75.38190248806862,33.194591294548765,0.6736129522323608,0.2319343090057373
2023,6,74.55176933401377,33.35673720333234,0.47219258546829224,0.19083233177661896
2023,6,75.56219436559141,32.9445901509783,0.3620535731315613,0.21700546145439148
2023,6,75.37291933522742,33.14814839435979,0.3282877504825592,0.029892200604081154
2023,6,74.68723527885899,33.204382931145666,0.7445868253707886,0.18345323204994202
2023,6,74.83060639820447,32.78370188359249,0.8887530565261841,0.2225421667098999
2023,6,74.94738738514,32.95096818949555,0.41036152839660645,0.08037116378545761
2023,6,74.76251409966821,33.02993010296966,0.7243589758872986,0.0724252462387085
2023,6,75.01736614577291,32.716058742698294,0.4736842215061188,0.032076288014650345
2023,6,74.77176674709463,33.31604352096172,0.6070663928985596,0.17371182143688202
2023,6,75.21382769840986,33.47549448389294,0.5562728643417358,0.09459663927555084
2023,6,74.88468497830846,33.45914514572196,-0.03251568600535393,0.19276773929595947
2023,6,75.74724731412003,32.777323845075244,0.1699530929327011,0.37230369448661804
2023,6,74.6940624750183,32.62011867035433,0.14146341383457184,-0.15449751913547516
2023,6,75.03623076673942,33.20447276267408,0.681550145149231,0.09790979325771332
2023,6,74.92322270399718,33.10044785277304,0.5632498860359192,0.06920333206653595
2023,6,75.60666097215532,32.9859126540478,0.8064997792243958,0.34899163246154785
2023,6,75.81111753082092,32.536126191289156,0.7021669149398804,0.18601760268211365
2023,6,74.82674364248275,33.33383016358729,0.8125,0.2129683494567871
2023,6,75.28326746987229,32.59155224431933,0.3613325357437134,-0.03010093979537487
2023,6,74.61716668669767,33.4346211384655,-0.0198507122695446,0.10308369249105453
2023,6,75.74248624311419,32.95833437482533,0.7711063027381897,0.3959723114967346
2023,6,74.64582294426108,32.66135134189542,0.39225655794143677,0.04798351600766182
2023,6,75.07701428063845,32.53953978936881,0.11794871836900711,-0.13975974917411804
2023,6,75.67753804807235,33.37685946569661,0.7371235489845276,0.2842572033405304
2023,6,74.74868004429277,32.64042059577543,0.0690515786409378,-0.05335365980863571
2023,6,75.66343449811167,33.4864539303592,0.814612865447998,0.3711102604866028
2023,6,75.70251121297088,32.503158020361965,-0.15397082269191742,0.01744186133146286
2023,6,74.85710669908599,33.042955674589386,0.7136827111244202,0.10236220806837082
2023,6,75.86411813258397,32.62470007830334,0.20120182633399963,0.059651974588632584
2023,6,75.35091061076649,32.60987787611537,0.39253440499305725,0.02704933099448681
2023,6,74.87381536337061,33.49301163193327,-0.06150035932660103,0.39818206429481506
2023,6,74.58006626546353,32.811190331286554,0.41159558296203613,0.10814693570137024
2023,6,74.97703178951595,33.20402360503202,0.41543257236480713,0.021978022530674934
2023,6,75.69577384833998,32.613830463365495,0.3979690372943878,0.09139882773160934
2023,6,74.74463762551423,32.71138750322088,0.47867298126220703,-0.00917431153357029
2023,6,75.83025164637267,33.36446271477577,0.47138965129852295,0.060127098113298416
2023,6,75.20026313761964,33.05912534970354,0.2640988826751709,0.05862410366535187
2023,6,74.8571965306144,32.80346481984312,0.636137068271637,0.06834825128316879
2023,6,75.09821452134366,32.75531512061432,0.5730581283569336,0.0893360897898674
2023,6,75.27365549633221,33.166653689212644,0.560624897480011,0.1510801911354065
2023,6,75.19002234338069,33.289722883137024,0.6802284717559814,0.16120566427707672
2023,6,75.74437270521084,33.16315025960458,0.4530556797981262,-0.07516449689865112
2023,6,75.08626692806489,33.14805856283137,0.45459994673728943,0.050218794494867325
2023,6,75.39052631479616,33.49319129499009,0.2735562324523926,0.21449275314807892
2023,6,75.46715260853156,32.62703569804205,0.4543777108192444,0.024241086095571518
2023,6,74.79269749321462,33.18515898406551,0.6955850720405579,0.11079602688550949
2023,6,75.71508762694855,33.21821698652111,0.05069098249077797,0.12564924359321594
2023,6,75.2487721629621,32.78891211224039,0.28003600239753723,-0.039647556841373444
2023,6,75.63926981696886,32.82403623984946,-0.02356964536011219,0.3227674663066864
2023,6,75.87813185101624,33.43641776903374,0.5444596409797668,0.14657288789749146
2023,6,74.78326518273137,32.75504562602908,0.7154899835586548,0.15337875485420227
2023,6,75.82046000977577,33.16297059654776,0.4119417071342468,-0.11829648911952972
2023,6,75.4501744496617,33.073049236607396,0.7266189455986023,0.20780527591705322
2023,6,74.81264009252207,32.527502364561606,0.12145733088254929,-0.12684863805770874
2023,6,75.13432679576528,32.99561445911629,0.3250111937522888,0.025762248784303665
2023,6,74.79997384701599,32.928240812807324,0.3881355822086334,0.007665873505175114
2023,6,74.56165080213908,33.43327366553932,0.5696342587471008,0.24669800698757172
2023,6,74.54134887671798,32.6732989351742,0.20700636506080627,0.01179087907075882
2023,6,75.71859105655662,33.15982649305334,0.8031754493713379,0.20913293957710266
2023,6,75.72739454634099,33.382249357401335,0.2939714193344116,-0.006465856917202473
2023,6,75.1991851592787,33.01402992244074,0.3643234074115753,0.061029862612485886
2023,6,75.7778798653085,32.8213412939971,0.2838996946811676,0.4280981123447418
2023,6,75.32962053853286,33.19090820188387,0.32770654559135437,-0.013780584558844566
2023,6,75.37983636291514,32.69539749116355,0.2941094934940338,0.015300546772778034
2023,6,75.31354069494712,32.854578959509524,0.5949547290802002,0.1942259520292282
2023,6,75.2961133784352,33.4180921372377,0.03495118021965027,0.10694994777441025
2023,6,75.77976632740516,33.496604893069744,0.4510907828807831,0.12862616777420044
2023,6,74.80132131994218,33.33203353301905,0.6041090488433838,0.12288488447666168
2023,6,75.80105639963878,32.73312673309657,0.01049345824867487,0.3397902846336365
2023,6,75.36887691644888,32.81352595102526,0.5245568752288818,0.1822355091571808
2023,6,75.2193972531714,33.06505423057873,0.32481056451797485,0.036485809832811356
2023,6,74.5076620535635,33.473967347909934,-0.03292180970311165,0.11807902902364731
2023,6,74.9549332335266,32.74282853816506,0.5208053588867188,-0.012814847752451897
2023,6,75.10432306527568,33.36787631285542,0.006169843953102827,0.20463824272155762
2023,6,75.11564183785559,33.35925248612787,0.03299963101744652,0.14968758821487427
2023,6,74.92744478583255,32.62658654039999,0.4572301506996155,-0.0009009009227156639
2023,6,74.66872998400613,32.73384538532386,0.08246995508670807,-0.10656549036502838
2023,6,75.53524490706782,33.233398514822724,0.3336019515991211,0.16186004877090454
2023,6,75.45206091175835,32.9746837129963,0.34826311469078064,0.22595816850662231
2023,6,75.6598412369752,32.52552607093654,0.6006655693054199,0.17940334975719452
2023,6,75.04781903390456,32.96210729901863,0.5523192882537842,0.1293288916349411
2023,6,74.7332290214059,32.772113616427355,0.0623832643032074,-0.031335148960351944
2023,6,75.09632805924701,32.769508502103406,0.6930792331695557,0.08077771216630936
2023,6,75.78183245255863,32.91907799690931,0.37482398748397827,0.4314936101436615
2023,6,74.90489707220115,32.773281426296705,-0.12943632900714874,0.39743590354919434
2023,6,75.66244635129914,32.525615902464956,0.5989815592765808,0.1102762445807457
2023,6,74.72900693957055,33.08948840630678,0.6373000741004944,0.03315190598368645
2023,6,74.95232811920266,32.996243279815175,0.7260788083076477,0.10538963228464127
2023,6,75.40966043034791,32.58095212396672,0.38704895973205566,-0.014882528223097324
2023,6,74.70960332943356,32.62901199166711,0.18826405704021454,-0.14133039116859436
2023,6,75.871753812499,32.75962703397809,0.3440016508102417,0.1651308685541153
2023,6,74.69010988776817,32.739145445500164,0.6433316469192505,0.22165241837501526
2023,6,75.46418816809397,33.33293184830317,0.6185401678085327,0.3408818244934082
2023,6,74.93472113963392,33.36203726350864,0.714493453502655,0.2078610509634018
2023,6,75.49104779508913,32.51483611905552,0.5136597156524658,0.0900118425488472
2023,6,74.85108798668239,33.41503786527169,0.6285299062728882,0.12508541345596313
2023,6,75.62938834884355,33.338142076951065,0.7471190690994263,0.32212918996810913
2023,6,75.56354183851758,33.10368178779587,0.74126797914505,0.3074863851070404
2023,6,74.83393016475571,32.645271498309675,0.49034383893013,0.11624625325202942
2023,6,75.13118269227085,32.6439240253835,0.18620654940605164,-0.08206989616155624
2023,6,75.40139592973401,32.693960186708956,0.3372266888618469,0.060808680951595306
2023,6,75.23179400409224,33.13386518134229,0.23751437664031982,0.10693792998790741
2023,6,74.9338228243498,33.19845405027048,0.523292601108551,0.14909587800502777
2023,6,75.28129117624722,33.06092198027178,0.3762059211730957,0.21287694573402405
2023,6,75.4337352799623,32.743906516506,0.37194138765335083,0.20684511959552765
2023,6,75.68580254868625,33.492831968876445,0.29504233598709106,0.11395417898893356
2023,6,75.14196247568029,32.66180049953748,0.4724748134613037,-0.0040277442894876
2023,6,75.14510657917471,33.20950332826515,0.4105670154094696,0.1123543381690979
2023,6,75.3795668683299,32.91764069245472,0.3624821603298187,0.19215399026870728
2023,6,74.81326891322095,33.08131373722129,0.44926154613494873,0.0423162579536438
2023,6,75.86384863799874,33.10601740753458,0.631076455116272,0.15711921453475952
2023,6,75.72739454634099,32.74462516873329,-0.05197334662079811,0.43286946415901184
2023,6,75.0803380471897,33.12416337627379,0.558245062828064,0.09769093990325928
2023,6,75.19873600163665,33.27427186025017,0.49439287185668945,0.10343639552593231
2023,6,75.35055128465284,33.47387751638152,0.31138288974761963,-0.08594956248998642
2023,6,75.71382998555077,32.738965782443344,-0.0024091333616524935,0.45489898324012756
2023,6,75.422326675854,33.030558923668536,0.3739927113056183,0.12520936131477356
2023,6,74.85674737297234,33.19135735952593,0.8826574683189392,0.31011709570884705
2023,6,74.84785405165955,32.65676993394641,0.5320239067077637,0.1448628008365631
2023,6,74.50119418351784,33.46381638519939,0.004621072206646204,0.1418330818414688
2023,6,75.83752800017403,33.19971169166824,0.6204556822776794,0.09131442755460739
2023,6,75.0022744489997,32.599996407990055,0.17771883308887482,-0.11799761652946472
2023,6,75.52724990103916,33.10718521740394,0.7570211291313171,0.2546544373035431
2023,6,75.69271957637397,33.468487624676804,0.7883284091949463,0.22680237889289856
2023,6,75.16028810747633,33.40946831051016,0.6914505958557129,0.18439610302448273
2023,6,75.49571903456656,32.61742372450197,0.2424864023923874,0.03129454702138901
2023,6,75.0954297439629,33.38180019975927,0.7183634638786316,0.31910440325737
2023,6,74.93247535142362,33.292597492046205,0.5393298268318176,0.1975850760936737
2023,6,74.82970808292035,32.94450031944989,0.5234656929969788,0.11455926299095154
2023,6,74.6474399117725,33.11167679382453,0.21184509992599487,-0.06470794230699539
2023,6,74.63037192137422,33.45698918904007,-0.029725609347224236,0.349923312664032
2023,6,74.77473118753223,32.88530134222641,0.3269314765930176,0.02184031531214714
2023,6,75.57351313817131,32.68758214819171,0.22624289989471436,0.15700030326843262
2023,6,75.79162408915553,33.21372541010051,0.45311567187309265,0.01801583357155323
2023,6,75.11393503881577,32.58274875453496,0.15091410279273987,-0.10609257966279984
2023,6,74.62543118731156,33.226750981720244,0.4672635793685913,0.06326033920049667
2023,6,75.44137095987733,32.7919663842064,0.4518245458602905,0.24779345095157623
2023,6,75.2863217418383,33.411354772606806,0.4018348753452301,0.18197238445281982
2023,6,75.62247132115583,32.84775176335022,-0.17905806005001068,0.12075496464967728
2023,7,74.90103431647944,33.191986180224816,0.5646687746047974,0.15286965668201447
2023,7,75.35980393207927,33.281099056409474,0.6643091440200806,0.1374373733997345
2023,7,74.91334123587187,32.883953869300235,0.2367066890001297,-0.06639838963747025
2023,7,75.10055014108238,32.98483467570686,0.28761062026023865,0.13305263221263885
2023,7,75.2930591064692,32.6146389471212,0.5173293948173523,0.15057829022407532
2023,7,74.61662769752719,32.841014398719324,0.4996507167816162,0.2103397250175476
2023,7,75.45969659167336,33.1685401513093,0.10844370722770691,-0.054417211562395096
2023,7,75.35082077923808,33.33329117441682,0.692878246307373,0.17916642129421234
2023,7,75.41819442554704,32.9144965889603,0.7397753596305847,0.26105040311813354
2023,7,75.3735481559263,33.2669955064488,0.6531938910484314,0.19670498371124268
2023,7,75.33689689233422,33.461390933932265,0.7158636450767517,0.18390870094299316
2023,7,75.30329990070815,33.24866987465276,0.8318580985069275,0.3128787577152252
2023,7,75.10486205444616,32.86859267794179,0.6253231763839722,0.12122047692537308
2023,7,74.61519039307261,32.58364706981908,0.5748670101165771,0.15646511316299438
2023,7,75.05087330587057,32.91961698607978,0.5073672533035278,0.09579627960920334
2023,7,75.31659496691313,32.53900080019834,-0.03581489250063896,0.12341374158859253
2023,7,74.88261885315498,33.28451265448913,0.6807374954223633,0.22100810706615448
2023,7,75.52069219946509,33.49489809402992,0.5409677624702454,0.15236793458461761
2023,7,75.53272962427228,32.817658201332215,0.7799268364906311,0.38663193583488464
2023,7,74.84938118764256,32.829336300025766,0.7953861355781555,0.2231740951538086
2023,7,74.69289466514894,32.6740175874015,0.5772320628166199,0.1606147587299347
2023,7,75.68715002161242,32.75693208812573,0.5579853653907776,0.010455669835209846
2023,7,74.52140627741052,32.6492240855598,0.13683347404003143,0.3931003212928772
2023,7,75.51449382400466,32.79555964534287,0.7934151887893677,0.31572720408439636
2023,7,75.84291789187876,33.422493882129885,0.863440990447998,0.29059475660324097
2023,7,75.23610591745602,33.06469490446508,0.3674841523170471,0.07317651808261871
2023,7,75.18319514722138,33.26942095771592,0.39540746808052063,0.11233838647603989
2023,7,75.28299797528706,32.8912302231016,0.6737990975379944,0.21219220757484436
2023,7,75.39420940746105,32.91485591507394,0.8221661448478699,0.23339897394180298
2023,7,75.54557553283519,32.77579670909224,0.49446189403533936,0.07704129815101624
2023,7,74.90893949097969,32.7183045309086,0.10220441222190857,0.05490778014063835
2023,7,75.17897306538602,33.23483581927732,0.6382272243499756,0.22062061727046967
2023,7,74.93741608548628,33.05023202839076,0.6439523100852966,0.07914893329143524
2023,7,75.4885325122936,32.926803508352734,0.783177375793457,0.14592775702476501
2023,7,75.27608094759934,33.069186480885676,0.3995893597602844,-0.008008001372218132
2023,7,75.50982258452723,32.61607625157579,0.2809493839740753,0.10661111772060394
2023,7,75.45583383595165,32.671951462248025,-0.0008622770546935499,0.09278344362974167
2023,7,74.83923022493201,33.3384115715363,-0.033092036843299866,-0.03829997405409813
2023,7,75.75946440198405,32.81828702203109,0.7932851910591125,0.326992928981781
2023,7,75.7448218628529,32.881258923447874,0.7638622522354126,0.24204061925411224
2023,7,75.51215820426594,32.93174424241539,0.5264866352081299,0.18885661661624908
2023,7,74.50685356980779,32.815951402292384,0.12306259572505951,0.21797417104244232
2023,7,74.73179171695132,33.284422822960714,0.5499533414840698,0.1389649510383606
2023,7,75.18894436503975,32.59038443444997,0.5418636202812195,0.15957464277744293
2023,7,74.55742872030372,33.236093460675086,0.264666885137558,0.11432569473981857
2023,7,75.01323389546596,32.89365567436872,0.04135299474000931,0.12776784598827362
2023,7,75.08339231915569,33.26439039212485,0.7437229156494141,0.24783147871494293
2023,7,75.309588107697,33.385752787009395,0.7738282084465027,0.0628875270485878
2023,7,74.87839677131963,32.765376251796454,0.6362552046775818,0.27162280678749084
2023,7,75.62022553294553,33.35143714315603,0.8259784579277039,0.2722592055797577
2023,7,75.08617709653647,32.84424833374215,0.5607221126556396,0.08824633806943893
2023,7,75.14834051419754,33.13656012719464,0.7964341640472412,0.273303359746933
2023,7,75.48278329447524,32.997411089684526,0.8207646608352661,0.2754540741443634
2023,7,75.77168148984808,32.63754598686625,0.07439132779836655,0.08400838077068329
2023,7,75.57117751843259,33.33535729957029,0.7706729769706726,0.3052483797073364
2023,7,75.17448148896541,33.13961439916065,0.8554407954216003,0.31343287229537964
2023,7,75.82692787982143,32.848919573219575,-0.008682653307914734,0.2564406394958496
2023,7,75.08069737330334,32.91916782843772,0.053573306649923325,0.005929052364081144
2023,7,75.5291363631358,33.02561818960588,0.40939658880233765,0.1504797786474228
2023,7,75.59103028621163,33.301850139472634,0.15017327666282654,0.10556852072477341
2023,7,75.38190248806862,33.194591294548765,0.7746824026107788,0.27960696816444397
2023,7,74.55176933401377,33.35673720333234,0.3533686697483063,0.2436552345752716
2023,7,75.56219436559141,32.9445901509783,0.5002330541610718,0.16479386389255524
2023,7,75.37291933522742,33.14814839435979,0.401488721370697,0.06723467260599136
2023,7,74.68723527885899,33.204382931145666,0.7740298509597778,0.2190077155828476
2023,7,74.83060639820447,32.78370188359249,0.7573663592338562,0.24575050175189972
2023,7,74.94738738514,32.95096818949555,-0.03172588720917702,0.1539844274520874
2023,7,74.76251409966821,33.02993010296966,0.771501898765564,0.21836374700069427
2023,7,75.01736614577291,32.716058742698294,0.45136186480522156,0.13931581377983093
2023,7,74.77176674709463,33.31604352096172,0.6874784231185913,0.21248458325862885
2023,7,75.21382769840986,33.47549448389294,0.646655797958374,0.1392248272895813
2023,7,74.88468497830846,33.45914514572196,0.5793419480323792,0.11169745028018951
2023,7,75.74724731412003,32.777323845075244,0.3153952360153198,0.12390312552452087
2023,7,74.6940624750183,32.62011867035433,0.12586098909378052,0.14050111174583435
2023,7,75.03623076673942,33.20447276267408,0.6957265138626099,0.09331373870372772
2023,7,74.92322270399718,33.10044785277304,0.6952412724494934,0.19894300401210785
2023,7,75.60666097215532,32.9859126540478,0.8668140769004822,0.3915105164051056
2023,7,75.81111753082092,32.536126191289156,0.7807111144065857,0.2642331123352051
2023,7,74.82674364248275,33.33383016358729,0.7982137203216553,0.21608656644821167
2023,7,75.28326746987229,32.59155224431933,0.36500322818756104,0.12306962162256241
2023,7,74.61716668669767,33.4346211384655,0.36860302090644836,0.14150269329547882
2023,7,75.74248624311419,32.95833437482533,0.7916523218154907,0.3844882547855377
2023,7,74.64582294426108,32.66135134189542,0.2526610791683197,0.11806605011224747
2023,7,75.07701428063845,32.53953978936881,0.05517826974391937,0.032244645059108734
2023,7,75.67753804807235,33.37685946569661,0.7742539644241333,0.31348150968551636
2023,7,74.74868004429277,32.64042059577543,0.06461538374423981,-0.014946619048714638
2023,7,75.66343449811167,33.4864539303592,0.8497486710548401,0.37276220321655273
2023,7,75.70251121297088,32.503158020361965,-0.11314285546541214,-0.01186264306306839
2023,7,74.85710669908599,33.042955674589386,0.7454308271408081,0.21536296606063843
2023,7,75.86411813258397,32.62470007830334,0.22409938275814056,0.0660148337483406
2023,7,75.35091061076649,32.60987787611537,0.24098753929138184,0.036274105310440063
2023,7,74.87381536337061,33.49301163193327,0.002415458904579282,0.17454814910888672
2023,7,74.58006626546353,32.811190331286554,0.5088157057762146,0.16207067668437958
2023,7,74.97703178951595,33.20402360503202,0.6426331996917725,0.20232971012592316
2023,7,75.69577384833998,32.613830463365495,0.5481652617454529,0.14486420154571533
2023,7,74.74463762551423,32.71138750322088,0.5354962944984436,0.09446774423122406
2023,7,75.83025164637267,33.36446271477577,0.6285146474838257,0.13392050564289093
2023,7,75.20026313761964,33.05912534970354,0.7844027280807495,0.21210189163684845
2023,7,74.8571965306144,32.80346481984312,0.7788347005844116,0.18739409744739532
2023,7,75.09821452134366,32.75531512061432,0.5510597229003906,0.1262907087802887
2023,7,75.27365549633221,33.166653689212644,0.7074963450431824,0.23004238307476044
2023,7,75.19002234338069,33.289722883137024,0.7573558688163757,0.2076292783021927
2023,7,75.74437270521084,33.16315025960458,0.5598390102386475,0.00015412182256113738
2023,7,75.08626692806489,33.14805856283137,0.525854766368866,0.06467870622873306
2023,7,75.39052631479616,33.49319129499009,0.7571735382080078,0.267465204000473
2023,7,75.46715260853156,32.62703569804205,0.6496079564094543,0.18549133837223053
2023,7,74.79269749321462,33.18515898406551,0.7810301184654236,0.24023154377937317
2023,7,75.71508762694855,33.21821698652111,0.4555245637893677,0.2514423429965973
2023,7,75.2487721629621,32.78891211224039,0.46958982944488525,0.08187082409858704
2023,7,75.63926981696886,32.82403623984946,0.758716881275177,0.2006269246339798
2023,7,75.87813185101624,33.43641776903374,0.7878274917602539,0.27987417578697205
2023,7,74.78326518273137,32.75504562602908,0.6503496766090393,0.18644067645072937
2023,7,75.82046000977577,33.16297059654776,0.5020917654037476,-0.049256015568971634
2023,7,75.4501744496617,33.073049236607396,0.7928797006607056,0.21959801018238068
2023,7,74.81264009252207,32.527502364561606,0.14185884594917297,0.011874032206833363
2023,7,75.13432679576528,32.99561445911629,0.4390074610710144,0.085670106112957
2023,7,74.79997384701599,32.928240812807324,0.5867635011672974,0.15953995287418365
2023,7,74.56165080213908,33.43327366553932,0.6028902530670166,0.2668900787830353
2023,7,74.54134887671798,32.6732989351742,0.1761206090450287,0.003893198212608695
2023,7,75.71859105655662,33.15982649305334,0.8536751866340637,0.26795586943626404
2023,7,75.72739454634099,33.382249357401335,0.537739634513855,0.10239585489034653
2023,7,75.1991851592787,33.01402992244074,0.5829033255577087,0.13901256024837494
2023,7,75.7778798653085,32.8213412939971,0.8083823919296265,0.20032207667827606
2023,7,75.32962053853286,33.19090820188387,0.4778237044811249,0.06852099299430847
2023,7,75.37983636291514,32.69539749116355,-0.03606494516134262,0.12415469437837601
2023,7,75.31354069494712,32.854578959509524,0.8281618356704712,0.28098025918006897
2023,7,75.2961133784352,33.4180921372377,0.7767917513847351,0.23945282399654388
2023,7,75.77976632740516,33.496604893069744,0.7845534086227417,0.33826497197151184
2023,7,74.80132131994218,33.33203353301905,0.6906972527503967,0.14386290311813354
2023,7,75.80105639963878,32.73312673309657,0.575052797794342,0.03847571834921837
2023,7,75.36887691644888,32.81352595102526,0.7850437760353088,0.3249330520629883
2023,7,75.2193972531714,33.06505423057873,0.4289902150630951,0.04548730328679085
2023,7,74.5076620535635,33.473967347909934,0.06302457302808762,0.031407952308654785
2023,7,74.9549332335266,32.74282853816506,0.5277989506721497,0.16233018040657043
2023,7,75.10432306527568,33.36787631285542,0.7638876438140869,0.28698840737342834
2023,7,75.11564183785559,33.35925248612787,0.8051732182502747,0.12046201527118683
2023,7,74.92744478583255,32.62658654039999,0.2704533636569977,0.09327280521392822
2023,7,74.66872998400613,32.73384538532386,0.16622085869312286,-0.01341522578150034
2023,7,75.53524490706782,33.233398514822724,0.43716999888420105,0.13235417008399963
2023,7,75.45206091175835,32.9746837129963,0.6038411259651184,0.22644568979740143
2023,7,75.6598412369752,32.52552607093654,0.4390050172805786,0.22989439964294434
2023,7,75.04781903390456,32.96210729901863,0.08901495486497879,0.17005901038646698
2023,7,74.7332290214059,32.772113616427355,-0.030955584719777107,0.24486927688121796
2023,7,75.09632805924701,32.769508502103406,0.6900489330291748,0.18279197812080383
2023,7,75.78183245255863,32.91907799690931,0.8547212481498718,0.36276885867118835
2023,7,74.90489707220115,32.773281426296705,-0.16536380350589752,0.35260117053985596
2023,7,75.66244635129914,32.525615902464956,0.6401111483573914,0.15908347070217133
2023,7,74.72900693957055,33.08948840630678,0.4980994760990143,0.12146538496017456
2023,7,74.95232811920266,32.996243279815175,-0.056943055242300034,0.1828382909297943
2023,7,75.40966043034791,32.58095212396672,0.264795184135437,0.11868526041507721
2023,7,74.70960332943356,32.62901199166711,-0.05387556552886963,0.0545630119740963
2023,7,75.871753812499,32.75962703397809,0.5803233981132507,0.15542253851890564
2023,7,74.69010988776817,32.739145445500164,0.5470792055130005,0.27567991614341736
2023,7,75.46418816809397,33.33293184830317,0.7664071321487427,0.3601306974887848
2023,7,74.93472113963392,33.36203726350864,0.8317161798477173,0.2703503966331482
2023,7,75.49104779508913,32.51483611905552,0.598532497882843,0.1487758904695511
2023,7,74.85108798668239,33.41503786527169,0.7632368206977844,0.22088491916656494
2023,7,75.62938834884355,33.338142076951065,0.7766538858413696,0.3072075843811035
2023,7,75.56354183851758,33.10368178779587,0.7904133796691895,0.3122813105583191
2023,7,74.83393016475571,32.645271498309675,0.6846742630004883,0.24297966063022614
2023,7,75.13118269227085,32.6439240253835,0.09628970175981522,0.12328210473060608
2023,7,75.40139592973401,32.693960186708956,0.24302352964878082,0.16508157551288605
2023,7,75.23179400409224,33.13386518134229,0.5783908367156982,0.13653168082237244
2023,7,74.9338228243498,33.19845405027048,0.5872092843055725,0.15263518691062927
2023,7,75.28129117624722,33.06092198027178,0.6490626335144043,0.2216799408197403
2023,7,75.4337352799623,32.743906516506,0.07583164423704147,0.043726686388254166
2023,7,75.68580254868625,33.492831968876445,0.19475021958351135,0.040753304958343506
2023,7,75.14196247568029,32.66180049953748,0.37053510546684265,0.1356286257505417
2023,7,75.14510657917471,33.20950332826515,0.5559945106506348,0.14901793003082275
2023,7,75.3795668683299,32.91764069245472,0.7993999719619751,0.21609428524971008
2023,7,74.81326891322095,33.08131373722129,0.4191799461841583,0.2278522402048111
2023,7,75.86384863799874,33.10601740753458,0.7342899441719055,0.25686115026474
2023,7,75.72739454634099,32.74462516873329,0.05753760412335396,0.0651557669043541
2023,7,75.0803380471897,33.12416337627379,0.6237329840660095,0.14325501024723053
2023,7,75.19873600163665,33.27427186025017,0.7023670673370361,0.23436239361763
2023,7,75.35055128465284,33.47387751638152,0.2761746942996979,-0.1393984854221344
2023,7,75.71382998555077,32.738965782443344,0.8086280822753906,0.2687831521034241
2023,7,75.422326675854,33.030558923668536,0.8234567046165466,0.16488924622535706
2023,7,74.85674737297234,33.19135735952593,0.8644217848777771,0.3009738624095917
2023,7,74.84785405165955,32.65676993394641,0.09748224914073944,0.022632019594311714
2023,7,74.50119418351784,33.46381638519939,0.3922842741012573,0.19448982179164886
2023,7,75.83752800017403,33.19971169166824,0.7694574594497681,0.22395440936088562
2023,7,75.0022744489997,32.599996407990055,0.31129899621009827,0.04103737697005272
2023,7,75.52724990103916,33.10718521740394,0.8441124558448792,0.3131217360496521
2023,7,75.69271957637397,33.468487624676804,0.843157172203064,0.32066604495048523
2023,7,75.16028810747633,33.40946831051016,0.7590230703353882,0.254637748003006
2023,7,75.49571903456656,32.61742372450197,0.23201455175876617,0.021879686042666435
2023,7,75.0954297439629,33.38180019975927,0.8199838995933533,0.37539005279541016
2023,7,74.93247535142362,33.292597492046205,0.6955128312110901,0.2585873603820801
2023,7,74.82970808292035,32.94450031944989,0.5480859279632568,0.14013800024986267
2023,7,74.6474399117725,33.11167679382453,0.7970799207687378,0.2966553568840027
2023,7,74.63037192137422,33.45698918904007,0.48237696290016174,0.06354775279760361
2023,7,74.77473118753223,32.88530134222641,0.42964354157447815,0.24070556461811066
2023,7,75.57351313817131,32.68758214819171,0.1596587747335434,0.14889200031757355
2023,7,75.79162408915553,33.21372541010051,0.605540931224823,0.02180543914437294
2023,7,75.11393503881577,32.58274875453496,0.15692847967147827,0.05894394591450691
2023,7,74.62543118731156,33.226750981720244,0.5438447594642639,0.15058477222919464
2023,7,75.44137095987733,32.7919663842064,0.45439285039901733,0.17868837714195251
2023,7,75.2863217418383,33.411354772606806,0.7729194760322571,0.28573542833328247
2023,7,75.62247132115583,32.84775176335022,0.5566316843032837,0.245956689119339
2023,8,74.90103431647944,33.191986180224816,0.728314220905304,0.20006629824638367
2023,8,75.35980393207927,33.281099056409474,0.6702820062637329,0.12237539142370224
2023,8,74.91334123587187,32.883953869300235,0.512499988079071,0.006040015257894993
2023,8,75.10055014108238,32.98483467570686,0.6659690141677856,0.24669690430164337
2023,8,75.2930591064692,32.6146389471212,0.7132921814918518,0.20950257778167725
2023,8,74.61662769752719,32.841014398719324,0.5802292227745056,0.20679199695587158
2023,8,75.45969659167336,33.1685401513093,0.18138433992862701,0.018868442624807358
2023,8,75.35082077923808,33.33329117441682,0.7634819149971008,0.2155972123146057
2023,8,75.41819442554704,32.9144965889603,0.7994860410690308,0.3284788727760315
2023,8,75.3735481559263,33.2669955064488,0.6955051422119141,0.08270757645368576
2023,8,75.33689689233422,33.461390933932265,0.7965779304504395,0.2329998016357422
2023,8,75.30329990070815,33.24866987465276,0.7616341710090637,0.2600882649421692
2023,8,75.10486205444616,32.86859267794179,0.6719319224357605,0.1676536649465561
2023,8,74.61519039307261,32.58364706981908,0.4690696597099304,0.05704225227236748
2023,8,75.05087330587057,32.91961698607978,0.031324949115514755,0.12501823902130127
2023,8,75.31659496691313,32.53900080019834,0.7692040801048279,0.26055657863616943
2023,8,74.88261885315498,33.28451265448913,0.7472174167633057,0.2229916900396347
2023,8,75.52069219946509,33.49489809402992,0.4995763897895813,0.12195122241973877
2023,8,75.53272962427228,32.817658201332215,0.7647836804389954,0.3946557343006134
2023,8,74.84938118764256,32.829336300025766,0.8367041349411011,0.3216232657432556
2023,8,74.69289466514894,32.6740175874015,0.4699612259864807,0.09847936034202576
2023,8,75.68715002161242,32.75693208812573,0.6157450675964355,0.04256309196352959
2023,8,74.52140627741052,32.6492240855598,0.7524166107177734,0.34086042642593384
2023,8,75.51449382400466,32.79555964534287,0.8224178552627563,0.35561853647232056
2023,8,75.84291789187876,33.422493882129885,0.8525252342224121,0.3094758093357086
2023,8,75.23610591745602,33.06469490446508,0.33849915862083435,0.11509092152118683
2023,8,75.18319514722138,33.26942095771592,0.41420337557792664,0.09330519288778305
2023,8,75.28299797528706,32.8912302231016,0.4097042679786682,0.22496570646762848
2023,8,75.39420940746105,32.91485591507394,0.8485633134841919,0.3450322151184082
2023,8,75.54557553283519,32.77579670909224,0.04866912588477135,0.2553378939628601
2023,8,74.90893949097969,32.7183045309086,0.8340445756912231,0.2807947099208832
2023,8,75.17897306538602,33.23483581927732,0.7412400841712952,0.2987728714942932
2023,8,74.93741608548628,33.05023202839076,0.3890129625797272,0.021346470341086388
2023,8,75.4885325122936,32.926803508352734,0.2777981162071228,0.2016947716474533
2023,8,75.27608094759934,33.069186480885676,0.2705366611480713,0.09657863527536392
2023,8,75.50982258452723,32.61607625157579,0.5466230511665344,0.08991898596286774
2023,8,75.45583383595165,32.671951462248025,0.7883952260017395,0.3087064027786255
2023,8,74.83923022493201,33.3384115715363,-0.0871964693069458,-0.09226635098457336
2023,8,75.75946440198405,32.81828702203109,0.8020966053009033,0.34658581018447876
2023,8,75.7448218628529,32.881258923447874,0.6301577091217041,0.2521922290325165
2023,8,75.51215820426594,32.93174424241539,0.3316444158554077,0.04543721303343773
2023,8,74.50685356980779,32.815951402292384,0.7294429540634155,0.2965090572834015
2023,8,74.73179171695132,33.284422822960714,0.2782709300518036,0.1828254908323288
2023,8,75.18894436503975,32.59038443444997,0.7801470756530762,0.25925901532173157
2023,8,74.55742872030372,33.236093460675086,0.23853211104869843,0.18377785384655
2023,8,75.01323389546596,32.89365567436872,0.8504582643508911,0.31617772579193115
2023,8,75.08339231915569,33.26439039212485,0.6787330508232117,0.20498014986515045
2023,8,75.309588107697,33.385752787009395,0.8660770654678345,0.2853626608848572
2023,8,74.87839677131963,32.765376251796454,0.8063380122184753,0.3312050998210907
2023,8,75.62022553294553,33.35143714315603,0.811904788017273,0.23639318346977234
2023,8,75.08617709653647,32.84424833374215,0.689587414264679,0.18002678453922272
2023,8,75.14834051419754,33.13656012719464,0.7923146486282349,0.2449468970298767
2023,8,75.48278329447524,32.997411089684526,0.8095415830612183,0.2643142342567444
2023,8,75.77168148984808,32.63754598686625,0.21885792911052704,0.14820602536201477
2023,8,75.57117751843259,33.33535729957029,0.7880317568778992,0.28883713483810425
2023,8,75.17448148896541,33.13961439916065,0.15184268355369568,0.09055144339799881
2023,8,75.82692787982143,32.848919573219575,0.7084436416625977,0.14968132972717285
2023,8,75.08069737330334,32.91916782843772,0.38789087533950806,-0.026121634989976883
2023,8,75.5291363631358,33.02561818960588,0.6938275098800659,0.231926828622818
2023,8,75.59103028621163,33.301850139472634,0.25298580527305603,0.033478591591119766
2023,8,75.38190248806862,33.194591294548765,0.40778589248657227,0.1332225501537323
2023,8,74.55176933401377,33.35673720333234,0.8350133895874023,0.39009153842926025
2023,8,75.56219436559141,32.9445901509783,0.5075916051864624,0.17971469461917877
2023,8,75.37291933522742,33.14814839435979,0.3231907784938812,0.015601586550474167
2023,8,74.68723527885899,33.204382931145666,0.8165605068206787,0.24699653685092926
2023,8,74.83060639820447,32.78370188359249,0.8224964141845703,0.31662946939468384
2023,8,74.94738738514,32.95096818949555,0.523292601108551,0.1744185984134674
2023,8,74.76251409966821,33.02993010296966,0.8739577531814575,0.33056873083114624
2023,8,75.01736614577291,32.716058742698294,0.8039513826370239,0.26374390721321106
2023,8,74.77176674709463,33.31604352096172,0.7595818638801575,0.27613940834999084
2023,8,75.21382769840986,33.47549448389294,0.6651679277420044,0.1016622930765152
2023,8,74.88468497830846,33.45914514572196,0.39635002613067627,0.19426193833351135
2023,8,75.74724731412003,32.777323845075244,0.47949814796447754,0.15602940320968628
2023,8,74.6940624750183,32.62011867035433,0.7421451807022095,0.2795755863189697
2023,8,75.03623076673942,33.20447276267408,0.7035998106002808,0.11461856216192245
2023,8,74.92322270399718,33.10044785277304,0.8469615578651428,0.31306010484695435
2023,8,75.60666097215532,32.9859126540478,0.8356435894966125,0.4129514694213867
2023,8,75.81111753082092,32.536126191289156,0.8250647187232971,0.24883143603801727
2023,8,74.82674364248275,33.33383016358729,0.8445414900779724,0.23998114466667175
2023,8,75.28326746987229,32.59155224431933,0.6417012214660645,0.250105619430542
2023,8,74.61716668669767,33.4346211384655,0.09860312193632126,0.10891088843345642
2023,8,75.74248624311419,32.95833437482533,0.783583402633667,0.3978241980075836
2023,8,74.64582294426108,32.66135134189542,0.5987182855606079,0.23498202860355377
2023,8,75.07701428063845,32.53953978936881,-0.0037390943616628647,0.0648169219493866
2023,8,75.67753804807235,33.37685946569661,0.7412077188491821,0.2754114270210266
2023,8,74.74868004429277,32.64042059577543,0.13925279676914215,-0.04475183039903641
2023,8,75.66343449811167,33.4864539303592,0.752136766910553,0.38435566425323486
2023,8,75.70251121297088,32.503158020361965,-0.3495575189590454,0.006849315017461777
2023,8,74.85710669908599,33.042955674589386,0.8638163208961487,0.20656073093414307
2023,8,75.86411813258397,32.62470007830334,0.7902939915657043,0.26265954971313477
2023,8,75.35091061076649,32.60987787611537,0.4518078565597534,0.1740935742855072
2023,8,74.87381536337061,33.49301163193327,0.01767505146563053,0.6993103623390198
2023,8,74.58006626546353,32.811190331286554,0.6146458387374878,0.23991166055202484
2023,8,74.97703178951595,33.20402360503202,0.810418426990509,0.26756352186203003
2023,8,75.69577384833998,32.613830463365495,0.6305851340293884,0.20734776556491852
2023,8,74.74463762551423,32.71138750322088,0.6021276712417603,0.1341600865125656
2023,8,75.83025164637267,33.36446271477577,0.6121327877044678,0.1380649209022522
2023,8,75.20026313761964,33.05912534970354,0.36545035243034363,0.15395128726959229
2023,8,74.8571965306144,32.80346481984312,0.8368062973022461,0.3047158420085907
2023,8,75.09821452134366,32.75531512061432,0.07653190940618515,0.08279985934495926
2023,8,75.27365549633221,33.166653689212644,0.7374060153961182,0.2536035180091858
2023,8,75.19002234338069,33.289722883137024,0.7640074491500854,0.1912711262702942
2023,8,75.74437270521084,33.16315025960458,0.5165457725524902,0.018969973549246788
2023,8,75.08626692806489,33.14805856283137,0.6297149658203125,0.15407098829746246
2023,8,75.39052631479616,33.49319129499009,0.8326741456985474,0.342833548784256
2023,8,75.46715260853156,32.62703569804205,0.5072753429412842,0.17392389476299286
2023,8,74.79269749321462,33.18515898406551,0.8740674257278442,0.2594936788082123
2023,8,75.71508762694855,33.21821698652111,0.4402593672275543,0.13397569954395294
2023,8,75.2487721629621,32.78891211224039,0.6621577739715576,0.21285587549209595
2023,8,75.63926981696886,32.82403623984946,0.5335857272148132,0.13110637664794922
2023,8,75.87813185101624,33.43641776903374,0.8138686418533325,0.19167084991931915
2023,8,74.78326518273137,32.75504562602908,0.7803692817687988,0.2702374756336212
2023,8,75.82046000977577,33.16297059654776,0.46673640608787537,-0.09530898928642273
2023,8,75.4501744496617,33.073049236607396,0.7856115698814392,0.2258533537387848
2023,8,74.81264009252207,32.527502364561606,0.8344247937202454,0.3710799515247345
2023,8,75.13432679576528,32.99561445911629,0.5534578561782837,0.10409189015626907
2023,8,74.79997384701599,32.928240812807324,0.5939606428146362,0.16478733718395233
2023,8,74.56165080213908,33.43327366553932,0.6783889532089233,0.3180901110172272
2023,8,74.54134887671798,32.6732989351742,0.23995880782604218,0.1840597689151764
2023,8,75.71859105655662,33.15982649305334,0.6747015714645386,0.14328044652938843
2023,8,75.72739454634099,33.382249357401335,0.6738533973693848,0.2722868323326111
2023,8,75.1991851592787,33.01402992244074,0.8062544465065002,0.23331589996814728
2023,8,75.7778798653085,32.8213412939971,0.8050541281700134,0.24113856256008148
2023,8,75.32962053853286,33.19090820188387,0.5063603520393372,0.12414330244064331
2023,8,75.37983636291514,32.69539749116355,0.3315078318119049,0.14359447360038757
2023,8,75.31354069494712,32.854578959509524,0.819732666015625,0.3093799948692322
2023,8,75.2961133784352,33.4180921372377,0.845112144947052,0.2410285323858261
2023,8,75.77976632740516,33.496604893069744,0.6137667298316956,0.17828117311000824
2023,8,74.80132131994218,33.33203353301905,0.7530864477157593,0.16571427881717682
2023,8,75.80105639963878,32.73312673309657,0.615379273891449,0.049046535044908524
2023,8,75.36887691644888,32.81352595102526,0.7661705613136292,0.3042786717414856
2023,8,75.2193972531714,33.06505423057873,0.2585970461368561,0.09953854233026505
2023,8,74.5076620535635,33.473967347909934,0.056796375662088394,0.10522177070379257
2023,8,74.9549332335266,32.74282853816506,0.7592764496803284,0.18927571177482605
2023,8,75.10432306527568,33.36787631285542,0.7872233390808105,0.2862945795059204
2023,8,75.11564183785559,33.35925248612787,0.8704512119293213,0.23946096003055573
2023,8,74.92744478583255,32.62658654039999,0.7049180269241333,0.18253321945667267
2023,8,74.66872998400613,32.73384538532386,0.7389516830444336,0.31546393036842346
2023,8,75.53524490706782,33.233398514822724,0.41963574290275574,0.20350950956344604
2023,8,75.45206091175835,32.9746837129963,0.7283294796943665,0.30490511655807495
2023,8,75.6598412369752,32.52552607093654,0.7385013103485107,0.29932940006256104
2023,8,75.04781903390456,32.96210729901863,0.8034923076629639,0.24579913914203644
2023,8,74.7332290214059,32.772113616427355,0.8306344747543335,0.35748031735420227
2023,8,75.09632805924701,32.769508502103406,0.6498516201972961,0.2222222238779068
2023,8,75.78183245255863,32.91907799690931,0.8272246718406677,0.3775930106639862
2023,8,74.90489707220115,32.773281426296705,-0.025728987529873848,-0.03277990594506264
2023,8,75.66244635129914,32.525615902464956,0.7946091890335083,0.26936230063438416
2023,8,74.72900693957055,33.08948840630678,0.7538779973983765,0.18022577464580536
2023,8,74.95232811920266,32.996243279815175,0.7356205582618713,0.30566802620887756
2023,8,75.40966043034791,32.58095212396672,0.25435498356819153,0.10143665969371796
2023,8,74.70960332943356,32.62901199166711,0.6795654892921448,0.351958692073822
2023,8,75.871753812499,32.75962703397809,0.5440781116485596,0.2724531888961792
2023,8,74.69010988776817,32.739145445500164,0.1978609561920166,0.023123037070035934
2023,8,75.46418816809397,33.33293184830317,0.7861359715461731,0.4005486071109772
2023,8,74.93472113963392,33.36203726350864,0.8237583041191101,0.18911375105381012
2023,8,75.49104779508913,32.51483611905552,0.7881484627723694,0.3044441044330597
2023,8,74.85108798668239,33.41503786527169,0.7615414261817932,0.23843294382095337
2023,8,75.62938834884355,33.338142076951065,0.7869073748588562,0.33393436670303345
2023,8,75.56354183851758,33.10368178779587,0.7590516209602356,0.3103097975254059
2023,8,74.83393016475571,32.645271498309675,0.6759708523750305,0.14946618676185608
2023,8,75.13118269227085,32.6439240253835,0.34486106038093567,0.0024714579340070486
2023,8,75.40139592973401,32.693960186708956,0.7688692808151245,0.29427820444107056
2023,8,75.23179400409224,33.13386518134229,0.4499131441116333,0.04700155928730965
2023,8,74.9338228243498,33.19845405027048,0.654309093952179,0.17939609289169312
2023,8,75.28129117624722,33.06092198027178,0.7078779935836792,0.25858789682388306
2023,8,75.4337352799623,32.743906516506,0.38822829723358154,0.17172269523143768
2023,8,75.68580254868625,33.492831968876445,0.45546218752861023,0.06159975379705429
2023,8,75.14196247568029,32.66180049953748,0.7991786003112793,0.24473854899406433
2023,8,75.14510657917471,33.20950332826515,0.7554304003715515,0.21806402504444122
2023,8,75.3795668683299,32.91764069245472,0.6078118085861206,0.1988258808851242
2023,8,74.81326891322095,33.08131373722129,0.8702502250671387,0.28842294216156006
2023,8,75.86384863799874,33.10601740753458,0.7242944836616516,0.2168135792016983
2023,8,75.72739454634099,32.74462516873329,-0.012502412311732769,0.10087712109088898
2023,8,75.0803380471897,33.12416337627379,0.7928787469863892,0.24039652943611145
2023,8,75.19873600163665,33.27427186025017,0.7426177263259888,0.3041376769542694
2023,8,75.35055128465284,33.47387751638152,0.3541134297847748,-0.1467832624912262
2023,8,75.71382998555077,32.738965782443344,0.5273313522338867,0.18390369415283203
2023,8,75.422326675854,33.030558923668536,0.423021137714386,0.07502377033233643
2023,8,74.85674737297234,33.19135735952593,0.8723404407501221,0.29590559005737305
2023,8,74.84785405165955,32.65676993394641,0.7049403786659241,0.1724461168050766
2023,8,74.50119418351784,33.46381638519939,0.7211242914199829,0.3272972106933594
2023,8,75.83752800017403,33.19971169166824,0.7907613515853882,0.23018911480903625
2023,8,75.0022744489997,32.599996407990055,0.7973429560661316,0.2939409017562866
2023,8,75.52724990103916,33.10718521740394,0.8151726126670837,0.28214138746261597
2023,8,75.69271957637397,33.468487624676804,0.9038286209106445,0.40261921286582947
2023,8,75.16028810747633,33.40946831051016,0.6021947860717773,0.19779515266418457
2023,8,75.49571903456656,32.61742372450197,0.46287286281585693,0.12149716168642044
2023,8,75.0954297439629,33.38180019975927,0.8703197836875916,0.4508161246776581
2023,8,74.93247535142362,33.292597492046205,0.8974123597145081,0.4255725145339966
2023,8,74.82970808292035,32.94450031944989,0.8283712863922119,0.32367587089538574
2023,8,74.6474399117725,33.11167679382453,0.7528207898139954,0.22321918606758118
2023,8,74.63037192137422,33.45698918904007,0.03244946151971817,0.08891448378562927
2023,8,74.77473118753223,32.88530134222641,0.8270547986030579,0.36810359358787537
2023,8,75.57351313817131,32.68758214819171,0.31409698724746704,0.22960351407527924
2023,8,75.79162408915553,33.21372541010051,0.6090339422225952,0.016252340748906136
2023,8,75.11393503881577,32.58274875453496,0.05296936258673668,-0.007289433851838112
2023,8,74.62543118731156,33.226750981720244,0.800873339176178,0.2669376730918884
2023,8,75.44137095987733,32.7919663842064,0.7751306891441345,0.3310852646827698
2023,8,75.2863217418383,33.411354772606806,0.8218735456466675,0.289078027009964
2023,8,75.62247132115583,32.84775176335022,0.10676775127649307,0.057783614844083786
2023,9,74.90103431647944,33.191986180224816,0.7490976452827454,0.19293496012687683
2023,9,75.35980393207927,33.281099056409474,0.6517013311386108,0.07853726297616959
2023,9,74.91334123587187,32.883953869300235,0.523978054523468,0.000417568749981001
2023,9,75.10055014108238,32.98483467570686,0.82468581199646,0.2524958550930023
2023,9,75.2930591064692,32.6146389471212,0.6908650994300842,0.18507292866706848
2023,9,74.61662769752719,32.841014398719324,0.7907737493515015,0.3153335750102997
2023,9,75.45969659167336,33.1685401513093,0.1733158975839615,0.02723504975438118
2023,9,75.35082077923808,33.33329117441682,0.7135246992111206,0.17133867740631104
2023,9,75.41819442554704,32.9144965889603,0.7298797369003296,0.3076923191547394
2023,9,75.3735481559263,33.2669955064488,0.6194030046463013,0.00192381686065346
2023,9,75.33689689233422,33.461390933932265,0.6798222661018372,0.15912893414497375
2023,9,75.30329990070815,33.24866987465276,0.723824679851532,0.19051149487495422
2023,9,75.10486205444616,32.86859267794179,0.7086206674575806,0.14632736146450043
2023,9,74.61519039307261,32.58364706981908,0.5301232933998108,0.062442053109407425
2023,9,75.05087330587057,32.91961698607978,0.5437086224555969,0.14271654188632965
2023,9,75.31659496691313,32.53900080019834,0.8565737009048462,0.2708202302455902
2023,9,74.88261885315498,33.28451265448913,0.6273698806762695,0.14238901436328888
2023,9,75.52069219946509,33.49489809402992,0.07182873785495758,0.05937042832374573
2023,9,75.53272962427228,32.817658201332215,0.7742857336997986,0.41674113273620605
2023,9,74.84938118764256,32.829336300025766,0.8009390234947205,0.349839448928833
2023,9,74.69289466514894,32.6740175874015,0.5674102902412415,0.16139788925647736
2023,9,75.68715002161242,32.75693208812573,0.5745318531990051,-0.003435183549299836
2023,9,74.52140627741052,32.6492240855598,0.8144910335540771,0.37043124437332153
2023,9,75.51449382400466,32.79555964534287,0.7348601818084717,0.2822265625
2023,9,75.84291789187876,33.422493882129885,0.7174808979034424,0.30253928899765015
2023,9,75.23610591745602,33.06469490446508,0.6818419694900513,0.09134125709533691
2023,9,75.18319514722138,33.26942095771592,0.42999008297920227,0.11772315949201584
2023,9,75.28299797528706,32.8912302231016,0.749364972114563,0.29492929577827454
2023,9,75.39420940746105,32.91485591507394,0.7495611310005188,0.2797456979751587
2023,9,75.54557553283519,32.77579670909224,0.7556912899017334,0.15451332926750183
2023,9,74.90893949097969,32.7183045309086,0.7512436509132385,0.32837560772895813
2023,9,75.17897306538602,33.23483581927732,0.7485155463218689,0.3146008551120758
2023,9,74.93741608548628,33.05023202839076,0.6865325570106506,0.24331653118133545
2023,9,75.4885325122936,32.926803508352734,0.7593014240264893,0.053556714206933975
2023,9,75.27608094759934,33.069186480885676,0.5041764378547668,0.038755863904953
2023,9,75.50982258452723,32.61607625157579,0.34288784861564636,0.05553106963634491
2023,9,75.45583383595165,32.671951462248025,0.7434402108192444,0.24354472756385803
2023,9,74.83923022493201,33.3384115715363,0.016309481114149094,-0.05455915629863739
2023,9,75.75946440198405,32.81828702203109,0.8139534592628479,0.3489566743373871
2023,9,75.7448218628529,32.881258923447874,0.7010489702224731,0.16492068767547607
2023,9,75.51215820426594,32.93174424241539,0.6359193921089172,0.0260869562625885
2023,9,74.50685356980779,32.815951402292384,0.761615514755249,0.3243289291858673
2023,9,74.73179171695132,33.284422822960714,0.5257030725479126,0.18907274305820465
2023,9,75.18894436503975,32.59038443444997,0.7857142686843872,0.22918011248111725
2023,9,74.55742872030372,33.236093460675086,0.7492764592170715,0.2535991966724396
2023,9,75.01323389546596,32.89365567436872,0.8031942248344421,0.2725164294242859
2023,9,75.08339231915569,33.26439039212485,0.6099269986152649,0.1399627923965454
2023,9,75.309588107697,33.385752787009395,0.7864077687263489,0.2530573904514313
2023,9,74.87839677131963,32.765376251796454,0.8552512526512146,0.33663174510002136
2023,9,75.62022553294553,33.35143714315603,0.7458652853965759,0.13148653507232666
2023,9,75.08617709653647,32.84424833374215,0.7277108430862427,0.2092467099428177
2023,9,75.14834051419754,33.13656012719464,0.7760000228881836,0.2151106894016266
2023,9,75.48278329447524,32.997411089684526,0.8329466581344604,0.2982744574546814
2023,9,75.77168148984808,32.63754598686625,0.3679189085960388,0.15595868229866028
2023,9,75.57117751843259,33.33535729957029,0.7278605699539185,0.21222878992557526
2023,9,75.17448148896541,33.13961439916065,0.8179683089256287,0.3153628706932068
2023,9,75.82692787982143,32.848919573219575,0.6939667463302612,0.07649564743041992
2023,9,75.08069737330334,32.91916782843772,0.4592445194721222,-0.06472986936569214
2023,9,75.5291363631358,33.02561818960588,0.7788461446762085,0.2444690316915512
2023,9,75.59103028621163,33.301850139472634,0.4128599166870117,0.053266625851392746
2023,9,75.38190248806862,33.194591294548765,0.7799999713897705,0.24113887548446655
2023,9,74.55176933401377,33.35673720333234,0.7271835207939148,0.288650244474411
2023,9,75.56219436559141,32.9445901509783,0.8350599408149719,0.31308501958847046
2023,9,75.37291933522742,33.14814839435979,0.2728189527988434,-0.007276302669197321
2023,9,74.68723527885899,33.204382931145666,0.8625214099884033,0.27285370230674744
2023,9,74.83060639820447,32.78370188359249,0.8857953548431396,0.33043256402015686
2023,9,74.94738738514,32.95096818949555,0.28391262888908386,0.1073220819234848
2023,9,74.76251409966821,33.02993010296966,0.8690307140350342,0.3308725357055664
2023,9,75.01736614577291,32.716058742698294,0.7989031076431274,0.31777438521385193
2023,9,74.77176674709463,33.31604352096172,0.7345598936080933,0.19115905463695526
2023,9,75.21382769840986,33.47549448389294,0.42609456181526184,0.09876972436904907
2023,9,74.88468497830846,33.45914514572196,0.4673854410648346,0.1578051894903183
2023,9,75.74724731412003,32.777323845075244,0.5410256385803223,0.10479892045259476
2023,9,74.6940624750183,32.62011867035433,0.7181547284126282,0.2897394597530365
2023,9,75.03623076673942,33.20447276267408,0.7011494040489197,0.1497005969285965
2023,9,74.92322270399718,33.10044785277304,0.811667263507843,0.31269487738609314
2023,9,75.60666097215532,32.9859126540478,0.8106915354728699,0.4202731251716614
2023,9,75.81111753082092,32.536126191289156,0.841152548789978,0.23703151941299438
2023,9,74.82674364248275,33.33383016358729,0.8432391285896301,0.2859615087509155
2023,9,75.28326746987229,32.59155224431933,0.7079939842224121,0.16594059765338898
2023,9,74.61716668669767,33.4346211384655,0.07361963391304016,0.034755829721689224
2023,9,75.74248624311419,32.95833437482533,0.7755308151245117,0.3826771676540375
2023,9,74.64582294426108,32.66135134189542,0.6366237998008728,0.2991276681423187
2023,9,75.07701428063845,32.53953978936881,0.06168392673134804,0.02690972201526165
2023,9,75.67753804807235,33.37685946569661,0.753385603427887,0.30270400643348694
2023,9,74.74868004429277,32.64042059577543,0.16196025907993317,-0.020098557695746422
2023,9,75.66343449811167,33.4864539303592,0.636712372303009,0.43494030833244324
2023,9,75.70251121297088,32.503158020361965,-0.35114696621894836,0.009563107043504715
2023,9,74.85710669908599,33.042955674589386,0.777503490447998,0.230282261967659
2023,9,75.86411813258397,32.62470007830334,0.8009153604507446,0.2521877586841583
2023,9,75.35091061076649,32.60987787611537,0.6978830099105835,0.18019603192806244
2023,9,74.87381536337061,33.49301163193327,-0.006781835108995438,0.7176800966262817
2023,9,74.58006626546353,32.811190331286554,0.5416725277900696,0.22734346985816956
2023,9,74.97703178951595,33.20402360503202,0.7837801575660706,0.20685487985610962
2023,9,75.69577384833998,32.613830463365495,0.7267658114433289,0.24781732261180878
2023,9,74.74463762551423,32.71138750322088,0.6188807487487793,0.12767067551612854
2023,9,75.83025164637267,33.36446271477577,0.5256064534187317,0.065311498939991
2023,9,75.20026313761964,33.05912534970354,0.6159090995788574,0.06301791965961456
2023,9,74.8571965306144,32.80346481984312,0.8656238913536072,0.33748504519462585
2023,9,75.09821452134366,32.75531512061432,0.7715111970901489,0.22715647518634796
2023,9,75.27365549633221,33.166653689212644,0.7234513163566589,0.23288796842098236
2023,9,75.19002234338069,33.289722883137024,0.7260273694992065,0.17339245975017548
2023,9,75.74437270521084,33.16315025960458,0.4719873070716858,-0.014159291982650757
2023,9,75.08626692806489,33.14805856283137,0.6238994002342224,0.13334773480892181
2023,9,75.39052631479616,33.49319129499009,0.6858814358711243,0.24732589721679688
2023,9,75.46715260853156,32.62703569804205,0.6277145743370056,0.17594322562217712
2023,9,74.79269749321462,33.18515898406551,0.8334704637527466,0.25269731879234314
2023,9,75.71508762694855,33.21821698652111,0.7570902705192566,0.19125202298164368
2023,9,75.2487721629621,32.78891211224039,0.632759153842926,0.17513397336006165
2023,9,75.63926981696886,32.82403623984946,0.7649590969085693,0.2394195944070816
2023,9,75.87813185101624,33.43641776903374,0.7592592835426331,0.19333332777023315
2023,9,74.78326518273137,32.75504562602908,0.7232974767684937,0.27420663833618164
2023,9,75.82046000977577,33.16297059654776,0.459371954202652,-0.09641210734844208
2023,9,75.4501744496617,33.073049236607396,0.7514340281486511,0.2248644083738327
2023,9,74.81264009252207,32.527502364561606,0.8386717438697815,0.37247446179389954
2023,9,75.13432679576528,32.99561445911629,0.6194865107536316,0.1503390222787857
2023,9,74.79997384701599,32.928240812807324,0.8259344100952148,0.29870525002479553
2023,9,74.56165080213908,33.43327366553932,0.628217339515686,0.2996005415916443
2023,9,74.54134887671798,32.6732989351742,0.6836246848106384,0.18555790185928345
2023,9,75.71859105655662,33.15982649305334,0.7217788100242615,0.16760100424289703
2023,9,75.72739454634099,33.382249357401335,0.5450530052185059,0.16386625170707703
2023,9,75.1991851592787,33.01402992244074,0.8318002820014954,0.20776215195655823
2023,9,75.7778798653085,32.8213412939971,0.7939189076423645,0.25913482904434204
2023,9,75.32962053853286,33.19090820188387,0.4850948452949524,0.059278350323438644
2023,9,75.37983636291514,32.69539749116355,0.7174515128135681,0.19691120088100433
2023,9,75.31354069494712,32.854578959509524,0.855783998966217,0.30429157614707947
2023,9,75.2961133784352,33.4180921372377,0.8293236494064331,0.22245466709136963
2023,9,75.77976632740516,33.496604893069744,0.6291255950927734,0.17944256961345673
2023,9,74.80132131994218,33.33203353301905,0.7762725353240967,0.1498650461435318
2023,9,75.80105639963878,32.73312673309657,0.5935154557228088,0.02848285250365734
2023,9,75.36887691644888,32.81352595102526,0.6544880270957947,0.25038349628448486
2023,9,75.2193972531714,33.06505423057873,0.5019280314445496,0.08275426179170609
2023,9,74.5076620535635,33.473967347909934,0.2815665006637573,0.08615567535161972
2023,9,74.9549332335266,32.74282853816506,0.7611376047134399,0.2185726910829544
2023,9,75.10432306527568,33.36787631285542,0.40404340624809265,0.22810350358486176
2023,9,75.11564183785559,33.35925248612787,0.260958194732666,0.19156908988952637
2023,9,74.92744478583255,32.62658654039999,0.5986976623535156,0.20721472799777985
2023,9,74.66872998400613,32.73384538532386,0.5679817199707031,0.19013066589832306
2023,9,75.53524490706782,33.233398514822724,0.7940678000450134,0.33129021525382996
2023,9,75.45206091175835,32.9746837129963,0.8078691959381104,0.24678930640220642
2023,9,75.6598412369752,32.52552607093654,0.7992797493934631,0.3268074095249176
2023,9,75.04781903390456,32.96210729901863,0.8309020400047302,0.2756689488887787
2023,9,74.7332290214059,32.772113616427355,0.7922105193138123,0.3983384668827057
2023,9,75.09632805924701,32.769508502103406,0.8225629925727844,0.251413494348526
2023,9,75.78183245255863,32.91907799690931,0.8168107271194458,0.3340252637863159
2023,9,74.90489707220115,32.773281426296705,0.016195809468626976,-0.050732340663671494
2023,9,75.66244635129914,32.525615902464956,0.8716704249382019,0.2732241451740265
2023,9,74.72900693957055,33.08948840630678,0.7697917222976685,0.06053988263010979
2023,9,74.95232811920266,32.996243279815175,0.8545881509780884,0.3100411593914032
2023,9,75.40966043034791,32.58095212396672,0.7176228165626526,0.1803278625011444
2023,9,74.70960332943356,32.62901199166711,0.7349719405174255,0.36698290705680847
2023,9,75.871753812499,32.75962703397809,0.8125123381614685,0.1986858993768692
2023,9,74.69010988776817,32.739145445500164,0.3147587478160858,0.12538740038871765
2023,9,75.46418816809397,33.33293184830317,0.7603983879089355,0.4042056202888489
2023,9,74.93472113963392,33.36203726350864,0.7612058520317078,0.11999999731779099
2023,9,75.49104779508913,32.51483611905552,0.8345654010772705,0.33979612588882446
2023,9,74.85108798668239,33.41503786527169,0.7114085555076599,0.04025981202721596
2023,9,75.62938834884355,33.338142076951065,0.6937984228134155,0.27343371510505676
2023,9,75.56354183851758,33.10368178779587,0.7705854177474976,0.31066104769706726
2023,9,74.83393016475571,32.645271498309675,0.43709948658943176,0.10698658227920532
2023,9,75.13118269227085,32.6439240253835,0.32528629899024963,0.013649240136146545
2023,9,75.40139592973401,32.693960186708956,0.8391900062561035,0.3235863149166107
2023,9,75.23179400409224,33.13386518134229,0.5758447051048279,0.08246913552284241
2023,9,74.9338228243498,33.19845405027048,0.6279678344726562,0.18584071099758148
2023,9,75.28129117624722,33.06092198027178,0.7558541297912598,0.24036280810832977
2023,9,75.4337352799623,32.743906516506,0.8316438794136047,0.29324594140052795
2023,9,75.68580254868625,33.492831968876445,0.2826399803161621,0.050612203776836395
2023,9,75.14196247568029,32.66180049953748,0.8399999737739563,0.2346888780593872
2023,9,75.14510657917471,33.20950332826515,0.6890109777450562,0.14450867474079132
2023,9,75.3795668683299,32.91764069245472,0.7922624349594116,0.17743325233459473
2023,9,74.81326891322095,33.08131373722129,0.8206048011779785,0.22978916764259338
2023,9,75.86384863799874,33.10601740753458,0.6406162977218628,0.16289474070072174
2023,9,75.72739454634099,32.74462516873329,0.24919094145298004,0.06380046904087067
2023,9,75.0803380471897,33.12416337627379,0.8031310439109802,0.22439272701740265
2023,9,75.19873600163665,33.27427186025017,0.6948356628417969,0.27205991744995117
2023,9,75.35055128465284,33.47387751638152,0.2697509229183197,-0.09235987067222595
2023,9,75.71382998555077,32.738965782443344,0.7060605883598328,0.17169615626335144
2023,9,75.422326675854,33.030558923668536,0.7217015027999878,0.12842558324337006
2023,9,74.85674737297234,33.19135735952593,0.879361629486084,0.3161042034626007
2023,9,74.84785405165955,32.65676993394641,0.7182329297065735,0.2896777391433716
2023,9,74.50119418351784,33.46381638519939,0.8517065644264221,0.3484676480293274
2023,9,75.83752800017403,33.19971169166824,0.7306397557258606,0.190590500831604
2023,9,75.0022744489997,32.599996407990055,0.6431838870048523,0.24700573086738586
2023,9,75.52724990103916,33.10718521740394,0.8071097135543823,0.27252939343452454
2023,9,75.69271957637397,33.468487624676804,0.8954845666885376,0.4056747257709503
2023,9,75.16028810747633,33.40946831051016,0.7066136002540588,0.2126760631799698
2023,9,75.49571903456656,32.61742372450197,0.42751842737197876,0.06976744532585144
2023,9,75.0954297439629,33.38180019975927,0.5055760741233826,0.4046044945716858
2023,9,74.93247535142362,33.292597492046205,0.8217227458953857,0.34684109687805176
2023,9,74.82970808292035,32.94450031944989,0.7891824841499329,0.3113136291503906
2023,9,74.6474399117725,33.11167679382453,0.6712031364440918,0.1809426248073578
2023,9,74.63037192137422,33.45698918904007,0.32845571637153625,0.08977627009153366
2023,9,74.77473118753223,32.88530134222641,0.7497664093971252,0.34867337346076965
2023,9,75.57351313817131,32.68758214819171,0.6658556461334229,0.2789539098739624
2023,9,75.79162408915553,33.21372541010051,0.5852236151695251,-0.0010201999684795737
2023,9,75.11393503881577,32.58274875453496,0.1440107673406601,0.014549524523317814
2023,9,74.62543118731156,33.226750981720244,0.7849345803260803,0.2402476668357849
2023,9,75.44137095987733,32.7919663842064,0.8462039828300476,0.2832793891429901
2023,9,75.2863217418383,33.411354772606806,0.8199672698974609,0.2573355734348297
2023,9,75.62247132115583,32.84775176335022,0.8324835896492004,0.3234316110610962
2024,6,74.90103431647944,33.191986180224816,0.523809552192688,0.13809597492218018
2024,6,75.35980393207927,33.281099056409474,0.4093516170978546,-0.05839527025818825
2024,6,74.91334123587187,32.883953869300235,0.3124357759952545,-0.10446586459875107
2024,6,75.10055014108238,32.98483467570686,0.5361930131912231,0.0758364275097847
2024,6,75.2930591064692,32.6146389471212,0.23201505839824677,-0.10442409664392471
2024,6,74.61662769752719,32.841014398719324,0.4877162575721741,-4.182461270829663e-05
2024,6,75.45969659167336,33.1685401513093,0.13154536485671997,-0.04355848208069801
2024,6,75.35082077923808,33.33329117441682,0.469421923160553,0.0025661138352006674
2024,6,75.41819442554704,32.9144965889603,0.5396423935890198,0.1461242437362671
2024,6,75.3735481559263,33.2669955064488,0.4374505877494812,0.045987192541360855
2024,6,75.33689689233422,33.461390933932265,0.733345091342926,0.12264681607484818
2024,6,75.30329990070815,33.24866987465276,0.6641401648521423,0.1305658370256424
2024,6,75.10486205444616,32.86859267794179,0.363834023475647,-0.08348146080970764
2024,6,74.61519039307261,32.58364706981908,0.43868738412857056,-0.00948938075453043
2024,6,75.05087330587057,32.91961698607978,0.4006858468055725,-0.01011560671031475
2024,6,75.31659496691313,32.53900080019834,0.48446333408355713,-0.0672302320599556
2024,6,74.88261885315498,33.28451265448913,0.5440669655799866,0.12021751701831818
2024,6,75.52069219946509,33.49489809402992,0.38207900524139404,0.005624155048280954
2024,6,75.53272962427228,32.817658201332215,0.6909878849983215,0.36466577649116516
2024,6,74.84938118764256,32.829336300025766,0.42798858880996704,-0.021361609920859337
2024,6,74.69289466514894,32.6740175874015,0.08443377166986465,-0.14234818518161774
2024,6,75.68715002161242,32.75693208812573,0.39573001861572266,-0.01226288452744484
2024,6,74.52140627741052,32.6492240855598,0.1270199865102768,-0.11599881947040558
2024,6,75.51449382400466,32.79555964534287,0.48698538541793823,0.13400962948799133
2024,6,75.84291789187876,33.422493882129885,0.5319750308990479,0.21135245263576508
2024,6,75.23610591745602,33.06469490446508,0.4195995032787323,-0.032152120023965836
2024,6,75.18319514722138,33.26942095771592,0.3375907242298126,0.09637469798326492
2024,6,75.28299797528706,32.8912302231016,0.37767037749290466,0.012563428841531277
2024,6,75.39420940746105,32.91485591507394,0.6198464035987854,0.13215094804763794
2024,6,75.54557553283519,32.77579670909224,0.5326513051986694,0.08907321840524673
2024,6,74.90893949097969,32.7183045309086,0.6194690465927124,0.03437250107526779
2024,6,75.17897306538602,33.23483581927732,0.6411896347999573,0.21774810552597046
2024,6,74.93741608548628,33.05023202839076,0.4574841856956482,-0.008335317485034466
2024,6,75.4885325122936,32.926803508352734,0.717372477054596,0.21027517318725586
2024,6,75.27608094759934,33.069186480885676,0.408814936876297,0.027647994458675385
2024,6,75.50982258452723,32.61607625157579,0.3859255909919739,0.03010600246489048
2024,6,75.45583383595165,32.671951462248025,0.33277860283851624,-0.06381393224000931
2024,6,74.83923022493201,33.3384115715363,-0.039857227355241776,-0.10575342178344727
2024,6,75.75946440198405,32.81828702203109,0.3300683796405792,0.3253944516181946
2024,6,75.7448218628529,32.881258923447874,0.5682975053787231,0.1819331794977188
2024,6,75.51215820426594,32.93174424241539,0.06948252767324448,0.09932389855384827
2024,6,74.50685356980779,32.815951402292384,0.10218018293380737,-0.06641565263271332
2024,6,74.73179171695132,33.284422822960714,0.5378752946853638,0.05920342355966568
2024,6,75.18894436503975,32.59038443444997,0.44708794355392456,-0.05180457606911659
2024,6,74.55742872030372,33.236093460675086,0.4232378602027893,0.09648148715496063
2024,6,75.01323389546596,32.89365567436872,0.2933754026889801,-0.04473111033439636
2024,6,75.08339231915569,33.26439039212485,0.4388030469417572,0.03132787346839905
2024,6,75.309588107697,33.385752787009395,0.6380606889724731,0.16587203741073608
2024,6,74.87839677131963,32.765376251796454,0.7366792559623718,0.07306712120771408
2024,6,75.62022553294553,33.35143714315603,0.24868792295455933,0.12384263426065445
2024,6,75.08617709653647,32.84424833374215,0.3218304514884949,-0.20328719913959503
2024,6,75.14834051419754,33.13656012719464,0.6863548159599304,0.1868109256029129
2024,6,75.48278329447524,32.997411089684526,0.6813445091247559,0.15946908295154572
2024,6,75.77168148984808,32.63754598686625,0.7197216153144836,0.24205714464187622
2024,6,75.57117751843259,33.33535729957029,0.054673932492733,0.09077625721693039
2024,6,75.17448148896541,33.13961439916065,0.7616041898727417,0.26620855927467346
2024,6,75.82692787982143,32.848919573219575,0.20659218728542328,-0.045573074370622635
2024,6,75.08069737330334,32.91916782843772,0.29732459783554077,-0.013891213573515415
2024,6,75.5291363631358,33.02561818960588,0.6728476285934448,0.24765074253082275
2024,6,75.59103028621163,33.301850139472634,0.17007139325141907,0.009779523126780987
2024,6,75.38190248806862,33.194591294548765,0.5879348516464233,0.14334961771965027
2024,6,74.55176933401377,33.35673720333234,0.428447425365448,0.12591759860515594
2024,6,75.56219436559141,32.9445901509783,0.6900576949119568,0.2141229659318924
2024,6,75.37291933522742,33.14814839435979,0.2714097797870636,0.0016731498762965202
2024,6,74.68723527885899,33.204382931145666,0.7711735367774963,0.19830498099327087
2024,6,74.83060639820447,32.78370188359249,0.8597843050956726,0.10688524693250656
2024,6,74.94738738514,32.95096818949555,0.35427573323249817,0.006676557939499617
2024,6,74.76251409966821,33.02993010296966,0.6466532349586487,-0.021065250039100647
2024,6,75.01736614577291,32.716058742698294,0.3623942732810974,-0.0714285746216774
2024,6,74.77176674709463,33.31604352096172,0.45929375290870667,0.06456021219491959
2024,6,75.21382769840986,33.47549448389294,0.4094489812850952,-0.0240054689347744
2024,6,74.88468497830846,33.45914514572196,0.437527596950531,0.009278658777475357
2024,6,75.74724731412003,32.777323845075244,0.13858063519001007,0.24543260037899017
2024,6,74.6940624750183,32.62011867035433,0.09820485860109329,-0.13030210137367249
2024,6,75.03623076673942,33.20447276267408,0.6187370419502258,0.044764649122953415
2024,6,74.92322270399718,33.10044785277304,0.555096447467804,0.011725293472409248
2024,6,75.60666097215532,32.9859126540478,0.4472569227218628,0.3514110743999481
2024,6,75.81111753082092,32.536126191289156,0.5314915776252747,0.03948092460632324
2024,6,74.82674364248275,33.33383016358729,0.7651273608207703,0.18871963024139404
2024,6,75.28326746987229,32.59155224431933,0.23852814733982086,-0.10408899188041687
2024,6,74.61716668669767,33.4346211384655,0.007520823739469051,0.07368909567594528
2024,6,75.74248624311419,32.95833437482533,0.7496792078018188,0.37644895911216736
2024,6,74.64582294426108,32.66135134189542,0.30000001192092896,-0.05303145572543144
2024,6,75.07701428063845,32.53953978936881,0.04211469367146492,-0.003442340763285756
2024,6,75.67753804807235,33.37685946569661,0.6932886242866516,0.2943708896636963
2024,6,74.74868004429277,32.64042059577543,0.04547542333602905,-0.09922537952661514
2024,6,75.66343449811167,33.4864539303592,0.7987720370292664,0.31964099407196045
2024,6,75.70251121297088,32.503158020361965,-0.27240774035453796,0.009756097570061684
2024,6,74.85710669908599,33.042955674589386,0.6375239491462708,0.06901615113019943
2024,6,75.86411813258397,32.62470007830334,0.27000662684440613,-0.06944698840379715
2024,6,75.35091061076649,32.60987787611537,0.37960565090179443,-0.015467198565602303
2024,6,74.87381536337061,33.49301163193327,-0.03060816414654255,0.3601130247116089
2024,6,74.58006626546353,32.811190331286554,0.2885950803756714,0.03886841610074043
2024,6,74.97703178951595,33.20402360503202,0.31779471039772034,-0.12028725445270538
2024,6,75.69577384833998,32.613830463365495,0.4331257939338684,0.0532640665769577
2024,6,74.74463762551423,32.71138750322088,0.42272061109542847,-0.033884696662425995
2024,6,75.83025164637267,33.36446271477577,0.5423233509063721,0.07464753091335297
2024,6,75.20026313761964,33.05912534970354,0.4768536686897278,-0.04006195440888405
2024,6,74.8571965306144,32.80346481984312,0.6779552698135376,0.07753479480743408
2024,6,75.09821452134366,32.75531512061432,0.32969698309898376,-0.09602250158786774
2024,6,75.27365549633221,33.166653689212644,0.514602780342102,0.10274045169353485
2024,6,75.19002234338069,33.289722883137024,0.6522617340087891,0.11567939817905426
2024,6,75.74437270521084,33.16315025960458,0.3719257414340973,-0.08357041329145432
2024,6,75.08626692806489,33.14805856283137,0.3484419286251068,-0.04728546366095543
2024,6,75.39052631479616,33.49319129499009,0.6904808878898621,0.25508520007133484
2024,6,75.46715260853156,32.62703569804205,0.2585653066635132,-0.05457348749041557
2024,6,74.79269749321462,33.18515898406551,0.7877739071846008,0.1570061892271042
2024,6,75.71508762694855,33.21821698652111,0.7405998706817627,0.28733906149864197
2024,6,75.2487721629621,32.78891211224039,0.22385936975479126,-0.09226620942354202
2024,6,75.63926981696886,32.82403623984946,0.6914677023887634,0.1334911584854126
2024,6,75.87813185101624,33.43641776903374,0.7002261281013489,0.18531851470470428
2024,6,74.78326518273137,32.75504562602908,0.6967915892601013,0.18386876583099365
2024,6,75.82046000977577,33.16297059654776,0.3374706506729126,-0.14383302628993988
2024,6,75.4501744496617,33.073049236607396,0.7650904059410095,0.2061363160610199
2024,6,74.81264009252207,32.527502364561606,0.09015069901943207,-0.12600639462471008
2024,6,75.13432679576528,32.99561445911629,0.3988867998123169,-0.006250150501728058
2024,6,74.79997384701599,32.928240812807324,0.1675025075674057,-0.08872651308774948
2024,6,74.56165080213908,33.43327366553932,0.5528265237808228,0.23126676678657532
2024,6,74.54134887671798,32.6732989351742,0.09996499121189117,-0.0778377503156662
2024,6,75.71859105655662,33.15982649305334,0.7697595953941345,0.16848589479923248
2024,6,75.72739454634099,33.382249357401335,0.22389885783195496,-0.059436846524477005
2024,6,75.1991851592787,33.01402992244074,0.6521978378295898,0.05876913666725159
2024,6,75.7778798653085,32.8213412939971,0.32937759160995483,0.1723184436559677
2024,6,75.32962053853286,33.19090820188387,0.2629852294921875,-0.04017946869134903
2024,6,75.37983636291514,32.69539749116355,0.42437076568603516,-0.012114154174923897
2024,6,75.31354069494712,32.854578959509524,0.6947832107543945,0.15625829994678497
2024,6,75.2961133784352,33.4180921372377,0.3249361515045166,0.14877711236476898
2024,6,75.77976632740516,33.496604893069744,0.7403062582015991,0.20804409682750702
2024,6,74.80132131994218,33.33203353301905,0.5478656888008118,0.10084686428308487
2024,6,75.80105639963878,32.73312673309657,0.43042635917663574,-0.03626897931098938
2024,6,75.36887691644888,32.81352595102526,0.3715744912624359,0.07817595452070236
2024,6,75.2193972531714,33.06505423057873,0.3334933817386627,-0.015606997534632683
2024,6,74.5076620535635,33.473967347909934,-0.029921967536211014,0.02258709818124771
2024,6,74.9549332335266,32.74282853816506,0.3343173563480377,-0.15760000050067902
2024,6,75.10432306527568,33.36787631285542,0.7145112156867981,0.21317093074321747
2024,6,75.11564183785559,33.35925248612787,0.8169498443603516,0.13272184133529663
2024,6,74.92744478583255,32.62658654039999,0.26244813203811646,-0.029499199241399765
2024,6,74.66872998400613,32.73384538532386,0.054721977561712265,-0.10938028991222382
2024,6,75.53524490706782,33.233398514822724,0.7249380946159363,0.2580608129501343
2024,6,75.45206091175835,32.9746837129963,0.7678502202033997,0.28147900104522705
2024,6,75.6598412369752,32.52552607093654,0.5660809874534607,0.17802368104457855
2024,6,75.04781903390456,32.96210729901863,0.4998626112937927,0.0640135183930397
2024,6,74.7332290214059,32.772113616427355,0.088407002389431,-0.05616254732012749
2024,6,75.09632805924701,32.769508502103406,0.5747126340866089,0.0375099778175354
2024,6,75.78183245255863,32.91907799690931,0.6076016426086426,0.23906174302101135
2024,6,74.90489707220115,32.773281426296705,0.005291005130857229,-0.07106330245733261
2024,6,75.66244635129914,32.525615902464956,0.5400062799453735,0.029729729518294334
2024,6,74.72900693957055,33.08948840630678,0.5093513131141663,-0.04157562926411629
2024,6,74.95232811920266,32.996243279815175,0.6044129133224487,0.03262506425380707
2024,6,75.40966043034791,32.58095212396672,0.35143089294433594,-0.08472415804862976
2024,6,74.70960332943356,32.62901199166711,0.1534225046634674,-0.11606873571872711
2024,6,75.871753812499,32.75962703397809,0.7497621774673462,0.21267834305763245
2024,6,74.69010988776817,32.739145445500164,0.6238917112350464,0.17166513204574585
2024,6,75.46418816809397,33.33293184830317,0.342943012714386,0.27792248129844666
2024,6,74.93472113963392,33.36203726350864,0.7415771484375,0.16169440746307373
2024,6,75.49104779508913,32.51483611905552,0.3975699245929718,-0.0247011948376894
2024,6,74.85108798668239,33.41503786527169,0.5562987923622131,0.046868517994880676
2024,6,75.62938834884355,33.338142076951065,0.422317773103714,0.23086170852184296
2024,6,75.56354183851758,33.10368178779587,0.7587302923202515,0.28829777240753174
2024,6,74.83393016475571,32.645271498309675,0.7033805847167969,0.11911159008741379
2024,6,75.13118269227085,32.6439240253835,0.12518075108528137,-0.1053277999162674
2024,6,75.40139592973401,32.693960186708956,0.37787216901779175,0.017114216461777687
2024,6,75.23179400409224,33.13386518134229,0.4942159652709961,0.09781847149133682
2024,6,74.9338228243498,33.19845405027048,0.5063613057136536,0.13067005574703217
2024,6,75.28129117624722,33.06092198027178,0.4866343140602112,0.08999567478895187
2024,6,75.4337352799623,32.743906516506,0.7314039468765259,0.1927013397216797
2024,6,75.68580254868625,33.492831968876445,0.4405590891838074,0.056647468358278275
2024,6,75.14196247568029,32.66180049953748,0.37375885248184204,-0.10520154237747192
2024,6,75.14510657917471,33.20950332826515,0.3699512779712677,0.07511694729328156
2024,6,75.3795668683299,32.91764069245472,0.7132728099822998,0.1700151115655899
2024,6,74.81326891322095,33.08131373722129,0.45324477553367615,0.017318159341812134
2024,6,75.86384863799874,33.10601740753458,0.612083375453949,0.10398049652576447
2024,6,75.72739454634099,32.74462516873329,0.37278667092323303,0.11163119971752167
2024,6,75.0803380471897,33.12416337627379,0.46659815311431885,0.03555789217352867
2024,6,75.19873600163665,33.27427186025017,0.41002357006073,0.05553692206740379
2024,6,75.35055128465284,33.47387751638152,0.29696619510650635,-0.06798174977302551
2024,6,75.71382998555077,32.738965782443344,0.6136704683303833,0.16452421247959137
2024,6,75.422326675854,33.030558923668536,0.7142587304115295,0.15295182168483734
2024,6,74.85674737297234,33.19135735952593,0.890344500541687,0.2784249484539032
2024,6,74.84785405165955,32.65676993394641,0.13853904604911804,-0.09825436770915985
2024,6,74.50119418351784,33.46381638519939,0.02647910825908184,0.18927913904190063
2024,6,75.83752800017403,33.19971169166824,0.6142451167106628,0.07944747805595398
2024,6,75.0022744489997,32.599996407990055,0.16042979061603546,-0.10376591980457306
2024,6,75.52724990103916,33.10718521740394,0.8076661229133606,0.28784722089767456
2024,6,75.69271957637397,33.468487624676804,0.6903510093688965,0.0882628858089447
2024,6,75.16028810747633,33.40946831051016,0.5313808917999268,0.03203806281089783
2024,6,75.49571903456656,32.61742372450197,0.2117888480424881,-0.07880627363920212
2024,6,75.0954297439629,33.38180019975927,0.767113208770752,0.32316792011260986
2024,6,74.93247535142362,33.292597492046205,0.610162079334259,0.17753389477729797
2024,6,74.82970808292035,32.94450031944989,0.5431288480758667,0.11719390004873276
2024,6,74.6474399117725,33.11167679382453,0.2272084802389145,-0.0676209032535553
2024,6,74.63037192137422,33.45698918904007,0.0485587902367115,0.08895217627286911
2024,6,74.77473118753223,32.88530134222641,0.2869219183921814,-0.011427597142755985
2024,6,75.57351313817131,32.68758214819171,0.47263190150260925,0.15294083952903748
2024,6,75.79162408915553,33.21372541010051,0.4040784537792206,-0.11069818586111069
2024,6,75.11393503881577,32.58274875453496,0.127187579870224,-0.11855466663837433
2024,6,74.62543118731156,33.226750981720244,0.4938877522945404,0.07912223041057587
2024,6,75.44137095987733,32.7919663842064,0.7728205919265747,0.3240651488304138
2024,6,75.2863217418383,33.411354772606806,0.7582660913467407,0.22662125527858734
2024,6,75.62247132115583,32.84775176335022,0.03456305339932442,0.06272652745246887
2024,7,74.90103431647944,33.191986180224816,0.5406256318092346,0.17795997858047485
2024,7,75.35980393207927,33.281099056409474,0.19933277368545532,0.06599083542823792
2024,7,74.91334123587187,32.883953869300235,0.3777935802936554,-0.05303842946887016
2024,7,75.10055014108238,32.98483467570686,0.40756475925445557,0.10700809955596924
2024,7,75.2930591064692,32.6146389471212,0.5475620031356812,0.13068220019340515
2024,7,74.61662769752719,32.841014398719324,0.562534511089325,0.23561455309391022
2024,7,75.45969659167336,33.1685401513093,0.16988524794578552,-0.04780472815036774
2024,7,75.35082077923808,33.33329117441682,0.29997867345809937,0.13473303616046906
2024,7,75.41819442554704,32.9144965889603,0.2883557975292206,0.1549856960773468
2024,7,75.3735481559263,33.2669955064488,0.4183679223060608,0.04755759239196777
2024,7,75.33689689233422,33.461390933932265,0.7364435195922852,0.16261203587055206
2024,7,75.30329990070815,33.24866987465276,0.6784216165542603,0.17893533408641815
2024,7,75.10486205444616,32.86859267794179,0.5443615317344666,0.11515220999717712
2024,7,74.61519039307261,32.58364706981908,0.17275063693523407,0.08865661919116974
2024,7,75.05087330587057,32.91961698607978,0.3989133834838867,0.09059286117553711
2024,7,75.31659496691313,32.53900080019834,0.6796743273735046,0.2233741283416748
2024,7,74.88261885315498,33.28451265448913,0.6322733163833618,0.19071106612682343
2024,7,75.52069219946509,33.49489809402992,0.37728413939476013,0.08256446570158005
2024,7,75.53272962427228,32.817658201332215,0.3580712378025055,0.22574052214622498
2024,7,74.84938118764256,32.829336300025766,0.4340440332889557,0.14778470993041992
2024,7,74.69289466514894,32.6740175874015,0.16457980871200562,-0.024752654135227203
2024,7,75.68715002161242,32.75693208812573,0.26568078994750977,0.1326117068529129
2024,7,74.52140627741052,32.6492240855598,0.08304066210985184,0.2376827895641327
2024,7,75.51449382400466,32.79555964534287,0.35241037607192993,0.16085971891880035
2024,7,75.84291789187876,33.422493882129885,0.8808437585830688,0.3108077943325043
2024,7,75.23610591745602,33.06469490446508,0.3247872292995453,0.051178716123104095
2024,7,75.18319514722138,33.26942095771592,0.3971489369869232,0.08715873956680298
2024,7,75.28299797528706,32.8912302231016,0.7483423352241516,0.27171972393989563
2024,7,75.39420940746105,32.91485591507394,0.3911823332309723,0.17896798253059387
2024,7,75.54557553283519,32.77579670909224,-0.04483556002378464,0.09868762642145157
2024,7,74.90893949097969,32.7183045309086,0.6839421987533569,0.2525346875190735
2024,7,75.17897306538602,33.23483581927732,0.6756097078323364,0.23641009628772736
2024,7,74.93741608548628,33.05023202839076,0.17868761718273163,0.20754899084568024
2024,7,75.4885325122936,32.926803508352734,0.033641476184129715,0.061598774045705795
2024,7,75.27608094759934,33.069186480885676,0.21300552785396576,0.038753632456064224
2024,7,75.50982258452723,32.61607625157579,0.6660162806510925,0.2692998945713043
2024,7,75.45583383595165,32.671951462248025,0.315293550491333,0.12186622619628906
2024,7,74.83923022493201,33.3384115715363,0.03730445355176926,-0.07595928013324738
2024,7,75.75946440198405,32.81828702203109,0.7455542087554932,0.3170165419578552
2024,7,75.7448218628529,32.881258923447874,0.5243499279022217,0.028931422159075737
2024,7,75.51215820426594,32.93174424241539,0.26012393832206726,0.19546405971050262
2024,7,74.50685356980779,32.815951402292384,0.47289687395095825,0.17033834755420685
2024,7,74.73179171695132,33.284422822960714,0.4645812511444092,0.16655217111110687
2024,7,75.18894436503975,32.59038443444997,0.6554406881332397,0.18218138813972473
2024,7,74.55742872030372,33.236093460675086,0.5391906499862671,0.08305888622999191
2024,7,75.01323389546596,32.89365567436872,0.5301453471183777,0.13586968183517456
2024,7,75.08339231915569,33.26439039212485,0.5320217609405518,0.0896468237042427
2024,7,75.309588107697,33.385752787009395,0.7331356406211853,0.25809353590011597
2024,7,74.87839677131963,32.765376251796454,0.7496122121810913,0.26466014981269836
2024,7,75.62022553294553,33.35143714315603,0.7136520743370056,0.19238683581352234
2024,7,75.08617709653647,32.84424833374215,0.5616218447685242,0.04861036688089371
2024,7,75.14834051419754,33.13656012719464,0.7371957302093506,0.21365109086036682
2024,7,75.48278329447524,32.997411089684526,0.7191979289054871,0.2495303601026535
2024,7,75.77168148984808,32.63754598686625,0.3248521685600281,0.2278275191783905
2024,7,75.57117751843259,33.33535729957029,0.1881955862045288,0.1575123518705368
2024,7,75.17448148896541,33.13961439916065,0.7496495246887207,0.2539146840572357
2024,7,75.82692787982143,32.848919573219575,0.6516889333724976,0.10352563858032227
2024,7,75.08069737330334,32.91916782843772,0.15327127277851105,0.027778923511505127
2024,7,75.5291363631358,33.02561818960588,0.018841026350855827,0.03998010605573654
2024,7,75.59103028621163,33.301850139472634,0.037288181483745575,-0.010679591447114944
2024,7,75.38190248806862,33.194591294548765,0.6985599398612976,0.21831920742988586
2024,7,74.55176933401377,33.35673720333234,0.5259316563606262,0.2560216188430786
2024,7,75.56219436559141,32.9445901509783,0.7240950465202332,0.3282759487628937
2024,7,75.37291933522742,33.14814839435979,0.27352166175842285,-0.013324882835149765
2024,7,74.68723527885899,33.204382931145666,0.808768093585968,0.2199849933385849
2024,7,74.83060639820447,32.78370188359249,0.634384036064148,0.2798967659473419
2024,7,74.94738738514,32.95096818949555,0.5520418286323547,0.24673768877983093
2024,7,74.76251409966821,33.02993010296966,0.8159133791923523,0.261648565530777
2024,7,75.01736614577291,32.716058742698294,0.6291322708129883,0.1715019792318344
2024,7,74.77176674709463,33.31604352096172,0.7212638854980469,0.21700046956539154
2024,7,75.21382769840986,33.47549448389294,0.3368983864784241,-0.0571574829518795
2024,7,74.88468497830846,33.45914514572196,0.011967714875936508,0.13609036803245544
2024,7,75.74724731412003,32.777323845075244,0.12763287127017975,0.12568290531635284
2024,7,74.6940624750183,32.62011867035433,0.12858279049396515,0.2091992348432541
2024,7,75.03623076673942,33.20447276267408,0.6269731521606445,0.11042492091655731
2024,7,74.92322270399718,33.10044785277304,0.4212873578071594,0.09547952562570572
2024,7,75.60666097215532,32.9859126540478,0.7974996566772461,0.35379067063331604
2024,7,75.81111753082092,32.536126191289156,0.6730630397796631,0.3570401668548584
2024,7,74.82674364248275,33.33383016358729,0.7798877954483032,0.20252208411693573
2024,7,75.28326746987229,32.59155224431933,0.5964842438697815,0.14139296114444733
2024,7,74.61716668669767,33.4346211384655,0.07754863798618317,0.04464495927095413
2024,7,75.74248624311419,32.95833437482533,0.7524563670158386,0.3612520694732666
2024,7,74.64582294426108,32.66135134189542,0.3554971218109131,0.1797458380460739
2024,7,75.07701428063845,32.53953978936881,0.05739549547433853,-0.03223554044961929
2024,7,75.67753804807235,33.37685946569661,0.7071005702018738,0.2937219738960266
2024,7,74.74868004429277,32.64042059577543,0.12303508818149567,-0.07662554085254669
2024,7,75.66343449811167,33.4864539303592,0.778536856174469,0.3057471215724945
2024,7,75.70251121297088,32.503158020361965,-0.10366328805685043,0.12230215966701508
2024,7,74.85710669908599,33.042955674589386,0.7013710141181946,0.17433829605579376
2024,7,75.86411813258397,32.62470007830334,0.3130077123641968,0.2680389881134033
2024,7,75.35091061076649,32.60987787611537,0.38874077796936035,0.09318821132183075
2024,7,74.87381536337061,33.49301163193327,0.028514256700873375,0.818412721157074
2024,7,74.58006626546353,32.811190331286554,0.39685821533203125,0.09858187288045883
2024,7,74.97703178951595,33.20402360503202,0.28862935304641724,0.09911539405584335
2024,7,75.69577384833998,32.613830463365495,0.391274631023407,0.15134915709495544
2024,7,74.74463762551423,32.71138750322088,0.4334656000137329,0.01247460301965475
2024,7,75.83025164637267,33.36446271477577,0.5298329591751099,0.0579303503036499
2024,7,75.20026313761964,33.05912534970354,0.7346469759941101,0.1547730267047882
2024,7,74.8571965306144,32.80346481984312,0.4807905852794647,0.21769209206104279
2024,7,75.09821452134366,32.75531512061432,0.5627113580703735,0.12373071163892746
2024,7,75.27365549633221,33.166653689212644,0.25741249322891235,0.0747520849108696
2024,7,75.19002234338069,33.289722883137024,0.666833758354187,0.12043918669223785
2024,7,75.74437270521084,33.16315025960458,0.28885746002197266,-0.16345855593681335
2024,7,75.08626692806489,33.14805856283137,0.4784949719905853,0.03708995133638382
2024,7,75.39052631479616,33.49319129499009,0.7882623672485352,0.32086697220802307
2024,7,75.46715260853156,32.62703569804205,0.6092703342437744,0.17005376517772675
2024,7,74.79269749321462,33.18515898406551,0.8139013648033142,0.19696690142154694
2024,7,75.71508762694855,33.21821698652111,0.48748838901519775,0.17895294725894928
2024,7,75.2487721629621,32.78891211224039,0.3550872504711151,-0.012828152626752853
2024,7,75.63926981696886,32.82403623984946,0.16311784088611603,0.05078514665365219
2024,7,75.87813185101624,33.43641776903374,0.7794581055641174,0.2194051742553711
2024,7,74.78326518273137,32.75504562602908,0.6828514337539673,0.23822098970413208
2024,7,75.82046000977577,33.16297059654776,0.3405371606349945,-0.16277258098125458
2024,7,75.4501744496617,33.073049236607396,0.7093291282653809,0.14257106184959412
2024,7,74.81264009252207,32.527502364561606,0.3397333323955536,0.07388928532600403
2024,7,75.13432679576528,32.99561445911629,0.4711436331272125,0.0906086340546608
2024,7,74.79997384701599,32.928240812807324,0.5391722917556763,0.11339759826660156
2024,7,74.56165080213908,33.43327366553932,0.608282744884491,0.2332051545381546
2024,7,74.54134887671798,32.6732989351742,0.3485477566719055,0.045664407312870026
2024,7,75.71859105655662,33.15982649305334,0.6189427375793457,0.07304155826568604
2024,7,75.72739454634099,33.382249357401335,0.2396274358034134,-0.06664575636386871
2024,7,75.1991851592787,33.01402992244074,0.681019127368927,0.15525329113006592
2024,7,75.7778798653085,32.8213412939971,0.7269648909568787,0.1565341353416443
2024,7,75.32962053853286,33.19090820188387,0.3273277282714844,-0.0250605009496212
2024,7,75.37983636291514,32.69539749116355,0.1891331821680069,0.08525250107049942
2024,7,75.31354069494712,32.854578959509524,0.7450026869773865,0.2846960425376892
2024,7,75.2961133784352,33.4180921372377,0.7991858720779419,0.24469783902168274
2024,7,75.77976632740516,33.496604893069744,0.7298451662063599,0.1829223334789276
2024,7,74.80132131994218,33.33203353301905,0.6152457594871521,0.1215774267911911
2024,7,75.80105639963878,32.73312673309657,0.23187890648841858,0.06255776435136795
2024,7,75.36887691644888,32.81352595102526,0.6774850487709045,0.26535171270370483
2024,7,75.2193972531714,33.06505423057873,0.3875631093978882,0.03007597289979458
2024,7,74.5076620535635,33.473967347909934,0.2824287712574005,0.05449897050857544
2024,7,74.9549332335266,32.74282853816506,0.48191577196121216,0.14951083064079285
2024,7,75.10432306527568,33.36787631285542,0.7567803263664246,0.25712698698043823
2024,7,75.11564183785559,33.35925248612787,0.660516619682312,0.04758167266845703
2024,7,74.92744478583255,32.62658654039999,0.3507910966873169,0.0795426219701767
2024,7,74.66872998400613,32.73384538532386,0.2719792425632477,-0.029232781380414963
2024,7,75.53524490706782,33.233398514822724,0.674721896648407,0.24057190120220184
2024,7,75.45206091175835,32.9746837129963,0.34059709310531616,0.1692126840353012
2024,7,75.6598412369752,32.52552607093654,0.5613718628883362,0.23405112326145172
2024,7,75.04781903390456,32.96210729901863,0.4946882426738739,0.16862820088863373
2024,7,74.7332290214059,32.772113616427355,0.49336326122283936,0.16212476789951324
2024,7,75.09632805924701,32.769508502103406,0.707058846950531,0.2206648290157318
2024,7,75.78183245255863,32.91907799690931,0.8343443870544434,0.18071132898330688
2024,7,74.90489707220115,32.773281426296705,0.08174289762973785,0.08503520488739014
2024,7,75.66244635129914,32.525615902464956,0.5956284403800964,0.20931029319763184
2024,7,74.72900693957055,33.08948840630678,0.7557042241096497,0.11548029631376266
2024,7,74.95232811920266,32.996243279815175,0.61981600522995,0.23698699474334717
2024,7,75.40966043034791,32.58095212396672,0.3400365710258484,0.12386299669742584
2024,7,74.70960332943356,32.62901199166711,0.13040685653686523,0.23436887562274933
2024,7,75.871753812499,32.75962703397809,0.5156489610671997,0.24492549896240234
2024,7,74.69010988776817,32.739145445500164,0.6439657211303711,0.2667376697063446
2024,7,75.46418816809397,33.33293184830317,0.41509291529655457,0.17073790729045868
2024,7,74.93472113963392,33.36203726350864,0.7398601174354553,0.19497762620449066
2024,7,75.49104779508913,32.51483611905552,0.30000001192092896,0.20251639187335968
2024,7,74.85108798668239,33.41503786527169,0.7380744218826294,0.19146856665611267
2024,7,75.62938834884355,33.338142076951065,0.7717054486274719,0.3298685550689697
2024,7,75.56354183851758,33.10368178779587,0.6736670732498169,0.24554100632667542
2024,7,74.83393016475571,32.645271498309675,0.34594517946243286,0.06269239634275436
2024,7,75.13118269227085,32.6439240253835,0.2839229702949524,-0.023487640544772148
2024,7,75.40139592973401,32.693960186708956,0.5075112581253052,0.1842688024044037
2024,7,75.23179400409224,33.13386518134229,0.5550372004508972,0.15450318157672882
2024,7,74.9338228243498,33.19845405027048,0.305017352104187,0.12487010657787323
2024,7,75.28129117624722,33.06092198027178,0.41814178228378296,0.1968739628791809
2024,7,75.4337352799623,32.743906516506,0.5587610602378845,0.24474146962165833
2024,7,75.68580254868625,33.492831968876445,0.4264523983001709,0.018534863367676735
2024,7,75.14196247568029,32.66180049953748,0.5522650480270386,0.22444166243076324
2024,7,75.14510657917471,33.20950332826515,0.3427855968475342,0.045377466827631
2024,7,75.3795668683299,32.91764069245472,0.37285518646240234,0.12173844128847122
2024,7,74.81326891322095,33.08131373722129,0.6553660035133362,0.1497238129377365
2024,7,75.86384863799874,33.10601740753458,0.5488632321357727,0.05617378652095795
2024,7,75.72739454634099,32.74462516873329,-0.03681812807917595,0.1510240137577057
2024,7,75.0803380471897,33.12416337627379,0.6299410462379456,0.14884433150291443
2024,7,75.19873600163665,33.27427186025017,0.5594332814216614,0.1397627890110016
2024,7,75.35055128465284,33.47387751638152,0.29343628883361816,-0.082694411277771
2024,7,75.71382998555077,32.738965782443344,0.07471264153718948,0.06206873431801796
2024,7,75.422326675854,33.030558923668536,0.3564894199371338,0.14535242319107056
2024,7,74.85674737297234,33.19135735952593,0.8335224390029907,0.25713151693344116
2024,7,74.84785405165955,32.65676993394641,0.22358928620815277,0.06508610397577286
2024,7,74.50119418351784,33.46381638519939,0.7294800877571106,0.3565760850906372
2024,7,75.83752800017403,33.19971169166824,0.6819607019424438,0.12025676667690277
2024,7,75.0022744489997,32.599996407990055,0.23051971197128296,-0.018431931734085083
2024,7,75.52724990103916,33.10718521740394,0.7524343729019165,0.2611721158027649
2024,7,75.69271957637397,33.468487624676804,0.7746886610984802,0.1610458493232727
2024,7,75.16028810747633,33.40946831051016,0.46588486433029175,0.014040561392903328
2024,7,75.49571903456656,32.61742372450197,0.2893114387989044,0.050954557955265045
2024,7,75.0954297439629,33.38180019975927,0.7692411541938782,0.3374907374382019
2024,7,74.93247535142362,33.292597492046205,0.8116011619567871,0.34184175729751587
2024,7,74.82970808292035,32.94450031944989,0.5045511722564697,0.12976638972759247
2024,7,74.6474399117725,33.11167679382453,0.8279776573181152,0.3415485620498657
2024,7,74.63037192137422,33.45698918904007,0.15690265595912933,0.06231996417045593
2024,7,74.77473118753223,32.88530134222641,0.5126698613166809,0.34778422117233276
2024,7,75.57351313817131,32.68758214819171,0.2569785714149475,0.13919121026992798
2024,7,75.79162408915553,33.21372541010051,0.3734574317932129,-0.14208485186100006
2024,7,75.11393503881577,32.58274875453496,0.14775550365447998,-0.08430817723274231
2024,7,74.62543118731156,33.226750981720244,0.6795855760574341,0.16422568261623383
2024,7,75.44137095987733,32.7919663842064,0.7522186636924744,0.31587058305740356
2024,7,75.2863217418383,33.411354772606806,0.7107827663421631,0.22995461523532867
2024,7,75.62247132115583,32.84775176335022,-0.02188640832901001,0.16110260784626007
2024,8,74.90103431647944,33.191986180224816,0.7058575749397278,0.22536703944206238
2024,8,75.35980393207927,33.281099056409474,0.6173285245895386,0.08737864345312119
2024,8,74.91334123587187,32.883953869300235,0.40745192766189575,-0.054119545966386795
2024,8,75.10055014108238,32.98483467570686,0.8205628395080566,0.282357394695282
2024,8,75.2930591064692,32.6146389471212,0.7137494087219238,0.2369178682565689
2024,8,74.61662769752719,32.841014398719324,0.6469738483428955,0.2062506526708603
2024,8,75.45969659167336,33.1685401513093,0.24375000596046448,0.005050505045801401
2024,8,75.35082077923808,33.33329117441682,0.7331288456916809,0.17433099448680878
2024,8,75.41819442554704,32.9144965889603,0.6911506652832031,0.24350230395793915
2024,8,75.3735481559263,33.2669955064488,0.34444013237953186,0.0898241177201271
2024,8,75.33689689233422,33.461390933932265,0.7125434875488281,0.2052566558122635
2024,8,75.30329990070815,33.24866987465276,0.7878289222717285,0.2706019878387451
2024,8,75.10486205444616,32.86859267794179,0.6791259050369263,0.19721196591854095
2024,8,74.61519039307261,32.58364706981908,0.5908571481704712,0.13090908527374268
2024,8,75.05087330587057,32.91961698607978,0.48592624068260193,0.12091663479804993
2024,8,75.31659496691313,32.53900080019834,0.18414188921451569,0.15831100940704346
2024,8,74.88261885315498,33.28451265448913,0.792741596698761,0.27171215415000916
2024,8,75.52069219946509,33.49489809402992,0.4756903052330017,0.1310330629348755
2024,8,75.53272962427228,32.817658201332215,0.7578475475311279,0.3710288405418396
2024,8,74.84938118764256,32.829336300025766,0.8919443488121033,0.37762072682380676
2024,8,74.69289466514894,32.6740175874015,0.6230491995811462,0.22131888568401337
2024,8,75.68715002161242,32.75693208812573,0.6106767058372498,0.030177617445588112
2024,8,74.52140627741052,32.6492240855598,0.6759000420570374,0.3661058843135834
2024,8,75.51449382400466,32.79555964534287,0.7853211164474487,0.29002320766448975
2024,8,75.84291789187876,33.422493882129885,0.828306257724762,0.3160751461982727
2024,8,75.23610591745602,33.06469490446508,0.7628979086875916,0.18839721381664276
2024,8,75.18319514722138,33.26942095771592,0.46821555495262146,0.13296812772750854
2024,8,75.28299797528706,32.8912302231016,0.7975979447364807,0.3365539312362671
2024,8,75.39420940746105,32.91485591507394,0.8186635375022888,0.2862794101238251
2024,8,75.54557553283519,32.77579670909224,0.6794986724853516,0.1193317398428917
2024,8,74.90893949097969,32.7183045309086,0.9070160388946533,0.34026437997817993
2024,8,75.17897306538602,33.23483581927732,0.7530077695846558,0.30334123969078064
2024,8,74.93741608548628,33.05023202839076,0.19420988857746124,0.043478261679410934
2024,8,75.4885325122936,32.926803508352734,0.7032833695411682,0.1550302356481552
2024,8,75.27608094759934,33.069186480885676,0.5012328028678894,0.027235478162765503
2024,8,75.50982258452723,32.61607625157579,0.7695513367652893,0.2539958357810974
2024,8,75.45583383595165,32.671951462248025,0.8236764669418335,0.33855903148651123
2024,8,74.83923022493201,33.3384115715363,-0.03080873005092144,-0.11480455845594406
2024,8,75.75946440198405,32.81828702203109,0.7602581977844238,0.2986394464969635
2024,8,75.7448218628529,32.881258923447874,0.7374140620231628,0.18266908824443817
2024,8,75.51215820426594,32.93174424241539,0.7485191226005554,0.14613483846187592
2024,8,74.50685356980779,32.815951402292384,0.8800041079521179,0.39522257447242737
2024,8,74.73179171695132,33.284422822960714,0.10486041754484177,0.027385571971535683
2024,8,75.18894436503975,32.59038443444997,0.20345880091190338,0.08407789468765259
2024,8,74.55742872030372,33.236093460675086,0.005544952116906643,0.09568245708942413
2024,8,75.01323389546596,32.89365567436872,0.8472426533699036,0.32929524779319763
2024,8,75.08339231915569,33.26439039212485,0.7869161367416382,0.2740405797958374
2024,8,75.309588107697,33.385752787009395,0.8331471085548401,0.2549719512462616
2024,8,74.87839677131963,32.765376251796454,0.8960709571838379,0.2858861982822418
2024,8,75.62022553294553,33.35143714315603,0.7246654033660889,0.13578173518180847
2024,8,75.08617709653647,32.84424833374215,0.7783651947975159,0.2612609565258026
2024,8,75.14834051419754,33.13656012719464,0.7959446310997009,0.23807410895824432
2024,8,75.48278329447524,32.997411089684526,0.7986221313476562,0.2817220687866211
2024,8,75.77168148984808,32.63754598686625,0.1372375637292862,-0.0011645962949842215
2024,8,75.57117751843259,33.33535729957029,-0.016997167840600014,0.1451357901096344
2024,8,75.17448148896541,33.13961439916065,0.030282750725746155,0.0500468909740448
2024,8,75.82692787982143,32.848919573219575,0.28033867478370667,0.032233599573373795
2024,8,75.08069737330334,32.91916782843772,0.4808225929737091,-0.03930186852812767
2024,8,75.5291363631358,33.02561818960588,0.6728498935699463,0.2696245610713959
2024,8,75.59103028621163,33.301850139472634,0.47223928570747375,0.02277255989611149
2024,8,75.38190248806862,33.194591294548765,0.5330897569656372,0.20139993727207184
2024,8,74.55176933401377,33.35673720333234,0.7057403922080994,0.4156893193721771
2024,8,75.56219436559141,32.9445901509783,0.8740843534469604,0.3667340576648712
2024,8,75.37291933522742,33.14814839435979,0.277255117893219,-0.025337837636470795
2024,8,74.68723527885899,33.204382931145666,0.5961517691612244,0.20669454336166382
2024,8,74.83060639820447,32.78370188359249,0.8704545497894287,0.27153339982032776
2024,8,74.94738738514,32.95096818949555,0.6289308071136475,0.0959097295999527
2024,8,74.76251409966821,33.02993010296966,0.895368754863739,0.3123515546321869
2024,8,75.01736614577291,32.716058742698294,0.7997599244117737,0.24872331321239471
2024,8,74.77176674709463,33.31604352096172,0.46014297008514404,0.23917105793952942
2024,8,75.21382769840986,33.47549448389294,0.5482605695724487,0.04463110491633415
2024,8,74.88468497830846,33.45914514572196,0.46338966488838196,0.12741617858409882
2024,8,75.74724731412003,32.777323845075244,-0.01279707532376051,0.14406779408454895
2024,8,74.6940624750183,32.62011867035433,0.8176364898681641,0.32401135563850403
2024,8,75.03623076673942,33.20447276267408,0.7757939696311951,0.14807620644569397
2024,8,74.92322270399718,33.10044785277304,0.8692792654037476,0.3608207106590271
2024,8,75.60666097215532,32.9859126540478,0.7792448997497559,0.392315149307251
2024,8,75.81111753082092,32.536126191289156,0.8081587553024292,0.2720573842525482
2024,8,74.82674364248275,33.33383016358729,0.8299145102500916,0.23679837584495544
2024,8,75.28326746987229,32.59155224431933,0.6407857537269592,0.20965516567230225
2024,8,74.61716668669767,33.4346211384655,0.22776666283607483,0.08171117305755615
2024,8,75.74248624311419,32.95833437482533,0.7709090709686279,0.37279775738716125
2024,8,74.64582294426108,32.66135134189542,0.7256951928138733,0.2856697738170624
2024,8,75.07701428063845,32.53953978936881,0.03482750430703163,0.1032571867108345
2024,8,75.67753804807235,33.37685946569661,0.714030385017395,0.3189796507358551
2024,8,74.74868004429277,32.64042059577543,0.16505955159664154,-0.09215469658374786
2024,8,75.66343449811167,33.4864539303592,0.821718156337738,0.3939017653465271
2024,8,75.70251121297088,32.503158020361965,-0.5059844851493835,0.0267218966037035
2024,8,74.85710669908599,33.042955674589386,0.8195583820343018,0.22827938199043274
2024,8,75.86411813258397,32.62470007830334,0.6346749067306519,0.3534991145133972
2024,8,75.35091061076649,32.60987787611537,0.19527767598628998,0.08401616662740707
2024,8,74.87381536337061,33.49301163193327,0.03649735078215599,0.36497199535369873
2024,8,74.58006626546353,32.811190331286554,0.6540557146072388,0.2020772099494934
2024,8,74.97703178951595,33.20402360503202,-0.01679496094584465,0.08693549782037735
2024,8,75.69577384833998,32.613830463365495,0.6893649697303772,0.20820793509483337
2024,8,74.74463762551423,32.71138750322088,0.5329099297523499,0.04281225427985191
2024,8,75.83025164637267,33.36446271477577,0.4740406274795532,0.027537371963262558
2024,8,75.20026313761964,33.05912534970354,0.7064287066459656,0.24983327090740204
2024,8,74.8571965306144,32.80346481984312,0.8813158273696899,0.30363526940345764
2024,8,75.09821452134366,32.75531512061432,0.7609875202178955,0.2452697604894638
2024,8,75.27365549633221,33.166653689212644,0.7168949842453003,0.2148626744747162
2024,8,75.19002234338069,33.289722883137024,0.7631174921989441,0.17481087148189545
2024,8,75.74437270521084,33.16315025960458,0.5161203145980835,-0.02779708057641983
2024,8,75.08626692806489,33.14805856283137,0.6763427257537842,0.15978577733039856
2024,8,75.39052631479616,33.49319129499009,0.7809658646583557,0.31886860728263855
2024,8,75.46715260853156,32.62703569804205,0.7440389394760132,0.2457420974969864
2024,8,74.79269749321462,33.18515898406551,0.8571428656578064,0.24773596227169037
2024,8,75.71508762694855,33.21821698652111,0.7651176452636719,0.24492594599723816
2024,8,75.2487721629621,32.78891211224039,0.4937421679496765,0.0942012369632721
2024,8,75.63926981696886,32.82403623984946,0.8279311656951904,0.24400871992111206
2024,8,75.87813185101624,33.43641776903374,0.050003889948129654,0.05011655017733574
2024,8,74.78326518273137,32.75504562602908,0.7699461579322815,0.28500354290008545
2024,8,75.82046000977577,33.16297059654776,0.43163537979125977,-0.11865028738975525
2024,8,75.4501744496617,33.073049236607396,0.7492948770523071,0.1773887425661087
2024,8,74.81264009252207,32.527502364561606,0.8229736089706421,0.41545847058296204
2024,8,75.13432679576528,32.99561445911629,0.5913859605789185,0.15118834376335144
2024,8,74.79997384701599,32.928240812807324,0.3568887710571289,0.012743363156914711
2024,8,74.56165080213908,33.43327366553932,0.6499502658843994,0.2547317445278168
2024,8,74.54134887671798,32.6732989351742,0.8257442712783813,0.4211384356021881
2024,8,75.71859105655662,33.15982649305334,0.8172016739845276,0.24596774578094482
2024,8,75.72739454634099,33.382249357401335,0.38787469267845154,0.007691049017012119
2024,8,75.1991851592787,33.01402992244074,0.8255391120910645,0.2647305727005005
2024,8,75.7778798653085,32.8213412939971,0.7875000238418579,0.13592232763767242
2024,8,75.32962053853286,33.19090820188387,0.45255473256111145,0.0339900404214859
2024,8,75.37983636291514,32.69539749116355,0.017618147656321526,0.03229270502924919
2024,8,75.31354069494712,32.854578959509524,0.78573077917099,0.30641892552375793
2024,8,75.2961133784352,33.4180921372377,0.7928994297981262,0.3219076097011566
2024,8,75.77976632740516,33.496604893069744,0.7033390998840332,0.17697209119796753
2024,8,74.80132131994218,33.33203353301905,0.7042419910430908,0.11753519624471664
2024,8,75.80105639963878,32.73312673309657,0.6101123690605164,0.01775568164885044
2024,8,75.36887691644888,32.81352595102526,0.771918535232544,0.32002556324005127
2024,8,75.2193972531714,33.06505423057873,0.5227837562561035,0.1476740539073944
2024,8,74.5076620535635,33.473967347909934,0.652151882648468,0.16396939754486084
2024,8,74.9549332335266,32.74282853816506,0.8457733988761902,0.25267013907432556
2024,8,75.10432306527568,33.36787631285542,0.7989916205406189,0.28519681096076965
2024,8,75.11564183785559,33.35925248612787,0.718120813369751,0.12722478806972504
2024,8,74.92744478583255,32.62658654039999,0.7982773184776306,0.27652859687805176
2024,8,74.66872998400613,32.73384538532386,0.8028455376625061,0.34292203187942505
2024,8,75.53524490706782,33.233398514822724,0.6996073126792908,0.23666666448116302
2024,8,75.45206091175835,32.9746837129963,0.015311666764318943,0.04429993778467178
2024,8,75.6598412369752,32.52552607093654,0.7897498607635498,0.3178114891052246
2024,8,75.04781903390456,32.96210729901863,0.8150737881660461,0.35518983006477356
2024,8,74.7332290214059,32.772113616427355,0.8467360734939575,0.3590160012245178
2024,8,75.09632805924701,32.769508502103406,0.8011764287948608,0.19754067063331604
2024,8,75.78183245255863,32.91907799690931,0.6975361108779907,0.3125739097595215
2024,8,74.90489707220115,32.773281426296705,-0.004566209856420755,-0.07212106883525848
2024,8,75.66244635129914,32.525615902464956,0.8395727872848511,0.27108070254325867
2024,8,74.72900693957055,33.08948840630678,0.8279395699501038,0.20782779157161713
2024,8,74.95232811920266,32.996243279815175,-0.039883267134428024,0.07020872831344604
2024,8,75.40966043034791,32.58095212396672,0.6472710967063904,0.32414793968200684
2024,8,74.70960332943356,32.62901199166711,0.7883234620094299,0.29651427268981934
2024,8,75.871753812499,32.75962703397809,0.209404855966568,0.039688389748334885
2024,8,74.69010988776817,32.739145445500164,0.49552395939826965,0.1606048196554184
2024,8,75.46418816809397,33.33293184830317,0.7663736939430237,0.35552653670310974
2024,8,74.93472113963392,33.36203726350864,0.691493570804596,0.11150182783603668
2024,8,75.49104779508913,32.51483611905552,0.762543261051178,0.28124433755874634
2024,8,74.85108798668239,33.41503786527169,0.7762237787246704,0.1480225920677185
2024,8,75.62938834884355,33.338142076951065,0.7033007144927979,0.339036226272583
2024,8,75.56354183851758,33.10368178779587,0.6998610496520996,0.26160192489624023
2024,8,74.83393016475571,32.645271498309675,0.7114664912223816,0.1584523320198059
2024,8,75.13118269227085,32.6439240253835,0.41894596815109253,0.046751968562603
2024,8,75.40139592973401,32.693960186708956,0.7430070042610168,0.3409549295902252
2024,8,75.23179400409224,33.13386518134229,0.48755186796188354,0.20352496206760406
2024,8,74.9338228243498,33.19845405027048,0.5108028650283813,0.1309904158115387
2024,8,75.28129117624722,33.06092198027178,0.657953679561615,0.17243200540542603
2024,8,75.4337352799623,32.743906516506,0.05228758230805397,0.064714215695858
2024,8,75.68580254868625,33.492831968876445,0.43011653423309326,0.01850440539419651
2024,8,75.14196247568029,32.66180049953748,0.7940810918807983,0.1951623558998108
2024,8,75.14510657917471,33.20950332826515,0.6841840744018555,0.19992834329605103
2024,8,75.3795668683299,32.91764069245472,0.7371649742126465,0.19264021515846252
2024,8,74.81326891322095,33.08131373722129,0.8708333373069763,0.25792330503463745
2024,8,75.86384863799874,33.10601740753458,0.6754836440086365,0.1431649774312973
2024,8,75.72739454634099,32.74462516873329,0.7610355019569397,0.2111390084028244
2024,8,75.0803380471897,33.12416337627379,0.8018991947174072,0.26061204075813293
2024,8,75.19873600163665,33.27427186025017,0.739067554473877,0.31260228157043457
2024,8,75.35055128465284,33.47387751638152,0.2727499008178711,-0.10635359585285187
2024,8,75.71382998555077,32.738965782443344,0.8253254294395447,0.2956989109516144
2024,8,75.422326675854,33.030558923668536,0.013030685484409332,0.1319868415594101
2024,8,74.85674737297234,33.19135735952593,0.8732718825340271,0.2634032666683197
2024,8,74.84785405165955,32.65676993394641,0.7281380295753479,0.21548117697238922
2024,8,74.50119418351784,33.46381638519939,0.8161174654960632,0.33608993887901306
2024,8,75.83752800017403,33.19971169166824,0.8065727949142456,0.21464645862579346
2024,8,75.0022744489997,32.599996407990055,0.8366723656654358,0.334800660610199
2024,8,75.52724990103916,33.10718521740394,0.7635282874107361,0.22378988564014435
2024,8,75.69271957637397,33.468487624676804,0.7928001880645752,0.23442566394805908
2024,8,75.16028810747633,33.40946831051016,0.5600000023841858,0.07619943469762802
2024,8,75.49571903456656,32.61742372450197,0.6255635023117065,0.20955011248588562
2024,8,75.0954297439629,33.38180019975927,0.8139240741729736,0.40574464201927185
2024,8,74.93247535142362,33.292597492046205,0.7612903118133545,0.33774349093437195
2024,8,74.82970808292035,32.94450031944989,0.8418028950691223,0.3020930886268616
2024,8,74.6474399117725,33.11167679382453,0.8343433737754822,0.3419223129749298
2024,8,74.63037192137422,33.45698918904007,0.3032706379890442,0.030475784093141556
2024,8,74.77473118753223,32.88530134222641,0.862118661403656,0.37154990434646606
2024,8,75.57351313817131,32.68758214819171,-0.030530385673046112,0.1126713901758194
2024,8,75.79162408915553,33.21372541010051,0.4750162363052368,-0.07919789105653763
2024,8,75.11393503881577,32.58274875453496,0.041962556540966034,0.04398447647690773
2024,8,74.62543118731156,33.226750981720244,0.33661502599716187,0.1894880086183548
2024,8,75.44137095987733,32.7919663842064,0.8024691343307495,0.3055889904499054
2024,8,75.2863217418383,33.411354772606806,0.7669421434402466,0.2536167800426483
2024,8,75.62247132115583,32.84775176335022,0.35706913471221924,0.10134003311395645
2024,9,74.90103431647944,33.191986180224816,0.7654908895492554,0.2158956080675125
2024,9,75.35980393207927,33.281099056409474,0.4224957525730133,0.054402533918619156
2024,9,74.91334123587187,32.883953869300235,0.41069117188453674,0.004150719847530127
2024,9,75.10055014108238,32.98483467570686,0.6629474759101868,0.22943025827407837
2024,9,75.2930591064692,32.6146389471212,0.6019243001937866,0.19296996295452118
2024,9,74.61662769752719,32.841014398719324,0.858697772026062,0.3728826344013214
2024,9,75.45969659167336,33.1685401513093,0.27938559651374817,0.028016846626996994
2024,9,75.35082077923808,33.33329117441682,0.5783554911613464,0.1404700130224228
2024,9,75.41819442554704,32.9144965889603,0.6976994872093201,0.23872853815555573
2024,9,75.3735481559263,33.2669955064488,0.5996759533882141,-0.11102981120347977
2024,9,75.33689689233422,33.461390933932265,0.759939968585968,0.191467747092247
2024,9,75.30329990070815,33.24866987465276,0.7508367896080017,0.25083932280540466
2024,9,75.10486205444616,32.86859267794179,0.5694339871406555,0.11835945397615433
2024,9,74.61519039307261,32.58364706981908,0.41041162610054016,-0.005251312628388405
2024,9,75.05087330587057,32.91961698607978,0.487737238407135,0.1206931322813034
2024,9,75.31659496691313,32.53900080019834,0.6961435675621033,0.2716548442840576
2024,9,74.88261885315498,33.28451265448913,0.7667201161384583,0.23663131892681122
2024,9,75.52069219946509,33.49489809402992,0.4000583589076996,-0.019615856930613518
2024,9,75.53272962427228,32.817658201332215,0.7534403800964355,0.3729570806026459
2024,9,74.84938118764256,32.829336300025766,0.8001669645309448,0.3500846326351166
2024,9,74.69289466514894,32.6740175874015,0.5754083395004272,0.19988884031772614
2024,9,75.68715002161242,32.75693208812573,0.5215462446212769,0.015724333003163338
2024,9,74.52140627741052,32.6492240855598,0.7545599341392517,0.2789933681488037
2024,9,75.51449382400466,32.79555964534287,0.7327955365180969,0.2852689027786255
2024,9,75.84291789187876,33.422493882129885,0.782961905002594,0.3034738600254059
2024,9,75.23610591745602,33.06469490446508,0.5510132908821106,0.13095462322235107
2024,9,75.18319514722138,33.26942095771592,0.44952109456062317,0.09746967256069183
2024,9,75.28299797528706,32.8912302231016,0.7385469079017639,0.27132028341293335
2024,9,75.39420940746105,32.91485591507394,0.8260446190834045,0.2950891852378845
2024,9,75.54557553283519,32.77579670909224,0.22125747799873352,0.13333050906658173
2024,9,74.90893949097969,32.7183045309086,0.7988876700401306,0.3211508095264435
2024,9,75.17897306538602,33.23483581927732,0.780350923538208,0.31190788745880127
2024,9,74.93741608548628,33.05023202839076,0.5505654215812683,0.2002735733985901
2024,9,75.4885325122936,32.926803508352734,0.7555071711540222,0.13654592633247375
2024,9,75.27608094759934,33.069186480885676,0.40210476517677307,0.06801506876945496
2024,9,75.50982258452723,32.61607625157579,0.4421465992927551,0.09706821292638779
2024,9,75.45583383595165,32.671951462248025,0.5072637796401978,0.25961676239967346
2024,9,74.83923022493201,33.3384115715363,0.02542790398001671,-0.10051753371953964
2024,9,75.75946440198405,32.81828702203109,0.7625648975372314,0.35579773783683777
2024,9,75.7448218628529,32.881258923447874,0.3407743573188782,0.1766403168439865
2024,9,75.51215820426594,32.93174424241539,0.6411061882972717,0.022614145651459694
2024,9,74.50685356980779,32.815951402292384,0.8172134160995483,0.3561624586582184
2024,9,74.73179171695132,33.284422822960714,0.49270710349082947,0.08021632581949234
2024,9,75.18894436503975,32.59038443444997,0.61140376329422,0.1885618418455124
2024,9,74.55742872030372,33.236093460675086,0.6840364336967468,0.23637455701828003
2024,9,75.01323389546596,32.89365567436872,0.7036774158477783,0.2470777928829193
2024,9,75.08339231915569,33.26439039212485,0.641106903553009,0.16418111324310303
2024,9,75.309588107697,33.385752787009395,0.792095422744751,0.16461893916130066
2024,9,74.87839677131963,32.765376251796454,0.8031532168388367,0.2900964021682739
2024,9,75.62022553294553,33.35143714315603,0.4562378525733948,0.07768557220697403
2024,9,75.08617709653647,32.84424833374215,0.7320113182067871,0.24557580053806305
2024,9,75.14834051419754,33.13656012719464,0.7704546451568604,0.21074478328227997
2024,9,75.48278329447524,32.997411089684526,0.7981244921684265,0.3102789521217346
2024,9,75.77168148984808,32.63754598686625,0.33188003301620483,0.20224958658218384
2024,9,75.57117751843259,33.33535729957029,0.12667793035507202,0.13732394576072693
2024,9,75.17448148896541,33.13961439916065,0.14499324560165405,0.15515358746051788
2024,9,75.82692787982143,32.848919573219575,0.3204098641872406,0.13055481016635895
2024,9,75.08069737330334,32.91916782843772,0.4449639618396759,-0.02152877114713192
2024,9,75.5291363631358,33.02561818960588,0.7064955830574036,0.2743810713291168
2024,9,75.59103028621163,33.301850139472634,0.04833843186497688,0.1728537678718567
2024,9,75.38190248806862,33.194591294548765,0.6436819434165955,0.13284964859485626
2024,9,74.55176933401377,33.35673720333234,0.7648612856864929,0.315824031829834
2024,9,75.56219436559141,32.9445901509783,0.8040527105331421,0.2834348976612091
2024,9,75.37291933522742,33.14814839435979,0.23759576678276062,-0.07339370250701904
2024,9,74.68723527885899,33.204382931145666,0.8561797142028809,0.24979962408542633
2024,9,74.83060639820447,32.78370188359249,0.7939227819442749,0.2416313886642456
2024,9,74.94738738514,32.95096818949555,0.5383931994438171,0.11939768493175507
2024,9,74.76251409966821,33.02993010296966,0.8544031381607056,0.2762409448623657
2024,9,75.01736614577291,32.716058742698294,0.6072996258735657,0.23423989117145538
2024,9,74.77176674709463,33.31604352096172,0.7702534794807434,0.20795921981334686
2024,9,75.21382769840986,33.47549448389294,0.503961980342865,-0.0668872594833374
2024,9,74.88468497830846,33.45914514572196,0.31230077147483826,0.045348260551691055
2024,9,75.74724731412003,32.777323845075244,0.018393076956272125,0.2105153352022171
2024,9,74.6940624750183,32.62011867035433,0.7832551002502441,0.33822304010391235
2024,9,75.03623076673942,33.20447276267408,0.7582137584686279,0.17818361520767212
2024,9,74.92322270399718,33.10044785277304,0.7881015539169312,0.31638118624687195
2024,9,75.60666097215532,32.9859126540478,0.8195170164108276,0.42226099967956543
2024,9,75.81111753082092,32.536126191289156,0.8183538317680359,0.24093519151210785
2024,9,74.82674364248275,33.33383016358729,0.8375125527381897,0.2373833954334259
2024,9,75.28326746987229,32.59155224431933,0.4980466067790985,0.15444178879261017
2024,9,74.61716668669767,33.4346211384655,0.03999999910593033,0.03928004205226898
2024,9,75.74248624311419,32.95833437482533,0.7611468434333801,0.3890986740589142
2024,9,74.64582294426108,32.66135134189542,0.4815238118171692,0.19372430443763733
2024,9,75.07701428063845,32.53953978936881,0.08666499704122543,0.04318276420235634
2024,9,75.67753804807235,33.37685946569661,0.7255088090896606,0.3562859296798706
2024,9,74.74868004429277,32.64042059577543,0.22029966115951538,-0.07250550389289856
2024,9,75.66343449811167,33.4864539303592,0.7728683948516846,0.314587265253067
2024,9,75.70251121297088,32.503158020361965,-0.30085960030555725,0.1609589010477066
2024,9,74.85710669908599,33.042955674589386,0.7825031280517578,0.2531905472278595
2024,9,75.86411813258397,32.62470007830334,0.8242047429084778,0.27940988540649414
2024,9,75.35091061076649,32.60987787611537,0.5695293545722961,0.2327142357826233
2024,9,74.87381536337061,33.49301163193327,0.03228309005498886,0.3667365312576294
2024,9,74.58006626546353,32.811190331286554,0.6404376029968262,0.20534957945346832
2024,9,74.97703178951595,33.20402360503202,0.5363959074020386,0.13131926953792572
2024,9,75.69577384833998,32.613830463365495,0.43917569518089294,0.16235879063606262
2024,9,74.74463762551423,32.71138750322088,0.5728423595428467,0.12492989748716354
2024,9,75.83025164637267,33.36446271477577,0.4526560604572296,0.0003084999043494463
2024,9,75.20026313761964,33.05912534970354,0.43945786356925964,0.14387187361717224
2024,9,74.8571965306144,32.80346481984312,0.7405657172203064,0.24806345999240875
2024,9,75.09821452134366,32.75531512061432,0.5553679466247559,0.16303043067455292
2024,9,75.27365549633221,33.166653689212644,0.7868009805679321,0.22570031881332397
2024,9,75.19002234338069,33.289722883137024,0.7295486330986023,0.1201326996088028
2024,9,75.74437270521084,33.16315025960458,0.4992002546787262,-0.056171715259552
2024,9,75.08626692806489,33.14805856283137,0.5996252298355103,0.13192099332809448
2024,9,75.39052631479616,33.49319129499009,0.7761757373809814,0.2854406237602234
2024,9,75.46715260853156,32.62703569804205,0.38618043065071106,0.13598354160785675
2024,9,74.79269749321462,33.18515898406551,0.8549308180809021,0.24100689589977264
2024,9,75.71508762694855,33.21821698652111,0.4022192656993866,0.19311822950839996
2024,9,75.2487721629621,32.78891211224039,0.47082000970840454,0.14249469339847565
2024,9,75.63926981696886,32.82403623984946,0.41925176978111267,0.19311685860157013
2024,9,75.87813185101624,33.43641776903374,0.3419452905654907,0.058118633925914764
2024,9,74.78326518273137,32.75504562602908,0.7114415168762207,0.2673056721687317
2024,9,75.82046000977577,33.16297059654776,0.3775009214878082,-0.1761108636856079
2024,9,75.4501744496617,33.073049236607396,0.7634565830230713,0.1951119750738144
2024,9,74.81264009252207,32.527502364561606,0.7711156010627747,0.33411484956741333
2024,9,75.13432679576528,32.99561445911629,0.5347096920013428,0.11157873272895813
2024,9,74.79997384701599,32.928240812807324,0.6400718688964844,0.14601467549800873
2024,9,74.56165080213908,33.43327366553932,0.6518290042877197,0.27743086218833923
2024,9,74.54134887671798,32.6732989351742,0.8340405821800232,0.36864733695983887
2024,9,75.71859105655662,33.15982649305334,0.8021089434623718,0.2706363797187805
2024,9,75.72739454634099,33.382249357401335,0.4652186930179596,-0.008032169193029404
2024,9,75.1991851592787,33.01402992244074,0.7626240253448486,0.21636146306991577
2024,9,75.7778798653085,32.8213412939971,0.7800491452217102,0.20680029690265656
2024,9,75.32962053853286,33.19090820188387,0.44128546118736267,0.015329117886722088
2024,9,75.37983636291514,32.69539749116355,0.4174622595310211,0.22670961916446686
2024,9,75.31354069494712,32.854578959509524,0.6885087490081787,0.2690439224243164
2024,9,75.2961133784352,33.4180921372377,0.7923832535743713,0.24924282729625702
2024,9,75.77976632740516,33.496604893069744,0.7357831597328186,0.17737378180027008
2024,9,74.80132131994218,33.33203353301905,0.7955853939056396,0.1329377144575119
2024,9,75.80105639963878,32.73312673309657,0.6053059101104736,0.052106112241744995
2024,9,75.36887691644888,32.81352595102526,0.7136561870574951,0.29059064388275146
2024,9,75.2193972531714,33.06505423057873,0.010414007119834423,0.074766606092453
2024,9,74.5076620535635,33.473967347909934,0.48430928587913513,-0.002414928749203682
2024,9,74.9549332335266,32.74282853816506,0.7032980918884277,0.3102635443210602
2024,9,75.10432306527568,33.36787631285542,0.712195098400116,0.22558923065662384
2024,9,75.11564183785559,33.35925248612787,0.7433153986930847,0.11977660655975342
2024,9,74.92744478583255,32.62658654039999,0.6166372299194336,0.2602214217185974
2024,9,74.66872998400613,32.73384538532386,0.3943500816822052,0.075496144592762
2024,9,75.53524490706782,33.233398514822724,0.779472827911377,0.3076835572719574
2024,9,75.45206091175835,32.9746837129963,0.7370859384536743,0.19302017986774445
2024,9,75.6598412369752,32.52552607093654,0.7502138614654541,0.28141963481903076
2024,9,75.04781903390456,32.96210729901863,0.7125170230865479,0.2879144251346588
2024,9,74.7332290214059,32.772113616427355,0.8115120530128479,0.4096495807170868
2024,9,75.09632805924701,32.769508502103406,0.6082901954650879,0.2060367912054062
2024,9,75.78183245255863,32.91907799690931,0.7848520278930664,0.3966194689273834
2024,9,74.90489707220115,32.773281426296705,0.04370635747909546,-0.08803793042898178
2024,9,75.66244635129914,32.525615902464956,0.7939502596855164,0.23479695618152618
2024,9,74.72900693957055,33.08948840630678,0.8002424240112305,0.13580213487148285
2024,9,74.95232811920266,32.996243279815175,0.391295850276947,0.2539489269256592
2024,9,75.40966043034791,32.58095212396672,0.47785717248916626,0.26490160822868347
2024,9,74.70960332943356,32.62901199166711,0.7815073728561401,0.32273611426353455
2024,9,75.871753812499,32.75962703397809,0.26297205686569214,0.19414794445037842
2024,9,74.69010988776817,32.739145445500164,0.30711624026298523,0.055310022085905075
2024,9,75.46418816809397,33.33293184830317,0.7690312266349792,0.360735148191452
2024,9,74.93472113963392,33.36203726350864,0.7195345759391785,0.027291812002658844
2024,9,75.49104779508913,32.51483611905552,0.7666599154472351,0.323028028011322
2024,9,74.85108798668239,33.41503786527169,0.7558839917182922,0.12342468649148941
2024,9,75.62938834884355,33.338142076951065,0.7003058195114136,0.22595490515232086
2024,9,75.56354183851758,33.10368178779587,0.7444230318069458,0.3213641345500946
2024,9,74.83393016475571,32.645271498309675,0.7268815040588379,0.23598948121070862
2024,9,75.13118269227085,32.6439240253835,0.3310777246952057,0.05819518864154816
2024,9,75.40139592973401,32.693960186708956,0.7196907997131348,0.34896761178970337
2024,9,75.23179400409224,33.13386518134229,0.45437556505203247,0.09227826446294785
2024,9,74.9338228243498,33.19845405027048,0.6237581372261047,0.18317076563835144
2024,9,75.28129117624722,33.06092198027178,0.6528365612030029,0.20949871838092804
2024,9,75.4337352799623,32.743906516506,0.7534626722335815,0.31871697306632996
2024,9,75.68580254868625,33.492831968876445,0.5164214968681335,0.07154284417629242
2024,9,75.14196247568029,32.66180049953748,0.6609001755714417,0.1429927945137024
2024,9,75.14510657917471,33.20950332826515,0.7371267676353455,0.2259606420993805
2024,9,75.3795668683299,32.91764069245472,0.7214533686637878,0.1367364078760147
2024,9,74.81326891322095,33.08131373722129,0.8117530345916748,0.19892635941505432
2024,9,75.86384863799874,33.10601740753458,0.6368916630744934,0.08904223889112473
2024,9,75.72739454634099,32.74462516873329,0.07069658488035202,0.15134379267692566
2024,9,75.0803380471897,33.12416337627379,0.787183403968811,0.245078906416893
2024,9,75.19873600163665,33.27427186025017,0.6343660950660706,0.18882733583450317
2024,9,75.35055128465284,33.47387751638152,0.2399626523256302,-0.11525649577379227
2024,9,75.71382998555077,32.738965782443344,0.501808762550354,0.08135264366865158
2024,9,75.422326675854,33.030558923668536,0.7192475199699402,0.1559336632490158
2024,9,74.85674737297234,33.19135735952593,0.8838346004486084,0.28902867436408997
2024,9,74.84785405165955,32.65676993394641,0.7029504179954529,0.3080381453037262
2024,9,74.50119418351784,33.46381638519939,0.7907949686050415,0.33679765462875366
2024,9,75.83752800017403,33.19971169166824,0.7602314949035645,0.16598394513130188
2024,9,75.0022744489997,32.599996407990055,0.5905376672744751,0.2416706383228302
2024,9,75.52724990103916,33.10718521740394,0.7779793739318848,0.19607003033161163
2024,9,75.69271957637397,33.468487624676804,0.7902709245681763,0.18190255761146545
2024,9,75.16028810747633,33.40946831051016,0.6004090905189514,0.08576662093400955
2024,9,75.49571903456656,32.61742372450197,0.36017197370529175,0.1343131810426712
2024,9,75.0954297439629,33.38180019975927,0.8242462873458862,0.41378384828567505
2024,9,74.93247535142362,33.292597492046205,0.818164050579071,0.3010183274745941
2024,9,74.82970808292035,32.94450031944989,0.6321620941162109,0.2819344997406006
2024,9,74.6474399117725,33.11167679382453,0.6419937014579773,0.10723624378442764
2024,9,74.63037192137422,33.45698918904007,0.3082386255264282,0.048830270767211914
2024,9,74.77473118753223,32.88530134222641,0.7545124292373657,0.3541141748428345
2024,9,75.57351313817131,32.68758214819171,0.3695368766784668,0.21872979402542114
2024,9,75.79162408915553,33.21372541010051,0.5044974684715271,-0.09979159384965897
2024,9,75.11393503881577,32.58274875453496,0.16659802198410034,0.0911087766289711
2024,9,74.62543118731156,33.226750981720244,0.6752798557281494,0.23957453668117523
2024,9,75.44137095987733,32.7919663842064,0.5662077069282532,0.28783050179481506
2024,9,75.2863217418383,33.411354772606806,0.7990427017211914,0.21265721321105957
2024,9,75.62247132115583,32.84775176335022,0.27559593319892883,0.1892775148153305
2025,6,74.90103431647944,33.191986180224816,0.5625888109207153,0.14529983699321747
2025,6,75.35980393207927,33.281099056409474,0.25641027092933655,-0.010309278033673763
2025,6,74.91334123587187,32.883953869300235,0.2721240520477295,-0.0940520390868187
2025,6,75.10055014108238,32.98483467570686,0.5826186537742615,0.07677432149648666
2025,6,75.2930591064692,32.6146389471212,0.28381702303886414,-0.06148867309093475
2025,6,74.61662769752719,32.841014398719324,0.4612215459346771,0.0098055275157094
2025,6,75.45969659167336,33.1685401513093,0.17840375006198883,-0.024644549936056137
2025,6,75.35082077923808,33.33329117441682,0.4269287884235382,0.05619146674871445
2025,6,75.41819442554704,32.9144965889603,0.49692413210868835,0.11996042728424072
2025,6,75.3735481559263,33.2669955064488,0.34946757555007935,0.04083225131034851
2025,6,75.33689689233422,33.461390933932265,0.6797997951507568,0.12624776363372803
2025,6,75.30329990070815,33.24866987465276,0.7172671556472778,0.19682005047798157
2025,6,75.10486205444616,32.86859267794179,0.4186617434024811,-0.043659910559654236
2025,6,74.61519039307261,32.58364706981908,0.40469974279403687,0.025264643132686615
2025,6,75.05087330587057,32.91961698607978,0.4184293746948242,0.019513865932822227
2025,6,75.31659496691313,32.53900080019834,0.6009944081306458,0.036411184817552567
2025,6,74.88261885315498,33.28451265448913,0.5022066831588745,0.13867156207561493
2025,6,75.52069219946509,33.49489809402992,0.18672268092632294,0.07962863892316818
2025,6,75.53272962427228,32.817658201332215,0.7525040507316589,0.37899544835090637
2025,6,74.84938118764256,32.829336300025766,0.6181076169013977,0.1401466578245163
2025,6,74.69289466514894,32.6740175874015,0.08873097598552704,-0.09890300780534744
2025,6,75.68715002161242,32.75693208812573,0.3393521010875702,-0.08936471492052078
2025,6,74.52140627741052,32.6492240855598,0.08310119062662125,-0.12182271480560303
2025,6,75.51449382400466,32.79555964534287,0.4761385917663574,0.13695871829986572
2025,6,75.84291789187876,33.422493882129885,0.7387105822563171,0.26828256249427795
2025,6,75.23610591745602,33.06469490446508,0.581850528717041,0.05240106210112572
2025,6,75.18319514722138,33.26942095771592,0.34227803349494934,0.10110770910978317
2025,6,75.28299797528706,32.8912302231016,0.41923075914382935,0.04126984253525734
2025,6,75.39420940746105,32.91485591507394,0.6891727447509766,0.1599999964237213
2025,6,75.54557553283519,32.77579670909224,0.5405973792076111,0.09839817136526108
2025,6,74.90893949097969,32.7183045309086,0.3424634635448456,0.08759573101997375
2025,6,75.17897306538602,33.23483581927732,0.46098002791404724,0.1125226840376854
2025,6,74.93741608548628,33.05023202839076,0.5324243903160095,0.07907607406377792
2025,6,75.4885325122936,32.926803508352734,0.04552590101957321,0.15848472714424133
2025,6,75.27608094759934,33.069186480885676,0.5007108449935913,0.09278350323438644
2025,6,75.50982258452723,32.61607625157579,0.4660869538784027,0.06725747883319855
2025,6,75.45583383595165,32.671951462248025,0.5445154905319214,0.08933217823505402
2025,6,74.83923022493201,33.3384115715363,0.021705426275730133,-0.08157698810100555
2025,6,75.75946440198405,32.81828702203109,0.6699690222740173,0.30731943249702454
2025,6,75.7448218628529,32.881258923447874,0.449031800031662,0.2073671668767929
2025,6,75.51215820426594,32.93174424241539,0.0033416158985346556,0.19631719589233398
2025,6,74.50685356980779,32.815951402292384,0.11855597048997879,-0.05311853438615799
2025,6,74.73179171695132,33.284422822960714,0.6191020607948303,0.13511966168880463
2025,6,75.18894436503975,32.59038443444997,0.5055055022239685,-0.031429536640644073
2025,6,74.55742872030372,33.236093460675086,0.45741885900497437,0.11672179400920868
2025,6,75.01323389546596,32.89365567436872,0.2532637119293213,-0.051144666969776154
2025,6,75.08339231915569,33.26439039212485,0.6048070192337036,0.14833801984786987
2025,6,75.309588107697,33.385752787009395,0.06464260816574097,0.21193505823612213
2025,6,74.87839677131963,32.765376251796454,0.3290287256240845,0.048363879323005676
2025,6,75.62022553294553,33.35143714315603,0.7156959772109985,0.19540229439735413
2025,6,75.08617709653647,32.84424833374215,0.39444172382354736,0.017751479521393776
2025,6,75.14834051419754,33.13656012719464,0.5218083262443542,0.06506238877773285
2025,6,75.48278329447524,32.997411089684526,0.7461873888969421,0.23162445425987244
2025,6,75.77168148984808,32.63754598686625,0.7301509976387024,0.25734513998031616
2025,6,75.57117751843259,33.33535729957029,-0.0068815648555755615,0.10164136439561844
2025,6,75.17448148896541,33.13961439916065,0.77376389503479,0.30339187383651733
2025,6,75.82692787982143,32.848919573219575,-0.04340425506234169,0.21885721385478973
2025,6,75.08069737330334,32.91916782843772,0.28387734293937683,-0.03550408035516739
2025,6,75.5291363631358,33.02561818960588,0.18702483177185059,0.17941486835479736
2025,6,75.59103028621163,33.301850139472634,0.02592388354241848,0.09830701351165771
2025,6,75.38190248806862,33.194591294548765,0.6616137027740479,0.1953931748867035
2025,6,74.55176933401377,33.35673720333234,0.49300116300582886,0.20777416229248047
2025,6,75.56219436559141,32.9445901509783,0.030157683417201042,0.17944876849651337
2025,6,75.37291933522742,33.14814839435979,0.2813659906387329,0.03309464082121849
2025,6,74.68723527885899,33.204382931145666,0.7331054210662842,0.16675549745559692
2025,6,74.83060639820447,32.78370188359249,0.7264438271522522,0.1666642129421234
2025,6,74.94738738514,32.95096818949555,0.1573626697063446,0.012909169308841228
2025,6,74.76251409966821,33.02993010296966,0.5548402667045593,-0.009864027611911297
2025,6,75.01736614577291,32.716058742698294,0.38265615701675415,-0.025224454700946808
2025,6,74.77176674709463,33.31604352096172,0.548056423664093,0.1352566033601761
2025,6,75.21382769840986,33.47549448389294,0.43093252182006836,0.020583923906087875
2025,6,74.88468497830846,33.45914514572196,-0.028846153989434242,0.1808856576681137
2025,6,75.74724731412003,32.777323845075244,0.2768079936504364,-0.028462998569011688
2025,6,74.6940624750183,32.62011867035433,0.08584278076887131,-0.11986285448074341
2025,6,75.03623076673942,33.20447276267408,0.6378492116928101,0.07508650422096252
2025,6,74.92322270399718,33.10044785277304,0.5359283089637756,0.020770039409399033
2025,6,75.60666097215532,32.9859126540478,0.7150259017944336,0.3196364939212799
2025,6,75.81111753082092,32.536126191289156,0.6785260438919067,0.09309060871601105
2025,6,74.82674364248275,33.33383016358729,0.7495266795158386,0.18743668496608734
2025,6,75.28326746987229,32.59155224431933,0.3409632742404938,-0.028502332046628
2025,6,74.61716668669767,33.4346211384655,-0.028161952272057533,0.11147002130746841
2025,6,75.74248624311419,32.95833437482533,0.7684963941574097,0.3280094563961029
2025,6,74.64582294426108,32.66135134189542,0.18879148364067078,-0.034074798226356506
2025,6,75.07701428063845,32.53953978936881,0.06579292565584183,-0.16639411449432373
2025,6,75.67753804807235,33.37685946569661,0.7298245429992676,0.27116459608078003
2025,6,74.74868004429277,32.64042059577543,0.06896510720252991,-0.08999983221292496
2025,6,75.66343449811167,33.4864539303592,0.7917879819869995,0.309749037027359
2025,6,75.70251121297088,32.503158020361965,-0.15511955320835114,-0.18124283850193024
2025,6,74.85710669908599,33.042955674589386,0.5554090142250061,0.019306335598230362
2025,6,75.86411813258397,32.62470007830334,0.32415902614593506,-0.03866789862513542
2025,6,75.35091061076649,32.60987787611537,0.5171025991439819,0.09632860869169235
2025,6,74.87381536337061,33.49301163193327,-0.028643639758229256,0.33030828833580017
2025,6,74.58006626546353,32.811190331286554,0.3549630641937256,0.06351218372583389
2025,6,74.97703178951595,33.20402360503202,0.4929182529449463,0.0063730524852871895
2025,6,75.69577384833998,32.613830463365495,0.5330073237419128,0.09447959810495377
2025,6,74.74463762551423,32.71138750322088,0.34359845519065857,-0.036764562129974365
2025,6,75.83025164637267,33.36446271477577,0.49696528911590576,0.08142612129449844
2025,6,75.20026313761964,33.05912534970354,0.6131017804145813,0.056283287703990936
2025,6,74.8571965306144,32.80346481984312,0.44293412566185,0.07326320558786392
2025,6,75.09821452134366,32.75531512061432,0.3919753134250641,-0.005147058982402086
2025,6,75.27365549633221,33.166653689212644,0.567433774471283,0.1281197965145111
2025,6,75.19002234338069,33.289722883137024,0.6766955852508545,0.1650085747241974
2025,6,75.74437270521084,33.16315025960458,0.3729729652404785,-0.09159005433320999
2025,6,75.08626692806489,33.14805856283137,0.4524555802345276,0.08002371340990067
2025,6,75.39052631479616,33.49319129499009,0.43029043078422546,0.14308801293373108
2025,6,75.46715260853156,32.62703569804205,0.4297047257423401,0.007735148537904024
2025,6,74.79269749321462,33.18515898406551,0.7354382276535034,0.14349475502967834
2025,6,75.71508762694855,33.21821698652111,0.6666092872619629,0.2520051598548889
2025,6,75.2487721629621,32.78891211224039,0.30709677934646606,-0.1289462000131607
2025,6,75.63926981696886,32.82403623984946,-0.02864559181034565,0.24961240589618683
2025,6,75.87813185101624,33.43641776903374,0.6982790231704712,0.22616562247276306
2025,6,74.78326518273137,32.75504562602908,0.5881111025810242,0.1602124273777008
2025,6,75.82046000977577,33.16297059654776,0.2678946256637573,-0.16382303833961487
2025,6,75.4501744496617,33.073049236607396,0.7987523674964905,0.26045462489128113
2025,6,74.81264009252207,32.527502364561606,0.077625572681427,-0.11674973368644714
2025,6,75.13432679576528,32.99561445911629,0.35733193159103394,0.020700637251138687
2025,6,74.79997384701599,32.928240812807324,0.12564872205257416,-0.08042057603597641
2025,6,74.56165080213908,33.43327366553932,0.503907322883606,0.16415920853614807
2025,6,74.54134887671798,32.6732989351742,0.11270458996295929,-0.06172647327184677
2025,6,75.71859105655662,33.15982649305334,0.620305597782135,0.08354898542165756
2025,6,75.72739454634099,33.382249357401335,0.2742844223976135,-0.031035201624035835
2025,6,75.1991851592787,33.01402992244074,0.700105607509613,0.10760887712240219
2025,6,75.7778798653085,32.8213412939971,0.713203489780426,0.15036293864250183
2025,6,75.32962053853286,33.19090820188387,0.30858126282691956,-0.008753958158195019
2025,6,75.37983636291514,32.69539749116355,0.48967888951301575,0.051779936999082565
2025,6,75.31354069494712,32.854578959509524,0.7409356832504272,0.1780034452676773
2025,6,75.2961133784352,33.4180921372377,0.016788089647889137,0.19789081811904907
2025,6,75.77976632740516,33.496604893069744,0.7085792422294617,0.24386151134967804
2025,6,74.80132131994218,33.33203353301905,0.5893555283546448,0.1274641752243042
2025,6,75.80105639963878,32.73312673309657,0.5136330127716064,0.019990088418126106
2025,6,75.36887691644888,32.81352595102526,0.5286731123924255,0.16465741395950317
2025,6,75.2193972531714,33.06505423057873,0.3433167040348053,0.03195568919181824
2025,6,74.5076620535635,33.473967347909934,0.06135062128305435,-0.012300249189138412
2025,6,74.9549332335266,32.74282853816506,0.2980489730834961,0.02533786930143833
2025,6,75.10432306527568,33.36787631285542,0.7343953847885132,0.2592967748641968
2025,6,75.11564183785559,33.35925248612787,0.3056657314300537,0.11652132123708725
2025,6,74.92744478583255,32.62658654039999,0.15717262029647827,0.05444902926683426
2025,6,74.66872998400613,32.73384538532386,0.14419575035572052,-0.12652532756328583
2025,6,75.53524490706782,33.233398514822724,0.46113988757133484,0.23161189258098602
2025,6,75.45206091175835,32.9746837129963,0.0587422251701355,0.1427505761384964
2025,6,75.6598412369752,32.52552607093654,0.6830531358718872,0.20832860469818115
2025,6,75.04781903390456,32.96210729901863,0.5066632032394409,0.0589371994137764
2025,6,74.7332290214059,32.772113616427355,0.08176282793283463,-0.06037840247154236
2025,6,75.09632805924701,32.769508502103406,0.49377089738845825,-0.0063226595520973206
2025,6,75.78183245255863,32.91907799690931,0.7517270445823669,0.30298101902008057
2025,6,74.90489707220115,32.773281426296705,0.05065995827317238,-0.04789326339960098
2025,6,75.66244635129914,32.525615902464956,0.7096246480941772,0.10072430223226547
2025,6,74.72900693957055,33.08948840630678,0.44370511174201965,-0.04789319634437561
2025,6,74.95232811920266,32.996243279815175,0.6308005452156067,0.07430852949619293
2025,6,75.40966043034791,32.58095212396672,0.4516128897666931,-0.0035587188322097063
2025,6,74.70960332943356,32.62901199166711,0.1094045341014862,-0.11918389052152634
2025,6,75.871753812499,32.75962703397809,0.6506096124649048,0.1271304190158844
2025,6,74.69010988776817,32.739145445500164,0.7113381028175354,0.27816373109817505
2025,6,75.46418816809397,33.33293184830317,-0.0005293806316331029,0.1250651776790619
2025,6,74.93472113963392,33.36203726350864,0.02886686846613884,0.19955207407474518
2025,6,75.49104779508913,32.51483611905552,0.5894439816474915,0.10727294534444809
2025,6,74.85108798668239,33.41503786527169,0.589320182800293,0.07331663370132446
2025,6,75.62938834884355,33.338142076951065,0.4542815685272217,0.10059171915054321
2025,6,75.56354183851758,33.10368178779587,0.7486165761947632,0.28716903924942017
2025,6,74.83393016475571,32.645271498309675,0.43768686056137085,0.04103376343846321
2025,6,75.13118269227085,32.6439240253835,0.23084431886672974,-0.060707636177539825
2025,6,75.40139592973401,32.693960186708956,0.466799795627594,0.09179616719484329
2025,6,75.23179400409224,33.13386518134229,0.5489946603775024,0.1448724865913391
2025,6,74.9338228243498,33.19845405027048,0.5050671100616455,0.10356185585260391
2025,6,75.28129117624722,33.06092198027178,0.5510203838348389,0.17419853806495667
2025,6,75.4337352799623,32.743906516506,0.7937092781066895,0.2578813433647156
2025,6,75.68580254868625,33.492831968876445,0.4747903645038605,0.09533771127462387
2025,6,75.14196247568029,32.66180049953748,0.43484774231910706,-0.022448979318141937
2025,6,75.14510657917471,33.20950332826515,0.3716641366481781,0.10430463403463364
2025,6,75.3795668683299,32.91764069245472,0.6671642065048218,0.160927876830101
2025,6,74.81326891322095,33.08131373722129,0.3008285164833069,-0.016270292922854424
2025,6,75.86384863799874,33.10601740753458,0.4684358537197113,0.06422018259763718
2025,6,75.72739454634099,32.74462516873329,0.536626935005188,0.22676429152488708
2025,6,75.0803380471897,33.12416337627379,0.5464171171188354,0.09273625165224075
2025,6,75.19873600163665,33.27427186025017,0.4537605047225952,0.07975459843873978
2025,6,75.35055128465284,33.47387751638152,0.29575154185295105,-0.0776294618844986
2025,6,75.71382998555077,32.738965782443344,0.6483708620071411,0.1328846514225006
2025,6,75.422326675854,33.030558923668536,0.3394622802734375,0.11496467888355255
2025,6,74.85674737297234,33.19135735952593,0.895189106464386,0.2886436879634857
2025,6,74.84785405165955,32.65676993394641,0.3417167067527771,0.05006209388375282
2025,6,74.50119418351784,33.46381638519939,0.4923786520957947,0.25541964173316956
2025,6,75.83752800017403,33.19971169166824,0.5969808101654053,0.07844233512878418
2025,6,75.0022744489997,32.599996407990055,0.1104455292224884,-0.13847753405570984
2025,6,75.52724990103916,33.10718521740394,0.8162186741828918,0.3417927324771881
2025,6,75.69271957637397,33.468487624676804,0.7899671792984009,0.20467883348464966
2025,6,75.16028810747633,33.40946831051016,0.5662208199501038,0.06231030076742172
2025,6,75.49571903456656,32.61742372450197,0.33112215995788574,-0.005937234964221716
2025,6,75.0954297439629,33.38180019975927,0.7526251673698425,0.3152156174182892
2025,6,74.93247535142362,33.292597492046205,0.5284990668296814,0.15924546122550964
2025,6,74.82970808292035,32.94450031944989,0.5343316197395325,0.09087303280830383
2025,6,74.6474399117725,33.11167679382453,0.1763467937707901,-0.04995341598987579
2025,6,74.63037192137422,33.45698918904007,0.00996108166873455,0.04982713609933853
2025,6,74.77473118753223,32.88530134222641,0.12597133219242096,-0.021172024309635162
2025,6,75.57351313817131,32.68758214819171,0.5467933416366577,0.22176359593868256
2025,6,75.79162408915553,33.21372541010051,0.3452889323234558,-0.13928067684173584
2025,6,75.11393503881577,32.58274875453496,0.23375000059604645,-0.09821836650371552
2025,6,74.62543118731156,33.226750981720244,0.5362075567245483,0.11423151195049286
2025,6,75.44137095987733,32.7919663842064,0.8318192362785339,0.30631229281425476
2025,6,75.2863217418383,33.411354772606806,0.10904309153556824,0.15261080861091614
2025,6,75.62247132115583,32.84775176335022,-0.04265403002500534,0.28275108337402344
2025,7,74.90103431647944,33.191986180224816,0.14826840162277222,0.0267327930778265
2025,7,74.91334123587187,32.883953869300235,0.22063815593719482,0.08969696611166
2025,7,75.10055014108238,32.98483467570686,0.09833857417106628,0.03864118829369545
2025,7,74.61662769752719,32.841014398719324,0.4164164662361145,0.13311167061328888
2025,7,75.33689689233422,33.461390933932265,0.5360443592071533,0.1445736438035965
2025,7,74.61519039307261,32.58364706981908,0.447467178106308,0.09510290622711182
2025,7,75.05087330587057,32.91961698607978,0.4269556999206543,0.0880344957113266
2025,7,74.88261885315498,33.28451265448913,0.6851894855499268,0.2167198210954666
2025,7,75.52069219946509,33.49489809402992,0.5127882361412048,0.16706743836402893
2025,7,74.84938118764256,32.829336300025766,0.7963661551475525,0.2984760105609894
2025,7,74.69289466514894,32.6740175874015,0.507722020149231,0.15064457058906555
2025,7,74.52140627741052,32.6492240855598,-0.004660564474761486,0.07475529611110687
2025,7,75.84291789187876,33.422493882129885,0.1646471917629242,0.14862096309661865
2025,7,74.90893949097969,32.7183045309086,0.7272530794143677,0.2301062047481537
2025,7,74.93741608548628,33.05023202839076,-0.029243698343634605,0.03614674136042595
2025,7,74.83923022493201,33.3384115715363,0.04125508293509483,-0.06178010627627373
2025,7,74.50685356980779,32.815951402292384,0.481986939907074,0.29944154620170593
2025,7,74.73179171695132,33.284422822960714,-0.011721973307430744,0.09415800869464874
2025,7,74.55742872030372,33.236093460675086,0.25552964210510254,0.06456068158149719
2025,7,75.01323389546596,32.89365567436872,0.24023668467998505,0.14410480856895447
2025,7,75.08339231915569,33.26439039212485,0.7219324111938477,0.227089062333107
2025,7,75.309588107697,33.385752787009395,0.6070510745048523,0.17792731523513794
2025,7,74.87839677131963,32.765376251796454,0.7927020192146301,0.2733343839645386
2025,7,75.62022553294553,33.35143714315603,0.13631905615329742,0.08010555803775787
2025,7,75.08617709653647,32.84424833374215,0.610675036907196,0.11906926333904266
2025,7,75.08069737330334,32.91916782843772,0.41386643052101135,0.061811212450265884
2025,7,74.55176933401377,33.35673720333234,0.7051792740821838,0.3559536933898926
2025,7,74.68723527885899,33.204382931145666,0.8036190867424011,0.20906083285808563
2025,7,74.83060639820447,32.78370188359249,0.795121967792511,0.2792584002017975
2025,7,74.94738738514,32.95096818949555,0.21042084693908691,0.2195860743522644
2025,7,74.76251409966821,33.02993010296966,0.7673650979995728,0.287964403629303
2025,7,75.01736614577291,32.716058742698294,0.6495643854141235,0.15721562504768372
2025,7,74.77176674709463,33.31604352096172,0.37882933020591736,0.16006100177764893
2025,7,75.21382769840986,33.47549448389294,0.41558700799942017,0.04028123617172241
2025,7,74.88468497830846,33.45914514572196,0.36873355507850647,0.14415451884269714
2025,7,74.6940624750183,32.62011867035433,0.3074324429035187,0.2023300975561142
2025,7,75.03623076673942,33.20447276267408,0.6509894728660583,0.11007430404424667
2025,7,74.92322270399718,33.10044785277304,0.7590497732162476,0.2407739907503128
2025,7,74.82674364248275,33.33383016358729,0.773345410823822,0.1861734390258789
2025,7,74.61716668669767,33.4346211384655,0.030858244746923447,0.1762436330318451
2025,7,74.64582294426108,32.66135134189542,0.307256817817688,0.0658833384513855
2025,7,75.07701428063845,32.53953978936881,0.05314960703253746,-0.042076993733644485
2025,7,75.67753804807235,33.37685946569661,0.6312223672866821,0.2675669491291046
2025,7,74.74868004429277,32.64042059577543,0.15018315613269806,-0.09621710330247879
2025,7,75.66343449811167,33.4864539303592,0.4244686961174011,0.1580667793750763
2025,7,74.85710669908599,33.042955674589386,0.6391576528549194,0.12171372771263123
2025,7,74.87381536337061,33.49301163193327,0.004731182940304279,-0.05943343788385391
2025,7,74.58006626546353,32.811190331286554,0.38963523507118225,0.07368097454309464
2025,7,74.97703178951595,33.20402360503202,-0.02558746747672558,0.1368517279624939
2025,7,74.74463762551423,32.71138750322088,0.4336569607257843,0.06768427044153214
2025,7,75.83025164637267,33.36446271477577,0.3481717109680176,-0.02295306697487831
2025,7,74.8571965306144,32.80346481984312,0.8153241872787476,0.28351160883903503
2025,7,75.09821452134366,32.75531512061432,0.5714285969734192,0.1305241584777832
2025,7,75.08626692806489,33.14805856283137,0.550693690776825,0.11640414595603943
2025,7,75.39052631479616,33.49319129499009,0.6827166676521301,0.3052061200141907
2025,7,74.79269749321462,33.18515898406551,0.8117427825927734,0.2672750949859619
2025,7,75.87813185101624,33.43641776903374,0.21418234705924988,0.07736757397651672
2025,7,74.78326518273137,32.75504562602908,0.6642066240310669,0.25212562084198
2025,7,74.81264009252207,32.527502364561606,0.4272076487541199,0.001640689093619585
2025,7,74.79997384701599,32.928240812807324,0.4521864354610443,0.04748700186610222
2025,7,74.56165080213908,33.43327366553932,0.035157665610313416,0.29947957396507263
2025,7,74.54134887671798,32.6732989351742,0.4584353566169739,0.23567354679107666
2025,7,75.72739454634099,33.382249357401335,0.19565217196941376,-0.07746835798025131
2025,7,75.2961133784352,33.4180921372377,0.5175315737724304,0.1916610598564148
2025,7,75.77976632740516,33.496604893069744,0.5333927273750305,0.19117097556591034
2025,7,74.80132131994218,33.33203353301905,0.6917170286178589,0.16322723031044006
2025,7,74.5076620535635,33.473967347909934,-0.04542228579521179,0.1513587385416031
2025,7,74.9549332335266,32.74282853816506,0.4848484992980957,0.16458705067634583
2025,7,75.10432306527568,33.36787631285542,0.5529680252075195,0.3103542625904083
2025,7,75.11564183785559,33.35925248612787,0.2685430943965912,0.13774104416370392
2025,7,74.92744478583255,32.62658654039999,0.37507525086402893,0.07129456102848053
2025,7,74.66872998400613,32.73384538532386,0.4062345325946808,0.05084118992090225
2025,7,75.04781903390456,32.96210729901863,0.752204179763794,0.2567814886569977
2025,7,74.7332290214059,32.772113616427355,0.2405063360929489,0.23032350838184357
2025,7,75.09632805924701,32.769508502103406,0.43829354643821716,0.17267081141471863
2025,7,74.90489707220115,32.773281426296705,0.06831728667020798,-0.049949031323194504
2025,7,74.72900693957055,33.08948840630678,0.4156641662120819,0.11725936830043793
2025,7,74.95232811920266,32.996243279815175,0.06821480393409729,0.05117829144001007
2025,7,74.70960332943356,32.62901199166711,0.13458262383937836,0.16298021376132965
2025,7,74.69010988776817,32.739145445500164,0.3446395993232727,0.3218219578266144
2025,7,74.93472113963392,33.36203726350864,0.7800796627998352,0.2761850655078888
2025,7,74.85108798668239,33.41503786527169,0.3668643832206726,0.22389830648899078
2025,7,74.83393016475571,32.645271498309675,0.39355581998825073,0.06955178081989288
2025,7,74.9338228243498,33.19845405027048,-0.009863785468041897,0.13135650753974915
2025,7,75.68580254868625,33.492831968876445,0.32942989468574524,0.09559613466262817
2025,7,74.81326891322095,33.08131373722129,0.6376811861991882,0.18391019105911255
2025,7,75.0803380471897,33.12416337627379,0.7531800866127014,0.25035810470581055
2025,7,75.35055128465284,33.47387751638152,0.32858991622924805,-0.03726271539926529
2025,7,74.85674737297234,33.19135735952593,0.8271604776382446,0.23333333432674408
2025,7,74.84785405165955,32.65676993394641,0.2522149980068207,-0.008187134750187397
2025,7,74.50119418351784,33.46381638519939,-0.04873949661850929,0.18836639821529388
2025,7,75.0022744489997,32.599996407990055,0.36087605357170105,-0.0016432353295385838
2025,7,75.69271957637397,33.468487624676804,0.1753554493188858,0.09843400120735168
2025,7,75.16028810747633,33.40946831051016,0.36155492067337036,0.19519953429698944
2025,7,75.0954297439629,33.38180019975927,0.5343523621559143,0.33727192878723145
2025,7,74.93247535142362,33.292597492046205,0.15294118225574493,0.029297955334186554
2025,7,74.82970808292035,32.94450031944989,0.7013142108917236,0.20923912525177002
2025,7,74.6474399117725,33.11167679382453,0.842981219291687,0.3551100790500641
2025,7,74.63037192137422,33.45698918904007,0.3447099030017853,0.09477262943983078
2025,7,74.77473118753223,32.88530134222641,0.49967679381370544,0.32685157656669617
2025,7,74.62543118731156,33.226750981720244,0.3995930552482605,0.1307777315378189
2025,7,75.2863217418383,33.411354772606806,0.6433799266815186,0.20253165066242218
2025,8,74.90103431647944,33.191986180224816,0.7402908802032471,0.1996126025915146
2025,8,75.35980393207927,33.281099056409474,0.6750538945198059,0.12506036460399628
2025,8,74.91334123587187,32.883953869300235,0.5152610540390015,0.01678573712706566
2025,8,75.10055014108238,32.98483467570686,0.8304991722106934,0.26189133524894714
2025,8,75.2930591064692,32.6146389471212,-0.01859116554260254,0.041636496782302856
2025,8,74.61662769752719,32.841014398719324,0.8404157757759094,0.2797619104385376
2025,8,75.45969659167336,33.1685401513093,0.23122413456439972,0.013138686306774616
2025,8,75.35082077923808,33.33329117441682,0.1717723160982132,0.023761151358485222
2025,8,75.41819442554704,32.9144965889603,0.7721172571182251,0.24831178784370422
2025,8,75.3735481559263,33.2669955064488,0.6426774263381958,0.043144773691892624
2025,8,75.33689689233422,33.461390933932265,0.7431862354278564,0.18428170680999756
2025,8,75.30329990070815,33.24866987465276,0.7836917042732239,0.2545672357082367
2025,8,75.10486205444616,32.86859267794179,0.6806083917617798,0.14751003682613373
2025,8,74.61519039307261,32.58364706981908,0.6819064021110535,0.20164774358272552
2025,8,75.05087330587057,32.91961698607978,0.40824466943740845,0.09948186576366425
2025,8,75.31659496691313,32.53900080019834,0.8662420511245728,0.259722501039505
2025,8,74.88261885315498,33.28451265448913,0.7395046949386597,0.22792410850524902
2025,8,75.52069219946509,33.49489809402992,0.03701665997505188,0.1263752281665802
2025,8,75.53272962427228,32.817658201332215,0.6600345969200134,0.45709946751594543
2025,8,74.84938118764256,32.829336300025766,0.6832907199859619,0.25787296891212463
2025,8,74.69289466514894,32.6740175874015,0.548005998134613,0.18527157604694366
2025,8,75.68715002161242,32.75693208812573,-0.030581196770071983,0.18982213735580444
2025,8,74.52140627741052,32.6492240855598,0.810227632522583,0.3123623728752136
2025,8,75.51449382400466,32.79555964534287,0.03625353425741196,0.09795534610748291
2025,8,75.84291789187876,33.422493882129885,0.156335711479187,0.039901476353406906
2025,8,75.23610591745602,33.06469490446508,0.7101559638977051,0.15742051601409912
2025,8,75.18319514722138,33.26942095771592,0.48006701469421387,0.12761613726615906
2025,8,75.28299797528706,32.8912302231016,0.8152649402618408,0.35142961144447327
2025,8,75.39420940746105,32.91485591507394,0.8621918559074402,0.2922506034374237
2025,8,75.54557553283519,32.77579670909224,0.007991750724613667,0.02678571455180645
2025,8,74.90893949097969,32.7183045309086,0.542528510093689,0.1842028796672821
2025,8,75.17897306538602,33.23483581927732,0.6854928135871887,0.17893105745315552
2025,8,74.93741608548628,33.05023202839076,0.3269388973712921,0.06404615938663483
2025,8,75.4885325122936,32.926803508352734,0.5086848735809326,0.1407129466533661
2025,8,75.27608094759934,33.069186480885676,0.6518816947937012,0.07854322344064713
2025,8,75.50982258452723,32.61607625157579,0.5150431990623474,0.048443619161844254
2025,8,75.45583383595165,32.671951462248025,0.81822270154953,0.25263485312461853
2025,8,74.83923022493201,33.3384115715363,0.014336958527565002,-0.07404107600450516
2025,8,75.75946440198405,32.81828702203109,0.381350040435791,-0.002261874731630087
2025,8,75.7448218628529,32.881258923447874,0.8022395372390747,0.2494736909866333
2025,8,75.51215820426594,32.93174424241539,0.6832508444786072,0.08096352964639664
2025,8,74.50685356980779,32.815951402292384,0.8137001991271973,0.34563758969306946
2025,8,74.73179171695132,33.284422822960714,0.0538172721862793,0.18060483038425446
2025,8,75.18894436503975,32.59038443444997,0.8614656925201416,0.2437213659286499
2025,8,74.55742872030372,33.236093460675086,0.6219466328620911,0.15713346004486084
2025,8,75.01323389546596,32.89365567436872,0.8182723522186279,0.25089913606643677
2025,8,75.08339231915569,33.26439039212485,0.746967077255249,0.23854660987854004
2025,8,75.309588107697,33.385752787009395,0.7773153185844421,0.24267101287841797
2025,8,74.87839677131963,32.765376251796454,0.8187474012374878,0.2998366951942444
2025,8,75.62022553294553,33.35143714315603,0.7705998420715332,0.13631589710712433
2025,8,75.08617709653647,32.84424833374215,0.7345382571220398,0.18326616287231445
2025,8,75.14834051419754,33.13656012719464,0.798820436000824,0.20210203528404236
2025,8,75.48278329447524,32.997411089684526,0.8173669576644897,0.24961479008197784
2025,8,75.77168148984808,32.63754598686625,-0.04820261523127556,0.22277617454528809
2025,8,75.57117751843259,33.33535729957029,0.2290954291820526,0.11821267008781433
2025,8,75.17448148896541,33.13961439916065,0.6119828820228577,0.21309715509414673
2025,8,75.82692787982143,32.848919573219575,0.6808122992515564,0.07064676284790039
2025,8,75.08069737330334,32.91916782843772,0.45624351501464844,-0.08158813416957855
2025,8,75.5291363631358,33.02561818960588,0.7216770648956299,0.3014160394668579
2025,8,75.59103028621163,33.301850139472634,0.5138022899627686,0.026260187849402428
2025,8,75.38190248806862,33.194591294548765,0.794051468372345,0.2604038715362549
2025,8,74.55176933401377,33.35673720333234,0.5214868783950806,0.1494487076997757
2025,8,75.56219436559141,32.9445901509783,0.8291988372802734,0.2929002642631531
2025,8,75.37291933522742,33.14814839435979,0.34122955799102783,-0.005229031667113304
2025,8,74.68723527885899,33.204382931145666,0.8440678119659424,0.2523784935474396
2025,8,74.83060639820447,32.78370188359249,0.7631139159202576,0.30279478430747986
2025,8,74.94738738514,32.95096818949555,0.3200012147426605,0.11099382489919662
2025,8,74.76251409966821,33.02993010296966,0.875925600528717,0.3100909888744354
2025,8,75.01736614577291,32.716058742698294,0.8159393072128296,0.28176796436309814
2025,8,74.77176674709463,33.31604352096172,0.09329336881637573,0.09936893731355667
2025,8,75.21382769840986,33.47549448389294,0.6537550687789917,0.08364326506853104
2025,8,74.88468497830846,33.45914514572196,0.36738768219947815,0.07817072421312332
2025,8,75.74724731412003,32.777323845075244,0.5567423105239868,0.12061508744955063
2025,8,74.6940624750183,32.62011867035433,0.7756357789039612,0.34146979451179504
2025,8,75.03623076673942,33.20447276267408,0.7207865118980408,0.1029888391494751
2025,8,74.92322270399718,33.10044785277304,0.8280408978462219,0.29759079217910767
2025,8,75.60666097215532,32.9859126540478,0.7970284819602966,0.3358292877674103
2025,8,75.81111753082092,32.536126191289156,0.8986089825630188,0.22815437614917755
2025,8,74.82674364248275,33.33383016358729,0.768923282623291,0.2339170128107071
2025,8,75.28326746987229,32.59155224431933,0.47493404150009155,0.12080200761556625
2025,8,74.61716668669767,33.4346211384655,-0.007741834502667189,0.10694906860589981
2025,8,75.74248624311419,32.95833437482533,0.7710667252540588,0.3643527328968048
2025,8,74.64582294426108,32.66135134189542,0.5131567716598511,0.21523034572601318
2025,8,75.07701428063845,32.53953978936881,0.021496599540114403,-0.1564044952392578
2025,8,75.67753804807235,33.37685946569661,0.7494990229606628,0.31212425231933594
2025,8,74.74868004429277,32.64042059577543,0.1955689787864685,-0.06388572603464127
2025,8,75.66343449811167,33.4864539303592,0.8020068407058716,0.340375691652298
2025,8,75.70251121297088,32.503158020361965,-0.4749785363674164,0.05097413808107376
2025,8,74.85710669908599,33.042955674589386,0.7903679013252258,0.170806422829628
2025,8,75.86411813258397,32.62470007830334,0.8503401279449463,0.29177796840667725
2025,8,75.35091061076649,32.60987787611537,0.5908271074295044,0.19489064812660217
2025,8,74.87381536337061,33.49301163193327,-0.08313669264316559,-0.2334013283252716
2025,8,74.58006626546353,32.811190331286554,0.5891976356506348,0.15394242107868195
2025,8,74.97703178951595,33.20402360503202,0.18436135351657867,0.1423226147890091
2025,8,75.69577384833998,32.613830463365495,0.6845564246177673,0.23732903599739075
2025,8,74.74463762551423,32.71138750322088,0.5305113792419434,0.09862960129976273
2025,8,75.83025164637267,33.36446271477577,0.49386322498321533,0.0013712047366425395
2025,8,75.20026313761964,33.05912534970354,0.04205204173922539,0.06075822189450264
2025,8,74.8571965306144,32.80346481984312,0.8579709529876709,0.30036038160324097
2025,8,75.09821452134366,32.75531512061432,0.6704000234603882,0.25433292984962463
2025,8,75.27365549633221,33.166653689212644,0.8337588906288147,0.2383141815662384
2025,8,75.19002234338069,33.289722883137024,0.7866194844245911,0.20949721336364746
2025,8,75.74437270521084,33.16315025960458,0.4655963182449341,-0.05385896563529968
2025,8,75.08626692806489,33.14805856283137,0.6391852498054504,0.11502089351415634
2025,8,75.39052631479616,33.49319129499009,0.8064397573471069,0.317573606967926
2025,8,75.46715260853156,32.62703569804205,0.679781436920166,0.13978494703769684
2025,8,74.79269749321462,33.18515898406551,0.8545292019844055,0.24654622375965118
2025,8,75.71508762694855,33.21821698652111,0.38150903582572937,0.24045801162719727
2025,8,75.2487721629621,32.78891211224039,0.6687004566192627,0.1705542504787445
2025,8,75.63926981696886,32.82403623984946,0.036496348679065704,-0.02068965509533882
2025,8,75.87813185101624,33.43641776903374,0.6676737070083618,-0.010989011265337467
2025,8,74.78326518273137,32.75504562602908,0.7405776381492615,0.27770453691482544
2025,8,75.82046000977577,33.16297059654776,0.3832991123199463,-0.18491631746292114
2025,8,75.4501744496617,33.073049236607396,0.800000011920929,0.20770345628261566
2025,8,74.81264009252207,32.527502364561606,0.6483027338981628,0.33579015731811523
2025,8,75.13432679576528,32.99561445911629,0.5186522006988525,0.08140531182289124
2025,8,74.79997384701599,32.928240812807324,0.37488657236099243,0.03193392604589462
2025,8,74.56165080213908,33.43327366553932,-0.00581703707575798,0.22652103006839752
2025,8,74.54134887671798,32.6732989351742,0.8056195378303528,0.34583261609077454
2025,8,75.71859105655662,33.15982649305334,0.8384092450141907,0.25197121500968933
2025,8,75.72739454634099,33.382249357401335,0.22929225862026215,-0.11287254095077515
2025,8,75.1991851592787,33.01402992244074,0.8466076850891113,0.20807017385959625
2025,8,75.7778798653085,32.8213412939971,0.7537091970443726,0.07945205271244049
2025,8,75.32962053853286,33.19090820188387,0.6159543991088867,0.1337197721004486
2025,8,75.37983636291514,32.69539749116355,0.5177797079086304,0.09477635473012924
2025,8,75.31354069494712,32.854578959509524,0.8728582262992859,0.2976600229740143
2025,8,75.2961133784352,33.4180921372377,0.7623762488365173,0.12205932289361954
2025,8,75.77976632740516,33.496604893069744,0.7919787764549255,0.27610617876052856
2025,8,74.80132131994218,33.33203353301905,0.7394636273384094,0.1499493420124054
2025,8,75.80105639963878,32.73312673309657,0.15094339847564697,0.040120359510183334
2025,8,75.36887691644888,32.81352595102526,0.8009248971939087,0.3076431155204773
2025,8,75.2193972531714,33.06505423057873,0.033740829676389694,0.0728241577744484
2025,8,74.5076620535635,33.473967347909934,0.008604206144809723,0.1299283802509308
2025,8,74.9549332335266,32.74282853816506,0.5375312566757202,0.21106906235218048
2025,8,75.10432306527568,33.36787631285542,0.829293966293335,0.3035179674625397
2025,8,75.11564183785559,33.35925248612787,0.7363265156745911,0.09048961848020554
2025,8,74.92744478583255,32.62658654039999,0.6614809036254883,0.2283029705286026
2025,8,74.66872998400613,32.73384538532386,0.7278807759284973,0.28320205211639404
2025,8,75.53524490706782,33.233398514822724,0.013613647781312466,0.0427229218184948
2025,8,75.45206091175835,32.9746837129963,0.7611650228500366,0.22567567229270935
2025,8,75.6598412369752,32.52552607093654,0.7769097089767456,0.2809663414955139
2025,8,75.04781903390456,32.96210729901863,0.8656471967697144,0.26965248584747314
2025,8,74.7332290214059,32.772113616427355,0.7885668277740479,0.31875765323638916
2025,8,75.09632805924701,32.769508502103406,0.7654879093170166,0.17550437152385712
2025,8,75.78183245255863,32.91907799690931,0.8367428779602051,0.35133540630340576
2025,8,74.90489707220115,32.773281426296705,0.0690009668469429,-0.12638936936855316
2025,8,75.66244635129914,32.525615902464956,0.9012653231620789,0.2898700535297394
2025,8,74.72900693957055,33.08948840630678,0.7834757566452026,0.1808757483959198
2025,8,74.95232811920266,32.996243279815175,0.7745989561080933,0.26471495628356934
2025,8,75.40966043034791,32.58095212396672,0.8401297330856323,0.27194106578826904
2025,8,74.70960332943356,32.62901199166711,0.5776248574256897,0.2785591781139374
2025,8,75.871753812499,32.75962703397809,0.19838781654834747,0.04592534527182579
2025,8,74.69010988776817,32.739145445500164,0.6021900773048401,0.17409023642539978
2025,8,75.46418816809397,33.33293184830317,0.7854027152061462,0.3426634669303894
2025,8,74.93472113963392,33.36203726350864,0.6255761981010437,0.11888657510280609
2025,8,75.49104779508913,32.51483611905552,-0.04394083470106125,0.11509906500577927
2025,8,74.85108798668239,33.41503786527169,0.7465679049491882,0.19122593104839325
2025,8,75.62938834884355,33.338142076951065,0.7639135122299194,0.32622602581977844
2025,8,75.56354183851758,33.10368178779587,0.7541463375091553,0.2751772999763489
2025,8,74.83393016475571,32.645271498309675,0.631454586982727,0.13753767311573029
2025,8,75.13118269227085,32.6439240253835,-0.039515841752290726,0.20878136157989502
2025,8,75.40139592973401,32.693960186708956,0.05844930559396744,-0.0050457860343158245
2025,8,75.23179400409224,33.13386518134229,0.606783926486969,0.10306166112422943
2025,8,74.9338228243498,33.19845405027048,0.4252019226551056,0.07569433003664017
2025,8,75.28129117624722,33.06092198027178,0.720118522644043,0.22600328922271729
2025,8,75.4337352799623,32.743906516506,-0.02015521191060543,0.14931237697601318
2025,8,75.68580254868625,33.492831968876445,0.3398502469062805,0.0896071270108223
2025,8,75.14196247568029,32.66180049953748,0.8336557149887085,0.2157742828130722
2025,8,75.14510657917471,33.20950332826515,0.8009478449821472,0.23577235639095306
2025,8,75.3795668683299,32.91764069245472,0.09577526897192001,0.08545135706663132
2025,8,74.81326891322095,33.08131373722129,0.8239192366600037,0.24758541584014893
2025,8,75.86384863799874,33.10601740753458,0.7142282128334045,0.171342134475708
2025,8,75.72739454634099,32.74462516873329,-0.03689168021082878,0.19343465566635132
2025,8,75.0803380471897,33.12416337627379,0.8143299221992493,0.2646424472332001
2025,8,75.19873600163665,33.27427186025017,0.7359323501586914,0.30838531255722046
2025,8,75.35055128465284,33.47387751638152,0.30986639857292175,-0.11989962309598923
2025,8,75.71382998555077,32.738965782443344,-0.045676276087760925,0.16900929808616638
2025,8,75.422326675854,33.030558923668536,0.16571427881717682,0.017738359048962593
2025,8,74.85674737297234,33.19135735952593,0.8660978674888611,0.24214546382427216
2025,8,74.84785405165955,32.65676993394641,0.6154689192771912,0.1564156860113144
2025,8,74.50119418351784,33.46381638519939,-0.012523481622338295,0.0929567739367485
2025,8,75.83752800017403,33.19971169166824,0.7940132021903992,0.1911740005016327
2025,8,75.0022744489997,32.599996407990055,0.6060686707496643,0.06933853775262833
2025,8,75.52724990103916,33.10718521740394,0.8201229572296143,0.24606865644454956
2025,8,75.69271957637397,33.468487624676804,0.885717511177063,0.3136107921600342
2025,8,75.16028810747633,33.40946831051016,0.7095115780830383,0.17097170650959015
2025,8,75.49571903456656,32.61742372450197,0.6327513456344604,0.1406940072774887
2025,8,75.0954297439629,33.38180019975927,0.7950900197029114,0.36904177069664
2025,8,74.93247535142362,33.292597492046205,0.8567233681678772,0.3622541129589081
2025,8,74.82970808292035,32.94450031944989,0.8145180344581604,0.2729574143886566
2025,8,74.6474399117725,33.11167679382453,0.713964581489563,0.19431279599666595
2025,8,74.63037192137422,33.45698918904007,0.3740902543067932,0.048685237765312195
2025,8,74.77473118753223,32.88530134222641,0.787520706653595,0.313701868057251
2025,8,75.57351313817131,32.68758214819171,-0.023780733346939087,0.1907571256160736
2025,8,75.79162408915553,33.21372541010051,0.36086663603782654,-0.1804281324148178
2025,8,75.11393503881577,32.58274875453496,-0.017844397574663162,0.042424242943525314
2025,8,74.62543118731156,33.226750981720244,0.18622933328151703,0.14917127788066864
2025,8,75.44137095987733,32.7919663842064,0.05888273939490318,0.012633859179913998
2025,8,75.2863217418383,33.411354772606806,0.7746102213859558,0.2159406840801239
2025,8,75.62247132115583,32.84775176335022,0.01859993301331997,0.0793764591217041
2025,9,74.90103431647944,33.191986180224816,0.6729910969734192,0.14887909591197968
2025,9,75.35980393207927,33.281099056409474,0.2859097123146057,0.11013488471508026
2025,9,74.91334123587187,32.883953869300235,0.4456459879875183,-0.01782633736729622
2025,9,75.10055014108238,32.98483467570686,0.24587911367416382,0.1738525778055191
2025,9,75.2930591064692,32.6146389471212,0.686073362827301,0.18417347967624664
2025,9,74.61662769752719,32.841014398719324,0.7068579196929932,0.3210754692554474
2025,9,75.45969659167336,33.1685401513093,0.21680277585983276,-0.015443885698914528
2025,9,75.35082077923808,33.33329117441682,0.5970883965492249,0.11001835763454437
2025,9,75.41819442554704,32.9144965889603,0.7183690071105957,0.25706079602241516
2025,9,75.3735481559263,33.2669955064488,0.42973095178604126,-0.006088560912758112
2025,9,75.33689689233422,33.461390933932265,0.7457627058029175,0.1399902105331421
2025,9,75.30329990070815,33.24866987465276,0.7266079783439636,0.19976839423179626
2025,9,75.10486205444616,32.86859267794179,0.5690692663192749,0.11338160932064056
2025,9,74.61519039307261,32.58364706981908,0.5540496706962585,0.08331660181283951
2025,9,75.05087330587057,32.91961698607978,0.4081951975822449,0.10046443343162537
2025,9,75.31659496691313,32.53900080019834,0.666326105594635,0.19517898559570312
2025,9,74.88261885315498,33.28451265448913,0.6797385811805725,0.15693174302577972
2025,9,75.52069219946509,33.49489809402992,0.37563300132751465,0.027190333232283592
2025,9,75.53272962427228,32.817658201332215,0.7453258037567139,0.34414932131767273
2025,9,74.84938118764256,32.829336300025766,0.8238877654075623,0.34476086497306824
2025,9,74.69289466514894,32.6740175874015,0.06271123141050339,-0.08310383558273315
2025,9,75.68715002161242,32.75693208812573,0.49868646264076233,-0.0390557199716568
2025,9,74.52140627741052,32.6492240855598,0.7656726837158203,0.31085044145584106
2025,9,75.51449382400466,32.79555964534287,0.6025558114051819,0.18305055797100067
2025,9,75.84291789187876,33.422493882129885,0.6472184658050537,0.20192307233810425
2025,9,75.23610591745602,33.06469490446508,0.6518829464912415,0.12502409517765045
2025,9,75.18319514722138,33.26942095771592,0.3969922959804535,0.07960396260023117
2025,9,75.28299797528706,32.8912302231016,0.44851651787757874,0.15606537461280823
2025,9,75.39420940746105,32.91485591507394,0.7559465169906616,0.20906701683998108
2025,9,75.54557553283519,32.77579670909224,0.28361329436302185,0.07003982365131378
2025,9,74.90893949097969,32.7183045309086,0.7546777725219727,0.26366284489631653
2025,9,75.17897306538602,33.23483581927732,0.6793647408485413,0.20076873898506165
2025,9,74.93741608548628,33.05023202839076,0.28125,0.09337400645017624
2025,9,75.4885325122936,32.926803508352734,0.44747090339660645,0.03761180117726326
2025,9,75.27608094759934,33.069186480885676,0.5425658822059631,0.02359897270798683
2025,9,75.50982258452723,32.61607625157579,0.23695416748523712,0.007101187948137522
2025,9,75.45583383595165,32.671951462248025,0.7191709876060486,0.20376995205879211
2025,9,74.83923022493201,33.3384115715363,0.0006949270609766245,-0.08810172230005264
2025,9,75.75946440198405,32.81828702203109,0.7855515480041504,0.34229299426078796
2025,9,75.7448218628529,32.881258923447874,0.5260859131813049,0.04288674518465996
2025,9,75.51215820426594,32.93174424241539,0.2853507101535797,0.02022784762084484
2025,9,74.50685356980779,32.815951402292384,0.700472354888916,0.2629246711730957
2025,9,74.73179171695132,33.284422822960714,0.6567020416259766,0.16004148125648499
2025,9,75.18894436503975,32.59038443444997,0.7061892151832581,0.19305957853794098
2025,9,74.55742872030372,33.236093460675086,0.06461538374423981,0.15421214699745178
2025,9,75.01323389546596,32.89365567436872,0.6715789437294006,0.19758673012256622
2025,9,75.08339231915569,33.26439039212485,0.6528162360191345,0.1264946460723877
2025,9,75.309588107697,33.385752787009395,0.06287519633769989,0.11962617188692093
2025,9,74.87839677131963,32.765376251796454,0.7285491228103638,0.24932976067066193
2025,9,75.62022553294553,33.35143714315603,0.728253960609436,-0.033781569451093674
2025,9,75.08617709653647,32.84424833374215,0.6569620370864868,0.14936169981956482
2025,9,75.14834051419754,33.13656012719464,0.676028311252594,0.09166312217712402
2025,9,75.48278329447524,32.997411089684526,0.7627593278884888,0.21533909440040588
2025,9,75.77168148984808,32.63754598686625,0.012381087988615036,0.16751448810100555
2025,9,75.57117751843259,33.33535729957029,0.1989395171403885,0.06370227783918381
2025,9,75.17448148896541,33.13961439916065,0.4670944809913635,0.1242825910449028
2025,9,75.82692787982143,32.848919573219575,0.3810198903083801,0.08784841746091843
2025,9,75.08069737330334,32.91916782843772,0.3528349697589874,-0.06281701475381851
2025,9,75.5291363631358,33.02561818960588,0.7336874604225159,0.2285783439874649
2025,9,75.59103028621163,33.301850139472634,0.32063761353492737,0.03810891509056091
2025,9,75.38190248806862,33.194591294548765,0.6103050112724304,0.1198236420750618
2025,9,74.55176933401377,33.35673720333234,0.6473714113235474,0.22071442008018494
2025,9,75.56219436559141,32.9445901509783,0.7870729565620422,0.23618219792842865
2025,9,75.37291933522742,33.14814839435979,0.38946422934532166,0.025847405195236206
2025,9,74.68723527885899,33.204382931145666,0.7989144325256348,0.25495854020118713
2025,9,74.83060639820447,32.78370188359249,0.8160552978515625,0.2996005415916443
2025,9,74.94738738514,32.95096818949555,0.33761468529701233,0.03745783865451813
2025,9,74.76251409966821,33.02993010296966,0.8003696799278259,0.26699188351631165
2025,9,75.01736614577291,32.716058742698294,0.5257778763771057,0.1931380033493042
2025,9,74.77176674709463,33.31604352096172,0.6728291511535645,0.13752381503582
2025,9,75.21382769840986,33.47549448389294,0.5878437161445618,0.057644110172986984
2025,9,74.88468497830846,33.45914514572196,0.10038314014673233,0.024874715134501457
2025,9,75.74724731412003,32.777323845075244,0.4184933602809906,0.10219456255435944
2025,9,74.6940624750183,32.62011867035433,0.758698582649231,0.3110998868942261
2025,9,75.03623076673942,33.20447276267408,0.6404494643211365,0.08715023845434189
2025,9,74.92322270399718,33.10044785277304,0.7789739370346069,0.2524696886539459
2025,9,75.60666097215532,32.9859126540478,0.7751824855804443,0.3541108965873718
2025,9,75.81111753082092,32.536126191289156,0.7257887125015259,0.21243807673454285
2025,9,74.82674364248275,33.33383016358729,0.8456056714057922,0.2827644348144531
2025,9,75.28326746987229,32.59155224431933,0.6309934258460999,0.12600299715995789
2025,9,74.61716668669767,33.4346211384655,0.10795138031244278,0.07894076406955719
2025,9,75.74248624311419,32.95833437482533,0.7482636570930481,0.35844069719314575
2025,9,74.64582294426108,32.66135134189542,0.5761467814445496,0.21007218956947327
2025,9,75.07701428063845,32.53953978936881,0.0837557315826416,-0.07404520362615585
2025,9,75.67753804807235,33.37685946569661,0.748004138469696,0.32679739594459534
2025,9,74.74868004429277,32.64042059577543,0.2385786771774292,-0.09671448171138763
2025,9,75.66343449811167,33.4864539303592,0.7873070240020752,0.4221157133579254
2025,9,75.70251121297088,32.503158020361965,-0.3756678104400635,0.013724156655371189
2025,9,74.85710669908599,33.042955674589386,0.7205081582069397,0.21354281902313232
2025,9,75.86411813258397,32.62470007830334,0.3835638761520386,0.20778220891952515
2025,9,75.35091061076649,32.60987787611537,0.623232364654541,0.19208361208438873
2025,9,74.87381536337061,33.49301163193327,-0.06233350932598114,-0.2686817944049835
2025,9,74.58006626546353,32.811190331286554,0.5112219452857971,0.139740452170372
2025,9,74.97703178951595,33.20402360503202,0.4532981514930725,0.11185016483068466
2025,9,75.69577384833998,32.613830463365495,0.5564486980438232,0.23429910838603973
2025,9,74.74463762551423,32.71138750322088,0.5302942991256714,0.06058788299560547
2025,9,75.83025164637267,33.36446271477577,0.5697023272514343,0.1005631536245346
2025,9,75.20026313761964,33.05912534970354,0.5354163646697998,-0.033845607191324234
2025,9,74.8571965306144,32.80346481984312,0.8285714387893677,0.2706753611564636
2025,9,75.09821452134366,32.75531512061432,0.6560591459274292,0.18284869194030762
2025,9,75.27365549633221,33.166653689212644,0.5866521596908569,0.025249840691685677
2025,9,75.19002234338069,33.289722883137024,0.7130053043365479,0.08950930088758469
2025,9,75.74437270521084,33.16315025960458,0.4603758752346039,-0.02404937334358692
2025,9,75.08626692806489,33.14805856283137,0.5900355577468872,0.09104590117931366
2025,9,75.39052631479616,33.49319129499009,0.769257128238678,0.25649115443229675
2025,9,75.46715260853156,32.62703569804205,0.33274969458580017,0.03596630319952965
2025,9,74.79269749321462,33.18515898406551,0.830712616443634,0.21871599555015564
2025,9,75.71508762694855,33.21821698652111,0.5886059999465942,-0.011628451757133007
2025,9,75.2487721629621,32.78891211224039,0.6108911037445068,0.10706387460231781
2025,9,75.63926981696886,32.82403623984946,0.5389369130134583,0.14808101952075958
2025,9,75.87813185101624,33.43641776903374,0.7018927335739136,0.06410256773233414
2025,9,74.78326518273137,32.75504562602908,0.7110655903816223,0.24883155524730682
2025,9,75.82046000977577,33.16297059654776,0.5773126482963562,-0.004842821508646011
2025,9,75.4501744496617,33.073049236607396,0.8075366616249084,0.2538117468357086
2025,9,74.81264009252207,32.527502364561606,0.7932721972465515,0.31389424204826355
2025,9,75.13432679576528,32.99561445911629,0.47717514634132385,0.08962888270616531
2025,9,74.79997384701599,32.928240812807324,0.5710594058036804,0.08819133043289185
2025,9,74.56165080213908,33.43327366553932,0.628529965877533,0.23787498474121094
2025,9,74.54134887671798,32.6732989351742,0.5574468374252319,0.15109097957611084
2025,9,75.71859105655662,33.15982649305334,0.7847141027450562,0.240102156996727
2025,9,75.72739454634099,33.382249357401335,0.4196762144565582,0.0345887765288353
2025,9,75.1991851592787,33.01402992244074,0.7739478349685669,0.1451977640390396
2025,9,75.7778798653085,32.8213412939971,0.7567440271377563,0.19095100462436676
2025,9,75.32962053853286,33.19090820188387,0.3064729869365692,-0.07523801922798157
2025,9,75.37983636291514,32.69539749116355,0.0007150512537918985,0.14799001812934875
2025,9,75.31354069494712,32.854578959509524,0.7763473391532898,0.24628224968910217
2025,9,75.2961133784352,33.4180921372377,0.7301980257034302,0.07800312340259552
2025,9,75.77976632740516,33.496604893069744,0.7683993577957153,0.28280752897262573
2025,9,74.80132131994218,33.33203353301905,0.7965317964553833,0.06946588307619095
2025,9,75.80105639963878,32.73312673309657,0.5141341686248779,-0.03522127494215965
2025,9,75.36887691644888,32.81352595102526,0.6618272066116333,0.19654661417007446
2025,9,75.2193972531714,33.06505423057873,0.2688480317592621,0.06659232825040817
2025,9,74.5076620535635,33.473967347909934,0.3812544047832489,-0.053027454763650894
2025,9,74.9549332335266,32.74282853816506,0.6610638499259949,0.23930363357067108
2025,9,75.10432306527568,33.36787631285542,0.6799624562263489,0.13386762142181396
2025,9,75.11564183785559,33.35925248612787,0.691809356212616,0.10220078378915787
2025,9,74.92744478583255,32.62658654039999,0.6122400164604187,0.23045602440834045
2025,9,74.66872998400613,32.73384538532386,0.11267605423927307,-0.07207687944173813
2025,9,75.53524490706782,33.233398514822724,0.7763583660125732,0.29820066690444946
2025,9,75.45206091175835,32.9746837129963,0.027953224256634712,0.058240681886672974
2025,9,75.6598412369752,32.52552607093654,0.6780084371566772,0.22992819547653198
2025,9,75.04781903390456,32.96210729901863,0.7073834538459778,0.167791485786438
2025,9,74.7332290214059,32.772113616427355,0.739739716053009,0.33796730637550354
2025,9,75.09632805924701,32.769508502103406,0.7135935425758362,0.23065531253814697
2025,9,75.78183245255863,32.91907799690931,0.7441700100898743,0.296828031539917
2025,9,74.90489707220115,32.773281426296705,0.009640665724873543,-0.08313451707363129
2025,9,75.66244635129914,32.525615902464956,0.7926355600357056,0.24491003155708313
2025,9,74.72900693957055,33.08948840630678,0.6642857193946838,0.06410256773233414
2025,9,74.95232811920266,32.996243279815175,0.3902009129524231,0.18402881920337677
2025,9,75.40966043034791,32.58095212396672,0.675018846988678,0.1862076222896576
2025,9,74.70960332943356,32.62901199166711,0.7116104960441589,0.2841458022594452
2025,9,75.871753812499,32.75962703397809,0.7347261905670166,0.11156338453292847
2025,9,74.69010988776817,32.739145445500164,0.6792154312133789,0.20988725125789642
2025,9,75.46418816809397,33.33293184830317,0.7657184600830078,0.3671404719352722
2025,9,74.93472113963392,33.36203726350864,0.6313276886940002,0.010323422029614449
2025,9,75.49104779508913,32.51483611905552,0.6981875896453857,0.2975810468196869
2025,9,74.85108798668239,33.41503786527169,0.6521323323249817,0.023519571870565414
2025,9,75.62938834884355,33.338142076951065,0.6439816355705261,0.11354745924472809
2025,9,75.56354183851758,33.10368178779587,0.7545833587646484,0.27675172686576843
2025,9,74.83393016475571,32.645271498309675,0.6977452635765076,0.1843898445367813
2025,9,75.13118269227085,32.6439240253835,0.10874009132385254,0.023750778287649155
2025,9,75.40139592973401,32.693960186708956,0.5305774807929993,0.269853413105011
2025,9,75.23179400409224,33.13386518134229,0.5749613642692566,0.1067918986082077
2025,9,74.9338228243498,33.19845405027048,0.45636624097824097,0.09228021651506424
2025,9,75.28129117624722,33.06092198027178,0.6735185980796814,0.21086789667606354
2025,9,75.4337352799623,32.743906516506,0.5478093028068542,0.2537586987018585
2025,9,75.68580254868625,33.492831968876445,0.5496813654899597,0.06935152411460876
2025,9,75.14196247568029,32.66180049953748,0.6873635649681091,0.14656880497932434
2025,9,75.14510657917471,33.20950332826515,0.639305055141449,0.1166602298617363
2025,9,75.3795668683299,32.91764069245472,0.5161088705062866,-0.0613783597946167
2025,9,74.81326891322095,33.08131373722129,0.7216525077819824,0.16312624514102936
2025,9,75.86384863799874,33.10601740753458,0.5502931475639343,0.015468808822333813
2025,9,75.72739454634099,32.74462516873329,0.020671097561717033,0.20733784139156342
2025,9,75.0803380471897,33.12416337627379,0.7514435052871704,0.17441003024578094
2025,9,75.19873600163665,33.27427186025017,0.6022017598152161,0.1719960868358612
2025,9,75.35055128465284,33.47387751638152,0.328960657119751,-0.1255243569612503
2025,9,75.71382998555077,32.738965782443344,0.48521891236305237,0.12673567235469818
2025,9,75.422326675854,33.030558923668536,0.4729577302932739,0.05842078849673271
2025,9,74.85674737297234,33.19135735952593,0.866757333278656,0.24733136594295502
2025,9,74.84785405165955,32.65676993394641,0.6328594088554382,0.2082139402627945
2025,9,74.50119418351784,33.46381638519939,0.7867383360862732,0.2819831669330597
2025,9,75.83752800017403,33.19971169166824,0.666433572769165,0.03357880562543869
2025,9,75.0022744489997,32.599996407990055,0.42841559648513794,0.012653715908527374
2025,9,75.52724990103916,33.10718521740394,0.7645847797393799,0.21101288497447968
2025,9,75.69271957637397,33.468487624676804,0.7638495564460754,0.16640253365039825
2025,9,75.16028810747633,33.40946831051016,0.6204777956008911,0.09301270544528961
2025,9,75.49571903456656,32.61742372450197,0.37180498242378235,-0.036138296127319336
2025,9,75.0954297439629,33.38180019975927,0.7972211837768555,0.3424113392829895
2025,9,74.93247535142362,33.292597492046205,0.5391669869422913,0.19801980257034302
2025,9,74.82970808292035,32.94450031944989,0.7475906610488892,0.2710280418395996
2025,9,74.6474399117725,33.11167679382453,0.4595435559749603,0.010726072825491428
2025,9,74.63037192137422,33.45698918904007,0.31582894921302795,-0.03889424726366997
2025,9,74.77473118753223,32.88530134222641,0.7472887635231018,0.2600945830345154
2025,9,75.57351313817131,32.68758214819171,0.33611753582954407,0.17344041168689728
2025,9,75.79162408915553,33.21372541010051,0.4436999559402466,-0.11846335232257843
2025,9,75.11393503881577,32.58274875453496,0.11875514686107635,-0.10647128522396088
2025,9,74.62543118731156,33.226750981720244,0.6833395957946777,0.09457642585039139
2025,9,75.44137095987733,32.7919663842064,0.75441974401474,0.2801552712917328
2025,9,75.2863217418383,33.411354772606806,0.7750141620635986,0.17338402569293976
2025,9,75.62247132115583,32.84775176335022,0.05412253737449646,0.09457354247570038
